:020000040800F2
:1000000028380124E503000861E90008A9DE00089A
:1000100059E9000889090008D955010800000000C5
:1000200000000000000000000000000051F5000882
:10003000A11800080000000079ED0008E9F50008AB
:10004000FF030008FF030008FF030008FF03000888
:10005000FF030008FF030008FF030008FF03000878
:10006000FF030008FF030008FF030008E10C00087D
:10007000F10C0008010D0008110D0008210D000809
:10008000310D0008410D0008FF030008D1180008D9
:10009000E1180008FF030008FF030008FF03000841
:1000A000FF030008FF030008FF030008FF03000828
:1000B000FF030008FF03000809F80008FF03000819
:1000C000FF030008FF030008FF030008FF03000808
:1000D00021F10008591B0108FF030008FF03000875
:1000E000A9180008FF03000800000000FF03000833
:1000F000FF030008FF030008FF030008510D00087C
:10010000FF030008FF03000819F80008FF030008B8
:10011000FF03000829050108FF030008FF0300088A
:10012000610D0008710D0008FF030008FF030008BF
:10013000FF030008FF030008FF030008FF03000897
:1001400000000000000000000000000000000000AF
:10015000FF030008FF030008FF030008FF03000877
:10016000FF030008FF030008FF030008FF03000867
:10017000FF030008D9E90008FF03000800000000A1
:10018000FF030008FF0300083905010849050108BD
:10019000FF030008FF030008FF030008FF03000837
:1001A000FF030008FF030008FF0300080000000031
:1001B000FF030008FF030008FF030008FF03000817
:1001C000FF030008FF03000800000000000000001B
:1001D0000000000000000000FF0300080000000015
:1001E000000000000000000000000000000000000F
:1001F0000000000000000000FF030008FF030008EB
:10020000FF030008FF03000800000000FF030008D0
:10021000FF030008FF030008FF030008FF030008B6
:10022000FF03000800000000FF03000800000000BA
:10023000FF030008FF03000800000000FF030008A0
:10024000FF030008FF030008FF030008FF03000886
:10025000FF030008FF030008FF030008FF03000876
:10026000FF030008FF030008FF030008FF03000866
:10027000FF030008FF030008FF0300080000000060
:10028000FF030008FF030008FF030008FF03000846
:1002900000000000FF030008FF030008000000004A
:1002A00000000000FF030008FF03000859050108D3
:1002B000491B0108FF030008FF030008F1180008AC
:1002C000FF030008FF030008FF03000800F002F826
:1002D00000F078F814A696E8000CB244B344DA456E
:1002E00001D100F06FF8BAE80F000FA696E83000D1
:1002F000A5EB040504EB0607AAEB0704A7F1010729
:100300004FEA15154FEA3414A4F10104AC4201D3AD
:1003100000F058F813F0010F18BFFB1A43F0010367
:1003200000F001F8DBE7184744F3010064F3010033
:100330000A444FF0000C10F8013B13F0070408BF0B
:1003400010F8014B1D1108BF10F8015B641E05D0A9
:1003500010F8016B641E01F8016BF9D113F0080F5E
:100360001EBF10F8014BAD1C0C1B09D16D1E58BFF0
:1003700001F801CBFAD505E014F8016B01F8016B27
:100380006D1EF9D59142D6D370470000704700002A
:100390000023002400250026103A28BF78C1FBD88E
:1003A000520728BF30C148BF0B6070471FB51EF011
:1003B00084FF9DE8030000F0F9F900F0C5F91FBDC6
:1003C00010B510BD00F05CFA1146FFF7EFFF1EF00C
:1003D00067FC00F07AFA03B4FFF7F2FF03BC00F009
:1003E000ABFA00000948804709480047FEE7FEE7EE
:1003F000FEE7FEE7FEE7FEE7FEE7FEE7FEE7FEE7D5
:1004000004480549054A064B70470000C9F6000834
:10041000CD020008285800242838012428B80024D8
:1004200028B8002470B5064600F0A4F9056806F166
:100430000B0020F00704B4429CBF002070BD2B4687
:100440006A68BAB11068A04210D304F1080188426A
:100450003CBF5068586007D351681019416011685B
:10046000091B016058601460101D70BD134652686E
:10047000002AE7D12146284600F084F90028DED181
:1004800070BD70B50446051F00F074F90068002CBB
:1004900014BF446870BD002C18BFAC423CBF20465E
:1004A0006468F8D301680A18AA4218BF456003D1EE
:1004B0002A6805461144016028684119A1421CBF01
:1004C0006C6070BD6168696021680844286070BD17
:1004D00053EA020C00F069802DE9F04B4FF0000662
:1004E000002B1FBFB3FA83F503FA05F424FA05F6CF
:1004F0005E4012BF1643B2FA82F502FA05F4C5F166
:1005000020051EBF22FA05FC44EA0C04203556EAF9
:10051000044C4FEA144418BF641C4FF000084FF01D
:100520000009904271EB030C39D3002919BFB1FACD
:1005300081F701FA07F6B0FA80F700FA07F6C7F17B
:1005400020071EBF20FA07FC46EA0C062037B6FB40
:10055000F4FCA7EB0507103F07F01F0BCBF12006BB
:100560002CFA06F60CFA0BFB44BFB3460026202FEC
:10057000A4BF5E464FF0000B5BEA060C08BF4FF0CD
:10058000010B19EB0B0948EB0608ABFB027C06FBE1
:1005900002CC0BFB03CCC01B71EB0C01C1E70B467B
:1005A000024641464846BDE8F08B13B5084318BFE4
:1005B0004FF0FF300146AFF30080BDE81C407047AC
:1005C000032A40F2308010F0030C00F0158011F87F
:1005D000013BBCF1020F624498BF11F801CB00F857
:1005E000013B38BF11F8013BA2F1040298BF00F8AB
:1005F00001CB38BF00F8013B11F0030300F0258068
:10060000083AC0F0088051F8043B083A51F804CB8E
:10061000A0E80810F5E7121D5CBF51F8043B40F854
:10062000043BAFF30080D20724BF11F8013B11F85F
:1006300001CB48BF11F8012B24BF00F8013B00F8A3
:1006400001CB48BF00F8012B704710B5203AC0F02D
:100650000B80B1E81850A0E81850B1E81850A0E895
:100660001850203ABFF4F5AF5FEA027C24BFB1E82E
:100670001850A0E8185044BF18C918C0BDE8104071
:100680005FEA827C24BF51F8043B40F8043B08BF7A
:100690007047D20728BF31F8023B48BF11F8012B41
:1006A00028BF20F8023B48BF00F8012B70474FF0ED
:1006B00000020429C0F0128010F0030C00F01B802F
:1006C000CCF1040CBCF1020F18BF00F8012BA8BF3D
:1006D00020F8022BA1EB0C0100F00DB85FEAC17C01
:1006E00024BF00F8012B00F8012B48BF00F8012BB4
:1006F00070474FF0000200B51346944696462039E5
:1007000022BFA0E80C50A0E80C50B1F12001BFF4CA
:10071000F7AF090728BFA0E80C5048BF0CC05DF830
:1007200004EB890028BF40F8042B08BF704748BF7E
:1007300020F8022B11F0804F18BF00F8012B7047F2
:10074000704770477047000008487CB578440090B7
:1007500007487844009C0546019004E02046016863
:1007600008448047241DAC42F8D17CBD3CEF010019
:100770004AEF010000487047D801002470477047D5
:100780007047704738B504460A4600206946AFF303
:100790000080002808BF38BD02460099204600F0BE
:1007A0004DF8012038BD012000F062B8F8B5AFF374
:1007B0000080054600200C460C2000BF0646A81904
:1007C000A0420DD9324669460020AFF300800700F1
:1007D00008BF00F04DF80098A04218BF0546C419A4
:1007E000FFF7C8FF05600746F01D20F00700461917
:1007F000284600F00AF8B44208BFF8BDA21B3146F3
:100800003868BDE8F84000F019B800210160416087
:1008100070470C20704710B500F00CF8006810BD50
:1008200010B5044600F006F8046010BD004870479B
:10083000D001002400487047D001002403464068DE
:100840008C46002818BF88423CBF03464068F8D356
:1008500018681844884207D00CF1030020F0070004
:10086000001D411A521A0146081D0A60FFF709BE11
:1008700010B500F039F8BDE8104000F02FB870470F
:100880007546FFF7D3FFAE4605006946534620F094
:100890000700854618B020B5FFF7B2FDBDE820403F
:1008A0004FF000064FF000074FF000084FF0000B2C
:1008B000AC46ACE8C009ACE8C009ACE8C009ACE89B
:1008C000C00921F007018D46704710B50446AFF30B
:1008D00000802046BDE81040FFF77DBD002801D014
:1008E00000F02AB87047000010B5012805D000219B
:1008F00003A000F027F8012010BD09A1F8E70000CF
:1009000053494752544D454D3A204F7574206F66F8
:100910002068656170206D656D6F72790000000060
:100920003A2048656170206D656D6F727920636F44
:10093000727275707465640001491820ABBEFEE7E1
:100940002600020070B505460C460A2000E06D1C2A
:1009500000F011F835B128780028F8D102E0641CC5
:1009600000F009F814B120780028F8D1BDE87040F3
:100970000A20AFF3008008B569468DF80000032017
:10098000ABBE08BD00000000FFE7FEE7000000006E
:1009900080B594B013901291139800684AF2000148
:1009A000C4F20001884221D1FFE7139840F2882168
:1009B000C2F20041086012984863002008900A9033
:1009C0000B9002210C91012107910D910E900F9037
:1009D00044F66040C2F2004009900AA904F018FCF5
:1009E0000799089A099804F0CFFA61E01398006813
:1009F0004AF20041C4F2000188421FD1FFE7139878
:100A000040F22831C2F20041086012984863002089
:100A100005900A900B9002210C910D910E900F9071
:100A200044F60050C2F2004006900AA904F0F0FB20
:100A3000059A0698102104F0A7FA38E01398006888
:100A40004DF20041C4F2000188422FD1FFE7139814
:100A500040F28831C2F200410860129848630020D9
:100A600003900A900B90022101910C9101210291B7
:100A70000D910E900F9044F6A050C2F200400490E9
:100A80000AA904F0C5FB019A029B049869460B6011
:100A9000114604F049FC029A0498114604F064FBE4
:100AA0000299039A049804F06FFAFFE7FFE7FFE763
:100AB000139805F0E9FC14B080BD000000000000B0
:100AC00080B58EB00D90ADF832100B92ADF82A3093
:100AD000BDF832000190002002900390BDF82A007A
:100AE000082804DCFFE7BDF82A000490FFE7BDF802
:100AF0002A000C2803D1FFE709200490FFE7BDF886
:100B00002A00102803D1FFE70A200490FFE7BDF870
:100B10002A00142803D1FFE70B200490FFE7BDF85B
:100B20002A00182803D1FFE70C200490FFE7BDF846
:100B30002A00202803D1FFE70D200490FFE7BDF82D
:100B40002A00302803D1FFE70E200490FFE7BDF80C
:100B50002A00402803D1FFE70F200490FFE7002080
:100B6000059006900790089009900D980B9A01A99E
:100B700004F08AFA0EB080BD84B08DF80F000291A7
:100B8000ADF806209DF80F000146009123281DD8DE
:100B90000099DFE801F012131415161B1B1B1B1B19
:100BA0001B1B1B1B1B1B1B1B1B1B1B1B1B1B1B1B95
:100BB0001B1B1B1B1B1B1718191A08E007E006E07C
:100BC00005E004E003E002E001E000E0FFE70020D0
:100BD00004B07047000000000020704700000000D3
:100BE00080B582B044F2D440C2F20040009041F699
:100BF0003071C2F200410022019211F05DFB0098B9
:100C000041F23071C2F2004111F036FB019802B09E
:100C100080BD00000000000080B584B00390029108
:100C2000039944F2D440C2F20040009011F024FB3A
:100C3000009811F0C5FA03990298026840F27C40CE
:100C4000C2F2004001903030FFF7BAFC01980299DF
:100C50000968A0F86010426E0398029909689047ED
:100C6000002004B080BD000083B0029001918DF897
:100C7000032000208DF802009DF9020003B07047A8
:100C800080B586B00490ADF80E1000208DF80D00F0
:100C900044F2D440C2F20040D0F8BC020290029864
:100CA000D0F8140220B1FFE701208DF8170013E0FF
:100CB0000499BDF80E2044F2D440C2F200400190E5
:100CC00011F0FAFA019811F003FC8DF80D009DF86F
:100CD0000D008DF81700FFE79DF8170006B080BDE6
:100CE00080B544F6A000C2F2004002F015F880BDC5
:100CF00080B544F62800C2F2004002F00DF880BD35
:100D000080B544F2B070C2F2004002F005F880BD38
:100D100080B544F67030C2F2004001F0FDFF80BDA6
:100D200080B544F6E830C2F2004001F0F5FF80BD26
:100D300080B544F61810C2F2004001F0EDFF80BD0E
:100D400080B544F69010C2F2004001F0E5FF80BD8E
:100D500080B544F60820C2F2004001F0DDFF80BDFE
:100D600080B544F68020C2F2004001F0D5FF80BD7E
:100D700080B544F6F820C2F2004001F0CDFF80BDFE
:100D800083B002900298016801201022C4F202028E
:100D90009142009000F0A380FFE7029801680120D3
:100DA0002822C4F202029142009000F09880FFE7EE
:100DB0000298016801204022C4F202029142009090
:100DC00000F08D80FFE70298016801205822C4F2EC
:100DD00002029142009000F08280FFE702980168D1
:100DE00001207022C4F202029142009077D0FFE706
:100DF0000298016801208822C4F202029142009008
:100E00006DD0FFE7029801680120A022C4F202021F
:100E10009142009063D0FFE7029801680120B82258
:100E2000C4F202029142009059D0FFE70298016893
:100E3000012040F21042C4F20202914200904ED0D2
:100E4000FFE702980168012040F22842C4F2020242
:100E50009142009043D0FFE702980168012040F2E0
:100E60004042C4F202029142009038D0FFE702985B
:100E70000168012040F25842C4F2020291420090FF
:100E80002DD0FFE702980168012040F27042C4F2C1
:100E900002029142009022D0FFE7029801680120EF
:100EA00040F28842C4F202029142009017D0FFE75C
:100EB00002980168012040F2A042C4F2020291426D
:100EC00000900CD0FFE7029800684FF64831CBF64F
:100ED000FD710844B0FA80F040090090FFE70098E7
:100EE000C00740B3FFE70298007810384AF6AB21FC
:100EF000CAF6AA21A0FB011000090190019800F098
:100F000007014FF24030C0F60100405C0299C8650D
:100F10000198042807D3FFE702990868042262F3C6
:100F20000900886506E00299086840F2FF329043A4
:100F30008865FFE705E00299086820F0FF008865F2
:100F4000FFE70298806D03B07047000000000000CA
:100F500084B0039003980068019003980168012011
:100F600045F20842C5F60202914200904ED0FFE7DA
:100F700003980168012045F21C42C5F60202914225
:100F8000009043D0FFE703980168012045F230420A
:100F9000C5F602029142009038D0FFE7039801683D
:100FA000012045F24442C5F60202914200902DD044
:100FB000FFE703980168012045F25842C5F6020296
:100FC0009142009022D0FFE703980168012045F28A
:100FD0006C42C5F602029142009017D0FFE70398D9
:100FE0000168012045F28042C5F60202914200905C
:100FF0000CD0FFE7039800684AF66C31CAF2FD7125
:101000000844B0FA80F040090090FFE70098C0075C
:1010100010B3FFE70398007808384CF6CD41CCF6C2
:10102000CC41A0FB011000090290029945F6000096
:10103000C5F6020000EB810003990866039945F6A6
:101040008000C5F602004866029800F01F010120EA
:1010500088400399886635E00398007810384AF68E
:10106000AB21CAF6AA21A0FB011000090290019849
:1010700040F2B841C4F2020188420CD8FFE701985F
:1010800040F21041C4F20201884204D3FFE7029803
:1010900008300290FFE7029940F60000C4F2020017
:1010A00000EB810003990866039940F68000C4F2C2
:1010B00002004866029800F01F0101208840039951
:1010C0008866FFE704B0704783B002900298007909
:1010D00001900198002800F08A80FFE70198082815
:1010E00000F28580FFE702980168012045F208427E
:1010F000C5F60202914200904ED0FFE702980168C7
:10110000012045F21C42C5F602029142009043D0F4
:10111000FFE702980168012045F23042C5F602025D
:101120009142009038D0FFE702980168012045F213
:101130004442C5F60202914200902DD0FFE702988A
:101140000168012045F25842C5F602029142009022
:1011500022D0FFE702980168012045F26C42C5F6F3
:1011600002029142009017D0FFE702980168012027
:1011700045F28042C5F60202914200900CD0FFE792
:10118000029800684AF66C31CAF2FD710844B0FA60
:1011900080F040090090FFE70098C00780B1FFE7AA
:1011A000019945F6FC00C5F6020000EB81000299AA
:1011B000C866029945F64010C5F6020008670FE0C0
:1011C000019940F6FC00C4F2020000EB8100029994
:1011D000C866029940F64010C4F202000867FFE7B3
:1011E0000198411E0120884002994867FFE703B03B
:1011F000704700000000000085B0049000208DF8CA
:101200000F000498806918BBFFE70498806A029079
:1012100003281BD80299DFE801F0020D0218049898
:1012200090F82F00C00720B1FFE701208DF80F00D4
:10123000FFE70CE00498C06AB0F1C07F04D1FFE77B
:1012400001208DF80F00FFE701E000E0FFE747E035
:1012500004988069B0F5005F26D1FFE70498806AA2
:10126000019003281ED80199DFE801F0020602115F
:1012700001208DF80F0016E0049890F82F00C007A9
:1012800020B1FFE701208DF80F00FFE70BE0049885
:10129000C06AB0F1C07F04D1FFE701208DF80F00D4
:1012A000FFE700E0FFE71AE00498806A0090032857
:1012B00004D3FFE70098032804D00EE001208DF846
:1012C0000F000BE0049890F82F00C00720B1FFE753
:1012D00001208DF80F00FFE700E0FFE7FFE7FFE7E1
:1012E0009DF80F0005B0704789B0089007910692ED
:1012F00005930898806D04900898806D0390089875
:10130000016801201022C4F202029142029000F012
:101310000381FFE70898016801202822C4F2020235
:101320009142029000F0F880FFE7089801680120E0
:101330004022C4F202029142029000F0ED80FFE7E9
:101340000898016801205822C4F2020291420290DA
:1013500000F0E280FFE70898016801207022C4F2E3
:1013600002029142029000F0D780FFE708980168DE
:1013700001208822C4F202029142029000F0CC8047
:10138000FFE7089801680120A022C4F202029142FE
:10139000029000F0C180FFE7089801680120B822A0
:1013A000C4F202029142029000F0B680FFE7089872
:1013B0000168012040F21042C4F202029142029000
:1013C00000F0AA80FFE708980168012040F2284257
:1013D000C4F202029142029000F09E80FFE708985A
:1013E0000168012040F24042C4F2020291420290A0
:1013F00000F09280FFE708980168012040F258420F
:10140000C4F202029142029000F08680FFE7089841
:101410000168012040F27042C4F20202914202903F
:101420007AD0FFE708980168012040F28842C4F2B0
:101430000202914202906FD0FFE7089801680120F4
:1014400040F2A042C4F202029142029064D0FFE74F
:1014500008980168012040F2B842C4F202029142A9
:10146000029059D0FFE708980168012045F2084230
:10147000C5F60202914202904ED0FFE7089801683B
:10148000012045F21C42C5F602029142029043D06F
:10149000FFE708980168012045F23042C5F60202D4
:1014A0009142029038D0FFE708980168012045F288
:1014B0004442C5F60202914202902DD0FFE70898FF
:1014C0000168012045F25842C5F60202914202909D
:1014D00022D0FFE708980168012045F26C42C5F66A
:1014E00002029142029017D0FFE70898016801209C
:1014F00045F28042C5F60202914202900CD0FFE70D
:10150000089800684AF66C31CAF2FD710844B0FAD6
:1015100080F040090290FFE70298C00770B1FFE732
:101520000898416E806E48600898C06E28B1FFE749
:101530000898016F406F4860FFE7FFE7089801686F
:1015400001201022C4F202029142019000F0A38017
:10155000FFE70898016801202822C4F202029142A4
:10156000019000F09880FFE7089801680120402270
:10157000C4F202029142019000F08D80FFE70898CA
:10158000016801205822C4F202029142019000F049
:101590008280FFE70898016801207022C4F20202ED
:1015A0009142019077D0FFE70898016801208822D6
:1015B000C4F20202914201906DD0FFE708980168E1
:1015C0000120A022C4F202029142019063D0FFE701
:1015D000089801680120B822C4F2020291420190E9
:1015E00059D0FFE708980168012040F21042C4F288
:1015F0000202914201904ED0FFE708980168012055
:1016000040F22842C4F202029142019043D0FFE727
:1016100008980168012040F24042C4F2020291425F
:10162000019038D0FFE708980168012040F2584245
:10163000C4F20202914201902DD0FFE708980168A0
:10164000012040F27042C4F202029142019022D085
:10165000FFE708980168012040F28842C4F20202C4
:101660009142019017D0FFE708980168012040F2ED
:10167000A042C4F20202914201900CD0FFE7089808
:1016800000684FF64831CBF6FD710844B0FA80F09F
:1016900040090190FFE70198C00750B3FFE70898A1
:1016A000C06D00F01F013F208840049988600898B1
:1016B0000168086820F48020086005980899096886
:1016C000486008988068402809D1FFE70698089983
:1016D00009688860079808990968C86008E0079851
:1016E000089909688860069808990968C860FFE742
:1016F00082E008980168012045F20842C5F602021E
:10170000914200904ED0FFE708980168012045F211
:101710001C42C5F602029142009043D0FFE70898B0
:101720000168012045F23042C5F602029142009064
:1017300038D0FFE708980168012045F24442C5F619
:101740000202914200902DD0FFE708980168012025
:1017500045F25842C5F602029142009022D0FFE7BE
:1017600008980168012045F26C42C5F602029142D8
:10177000009017D0FFE708980168012045F28042E9
:10178000C5F60202914200900CD0FFE7089800686D
:101790004AF66C31CAF2FD710844B0FA80F0400993
:1017A0000090FFE70098C00720B3FFE70898C06DDE
:1017B00000F01F01012088400399486005980899AE
:1017C0000968486008988068402809D1FFE70698B2
:1017D000089909688860079808990968C86008E04E
:1017E0000798089909688860069808990968C86088
:1017F000FFE700E0FFE7FFE709B0704700000000E7
:1018000081B000904EF6FC51CEF20001086840F025
:101810008070086041F6B071CEF2000108684CF6A5
:101820005562CCF2AC521043086041F20401CEF292
:1018300000010020086041F20002CEF200021168AF
:1018400041F001011160009944F24022C0F20F0200
:101850004A4340F2C031C2F200410A600A6844F6CD
:10186000D353C1F26203A2FB0332920940F2C433A4
:10187000C2F200431A6009684DF68362C4F21B325B
:10188000A1FB0221890C40F2C832C2F20042116071
:1018900040F2DC31C2F20041086001B07047000044
:1018A000704700000000000080B54FF4806004F035
:1018B00063FE4FF4805004F05FFE80BD0000000026
:1018C00081B0EFF3108072B60090FFE7FEE70000F2
:1018D00080B544F66040C2F2004003F009FF80BDCD
:1018E00080B544F60050C2F2004003F001FF80BD15
:1018F00080B544F6A050C2F2004003F0F9FE80BD6E
:1019000084B002900298406B009002980068D0F872
:1019100084004FF6FC718843009940EA81000299E7
:101920000968C1F8840002980068D0F8840020F4A7
:101930007F00029A1168926B40EA0240C1F884006D
:101940000298816B00980844009002980068D0F8D3
:1019500088006FF38F00009940EA810002990968BE
:10196000C1F8880002980068D0F8880020F4FE00D2
:10197000029A1168D26B40EA0240C1F888000298CE
:10198000C16B009800EB4100009002980068D0F80D
:10199000A0006FF38F00009940EA81000299096866
:1019A000C1F8A00002980068D0F8A00020F4FE0062
:1019B000029A1168126C40EA0240C1F8A000029934
:1019C000086C496C009A00FB0120009002980068A6
:1019D000D0F8B0006FF38F00009940EA81000299BF
:1019E0000968C1F8B00002980068D0F8B00020F48F
:1019F000FE00029A1168926C40EA0240C1F8B00001
:101A00000299886CC96C009A00FB01200090029832
:101A10000068D0F8AC006FF38F00009940EA8100B5
:101A200002990968C1F8AC000299086D496D009AE5
:101A300000FB0120009002980068D0F8F0006FF3DE
:101A40008F00009940EA810002990968C1F8F0000E
:101A500002980068D0F8F00020F47C10029A116817
:101A6000926D40EA0240C1F8F0000298816D009842
:101A700000EB4100009002980068D0F8C0006FF3BE
:101A80008F00009940EA810002990968C1F8C000FE
:101A900002980068D0F8C00020F47C10029A116807
:101AA000D26D40EA0240C1F8C00002980068D0F848
:101AB000C00020F07C50029A1168126E40EA026069
:101AC000C1F8C00002994A6B4AF60040C4F2000017
:101AD00000EB8200C86602998A6BC86E00EB820038
:101AE00008670299CA6B086F00EBC2004867029949
:101AF0000A6C4B6C486F5A4300EB8200886702996E
:101B00008A6CCB6C886F5A4300EB8200C8670299DD
:101B10000A6D4B6DC86F5A4300EB8200C1F880001C
:101B200002998A6DD1F8800000EBC200C1F88400F0
:101B30000299CA6D8B6ED1F884005A4300EB820083
:101B4000C1F8880002990A6E8B6ED1F888005A435A
:101B500000EB8200C1F890000298D0F890004DF29E
:101B6000FD31C4F2000188420FD3FFE70299D1F89A
:101B70009C0040F02000C1F89C000299032081F8ED
:101B8000980001208DF80F0017E00298C06E0190B8
:101B9000FFE701980299D1F89010884208D2FFE738
:101BA000019900200860FFE7019804300190F0E7F8
:101BB000FFE700208DF80F00FFE79DF80F0004B04D
:101BC000704700000000000088B007900691059261
:101BD00004930698406848B9FFE706980168826850
:101BE0000069104340EA8140039009E006980168CB
:101BF000826800691043084340F080400390FFE78B
:101C00000698D0F820C0C16842698369C06940EA7B
:101C10000C601843104340EA014002900798826E1E
:101C2000D0F884000499514300EB8100019003989F
:101C300001990860019804300190029801990860A8
:101C400001980430019000200090FFE70098069969
:101C5000CA684FF23031C0F60101895C88420DD26A
:101C6000FFE70598009940580199086001980430F1
:101C70000190FFE7009804300090E7E708B0704754
:101C800080B584B04EF60000C1F6F1700068039094
:101C90004EF60400C1F6F170006802904EF608009E
:101CA000C1F6F1700068019001990398084403900F
:101CB000039888B1FFE7039840F28811C2F200410F
:101CC0000091023108220CF0F3F8009902981231C9
:101CD00004220CF0EDF8FFE704B080BD0000000026
:101CE00080B58AB0089004F063FE0490089828B983
:101CF000FFE701208DF8270000F0AABC089890F8B3
:101D0000350002280ED0FFE7089980204865FFE7DC
:101D10000899002081F83400FFE701208DF82700A2
:101D200000F096BC0898016801201022C4F202025B
:101D30009142039000F0A380FFE70898016801201A
:101D40002822C4F202029142039000F09880FFE73B
:101D50000898016801204022C4F2020291420390D7
:101D600000F08D80FFE70898016801205822C4F236
:101D700002029142039000F08280FFE70898016818
:101D800001207022C4F202029142039077D0FFE753
:101D90000898016801208822C4F20202914203904F
:101DA0006DD0FFE7089801680120A022C4F202026A
:101DB0009142039063D0FFE7089801680120B822A0
:101DC000C4F202029142039059D0FFE708980168DB
:101DD000012040F21042C4F20202914203904ED020
:101DE000FFE708980168012040F22842C4F202028D
:101DF0009142039043D0FFE708980168012040F228
:101E00004042C4F202029142039038D0FFE70898A2
:101E10000168012040F25842C4F20202914203904C
:101E20002DD0FFE708980168012040F27042C4F20B
:101E300002029142039022D0FFE708980168012036
:101E400040F28842C4F202029142039017D0FFE7A9
:101E500008980168012040F2A042C4F202029142B7
:101E600003900CD0FFE7089800684FF64831CBF696
:101E7000FD710844B0FA80F040090390FFE7039831
:101E8000C00780B1FFE708980168086820F01E00CD
:101E9000086008980168486920F080004861089847
:101EA0000068059009E008980168086820F00E00B5
:101EB0000860089800680590FFE70898016801200D
:101EC0001022C4F202029142029000F00381FFE767
:101ED0000898016801202822C4F20202914202906F
:101EE00000F0F880FFE70898016801204022C4F262
:101EF00002029142029000F0ED80FFE7089801682D
:101F000001205822C4F202029142029000F0E280C5
:101F1000FFE70898016801207022C4F20202914292
:101F2000029000F0D780FFE708980168012088221E
:101F3000C4F202029142029000F0CC80FFE70898C0
:101F400001680120A022C4F202029142029000F036
:101F5000C180FFE7089801680120B822C4F202029C
:101F60009142029000F0B680FFE7089801680120D6
:101F700040F21042C4F202029142029000F0AA80A4
:101F8000FFE708980168012040F22842C4F20202EB
:101F90009142029000F09E80FFE7089801680120BE
:101FA00040F24042C4F202029142029000F092805C
:101FB000FFE708980168012040F25842C4F202028B
:101FC0009142029000F08680FFE7089801680120A6
:101FD00040F27042C4F20202914202907AD0FFE7CE
:101FE00008980168012040F28842C4F2020291423E
:101FF00002906FD0FFE708980168012040F2A042EC
:10200000C4F202029142029064D0FFE7089801688E
:10201000012040F2B842C4F202029142029059D02B
:10202000FFE708980168012045F20842C5F6020260
:10203000914202904ED0FFE708980168012045F2D6
:102040001C42C5F602029142029043D0FFE7089875
:102050000168012045F23042C5F602029142029029
:1020600038D0FFE708980168012045F24442C5F6E0
:102070000202914202902DD0FFE7089801680120EA
:1020800045F25842C5F602029142029022D0FFE783
:1020900008980168012045F26C42C5F6020291429F
:1020A000029017D0FFE708980168012045F28042AE
:1020B000C5F60202914202900CD0FFE70898006832
:1020C0004AF66C31CAF2FD710844B0FA80F040095A
:1020D0000290FFE70298C00738B1FFE70898016E49
:1020E000086820F480700860FFE7089800681021F5
:1020F000C4F20201884200F08180FFE7089800687E
:102100002821C4F20201884278D0FFE708980068CD
:102110004021C4F20201884270D0FFE708980068AD
:102120005821C4F20201884268D0FFE7089800688D
:102130007021C4F20201884260D0FFE7089800686D
:102140008821C4F20201884258D0FFE7089800684D
:10215000A021C4F20201884250D0FFE7089800682D
:10216000B821C4F20201884248D0FFE7089800680D
:1021700040F21041C4F2020188423FD0FFE70898C4
:10218000006840F22841C4F20201884236D0FFE7DD
:102190000898006840F24041C4F2020188422DD004
:1021A000FFE70898006840F25841C4F202018842F3
:1021B00024D0FFE70898006840F27041C4F20201A1
:1021C00088421BD0FFE70898006840F28841C4F2BB
:1021D0000201884212D0FFE70898006840F2A0414F
:1021E000C4F20201884209D0FFE70898006840F273
:1021F000B841C4F20201884207D1FFE7089801689C
:10220000086820F00100086006E008980168086886
:1022100020F001000860FFE7FFE705980068C007AD
:10222000C8B1FFE704F0C4FB0499401A062811D393
:10223000FFE70899202048650899032081F83500B8
:10224000FFE70899002081F83400FFE701208DF8AE
:102250002700FDE1E1E70898016801201022C4F29F
:1022600002029142019000F0A380FFE70898016804
:1022700001202822C4F202029142019000F09880CD
:10228000FFE70898016801204022C4F2020291424F
:10229000019000F08D80FFE7089801680120582226
:1022A000C4F202029142019000F08280FFE7089898
:1022B000016801207022C4F202029142019077D09D
:1022C000FFE70898016801208822C4F202029142C7
:1022D00001906DD0FFE7089801680120A022C4F2A8
:1022E00002029142019063D0FFE708980168012043
:1022F000B822C4F202029142019059D0FFE7089837
:102300000168012040F21042C4F2020291420190A1
:102310004ED0FFE708980168012040F22842C4F23D
:1023200002029142019043D0FFE708980168012022
:1023300040F24042C4F202029142019038D0FFE7DD
:1023400008980168012040F25842C4F2020291420A
:1023500001902DD0FFE708980168012040F27042FB
:10236000C4F202029142019022D0FFE7089801686E
:10237000012040F28842C4F202029142019017D03B
:10238000FFE708980168012040F2A042C4F202026F
:10239000914201900CD0FFE7089800684FF6483151
:1023A000CBF6FD710844B0FA80F040090190FFE7D8
:1023B0000198C00760B1FFE70898806D0790089802
:1023C000C06D00F01F013F208840079988600BE036
:1023D0000898806D06900898C06D00F01F010120DC
:1023E000884006994860FFE708980168012010229C
:1023F000C4F202029142009000F00381FFE70898C6
:10240000016801202822C4F202029142009000F0EB
:10241000F880FFE70898016801204022C4F2020218
:102420009142009000F0ED80FFE7089801680120DC
:102430005822C4F202029142009000F0E280FFE7CD
:102440000898016801207022C4F2020291420090B3
:1024500000F0D780FFE70898016801208822C4F2C5
:1024600002029142009000F0CC80FFE708980168DA
:102470000120A022C4F202029142009000F0C1802B
:10248000FFE7089801680120B822C4F202029142D5
:10249000009000F0B680FFE708980168012040F244
:1024A0001042C4F202029142009000F0AA80FFE7BD
:1024B00008980168012040F22842C4F202029142C9
:1024C000009000F09E80FFE708980168012040F22C
:1024D0004042C4F202029142009000F09280FFE775
:1024E00008980168012040F25842C4F20202914269
:1024F000009000F08680FFE708980168012040F214
:102500007042C4F20202914200907AD0FFE708982C
:102510000168012040F28842C4F202029142009018
:102520006FD0FFE708980168012040F2A042C4F292
:1025300002029142009064D0FFE7089801680120F0
:1025400040F2B842C4F202029142009059D0FFE733
:1025500008980168012045F20842C5F6020291423E
:1025600000904ED0FFE708980168012045F21C4218
:10257000C5F602029142009043D0FFE70898016837
:10258000012045F23042C5F602029142009038D057
:10259000FFE708980168012045F24442C5F60202AF
:1025A000914200902DD0FFE708980168012045F284
:1025B0005842C5F602029142009022D0FFE70898E7
:1025C0000168012045F26C42C5F60202914200907A
:1025D00017D0FFE708980168012045F28042C5F650
:1025E0000202914200900CD0FFE7089800684AF67A
:1025F0006C31CAF2FD710844B0FA80F040090090D5
:10260000FFE70098C007A0B1FFE70898416E806E11
:1026100048600898C06E58B1FFE70898C16E086816
:1026200020F4807008600898016F406F4860FFE7F1
:10263000FFE70899012081F83500FFE7089900209D
:1026400081F83400FFE7FFE700208DF82700FFE75F
:102650009DF827000AB080BD80B586B0049004982C
:1026600020B9FFE701208DF8170046E3049890F8A1
:102670003500022807D0FFE7049980204865012033
:102680008DF8170039E30498016801201022C4F284
:1026900002029142029000F0A380FFE704980168D3
:1026A00001202822C4F202029142029000F0988098
:1026B000FFE70498016801204022C4F2020291421F
:1026C000029000F08D80FFE70498016801205822F5
:1026D000C4F202029142029000F08280FFE7049867
:1026E000016801207022C4F202029142029077D068
:1026F000FFE70498016801208822C4F20202914297
:1027000002906DD0FFE7049801680120A022C4F276
:1027100002029142029063D0FFE704980168012011
:10272000B822C4F202029142029059D0FFE7049805
:102730000168012040F21042C4F20202914202906C
:102740004ED0FFE704980168012040F22842C4F20D
:1027500002029142029043D0FFE7049801680120F1
:1027600040F24042C4F202029142029038D0FFE7A8
:1027700004980168012040F25842C4F202029142DA
:1027800002902DD0FFE704980168012040F27042CA
:10279000C4F202029142029022D0FFE7049801683D
:1027A000012040F28842C4F202029142029017D006
:1027B000FFE704980168012040F2A042C4F202023F
:1027C000914202900CD0FFE7049800684FF6483120
:1027D000CBF6FD710844B0FA80F040090290FFE7A3
:1027E0000298C007002800F09D80FFE704990420AC
:1027F00081F83500049800681021C4F20201884273
:1028000000F08180FFE7049800682821C4F20201EB
:10281000884278D0FFE7049800684021C4F20201A2
:10282000884270D0FFE7049800685821C4F2020182
:10283000884268D0FFE7049800687021C4F2020162
:10284000884260D0FFE7049800688821C4F2020142
:10285000884258D0FFE704980068A021C4F2020122
:10286000884250D0FFE704980068B821C4F2020102
:10287000884248D0FFE70498006840F21041C4F253
:10288000020188423FD0FFE70498006840F22841E7
:10289000C4F20201884236D0FFE70498006840F293
:1028A0004041C4F2020188422DD0FFE7049800683D
:1028B00040F25841C4F20201884224D0FFE7049854
:1028C000006840F27041C4F2020188421BD0FFE769
:1028D0000498006840F28841C4F20201884212D094
:1028E000FFE70498006840F2A041C4F20201884268
:1028F00009D0FFE70498006840F2B841C4F2020131
:10290000884207D1FFE704980168086820F00100B9
:10291000086006E004980168086820F0010008607B
:10292000FFE7E5E104980168086820F00E00086000
:10293000049800681021C4F20201884200F08180EE
:10294000FFE7049800682821C4F20201884278D089
:10295000FFE7049800684021C4F20201884270D069
:10296000FFE7049800685821C4F20201884268D049
:10297000FFE7049800687021C4F20201884260D029
:10298000FFE7049800688821C4F20201884258D009
:10299000FFE704980068A021C4F20201884250D0E9
:1029A000FFE704980068B821C4F20201884248D0C9
:1029B000FFE70498006840F21041C4F20201884227
:1029C0003FD0FFE70498006840F22841C4F20201BA
:1029D000884236D0FFE70498006840F24041C4F2D4
:1029E000020188422DD0FFE70498006840F2584168
:1029F000C4F20201884224D0FFE70498006840F244
:102A00007041C4F2020188421BD0FFE704980068BD
:102A100040F28841C4F20201884212D0FFE70498D4
:102A2000006840F2A041C4F20201884209D0FFE7E9
:102A30000498006840F2B841C4F20201884207D10C
:102A4000FFE704980168086820F00100086006E0CC
:102A500004980168086820F001000860FFE7049806
:102A6000016801201022C4F202029142019000F09C
:102A70000381FFE70498016801202822C4F20202C2
:102A80009142019000F0F880FFE70498016801206E
:102A90004022C4F202029142019000F0ED80FFE773
:102AA0000498016801205822C4F202029142019068
:102AB00000F0E280FFE70498016801207022C4F270
:102AC00002029142019000F0D780FFE7049801686C
:102AD00001208822C4F202029142019000F0CC80D1
:102AE000FFE7049801680120A022C4F2020291428B
:102AF000019000F0C180FFE7049801680120B8222E
:102B0000C4F202029142019000F0B680FFE70498FF
:102B10000168012040F21042C4F202029142019089
:102B200000F0AA80FFE704980168012040F22842E3
:102B3000C4F202029142019000F09E80FFE70498E7
:102B40000168012040F24042C4F202029142019029
:102B500000F09280FFE704980168012040F258429B
:102B6000C4F202029142019000F08680FFE70498CF
:102B70000168012040F27042C4F2020291420190C9
:102B80007AD0FFE704980168012040F28842C4F23D
:102B90000202914201906FD0FFE704980168012082
:102BA00040F2A042C4F202029142019064D0FFE7D9
:102BB00004980168012040F2B842C4F20202914236
:102BC000019059D0FFE704980168012045F20842BE
:102BD000C5F60202914201904ED0FFE704980168C9
:102BE000012045F21C42C5F602029142019043D0F9
:102BF000FFE704980168012045F23042C5F6020261
:102C00009142019038D0FFE704980168012045F215
:102C10004442C5F60202914201902DD0FFE704988C
:102C20000168012045F25842C5F602029142019026
:102C300022D0FFE704980168012045F26C42C5F6F6
:102C400002029142019017D0FFE704980168012029
:102C500045F28042C5F60202914201900CD0FFE796
:102C6000049800684AF66C31CAF2FD710844B0FA63
:102C700080F040090190FFE70198C00728B3FFE703
:102C80000498016E086820F4807008600498806DD4
:102C900003900498C06D00F01F0101208840039943
:102CA00048600498416E806E48600498C06E58B1C8
:102CB000FFE70498C16E086820F4807008600498EB
:102CC000016F406F4860FFE7FFE70499012081F83A
:102CD0003500FFE70499002081F83400FFE70498ED
:102CE000006D20B1FFE70498016D8847FFE7FFE71B
:102CF000FFE700208DF81700FFE79DF8170006B0EA
:102D000080BD00000000000081B000900098406D80
:102D100001B070470000000080B590B00F90002017
:102D20000B9040F2CC00C2F20040006848F2B511AE
:102D3000C1F64E31A0FB0110800A0A900F98806DF9
:102D400009900F98806D0890099800680E90089877
:102D500000680D900F98016801201022C4F2020251
:102D60009142079000F0A380FFE70F9801680120CF
:102D70002822C4F202029142079000F09880FFE7F7
:102D80000F98016801204022C4F20202914207908C
:102D900000F08D80FFE70F98016801205822C4F2EF
:102DA00002029142079000F08280FFE70F980168CD
:102DB00001207022C4F202029142079077D0FFE70F
:102DC0000F98016801208822C4F202029142079004
:102DD0006DD0FFE70F9801680120A022C4F2020223
:102DE0009142079063D0FFE70F9801680120B82255
:102DF000C4F202029142079059D0FFE70F98016890
:102E0000012040F21042C4F20202914207904ED0DB
:102E1000FFE70F980168012040F22842C4F2020245
:102E20009142079043D0FFE70F980168012040F2DC
:102E30004042C4F202029142079038D0FFE70F9857
:102E40000168012040F25842C4F202029142079008
:102E50002DD0FFE70F980168012040F27042C4F2C4
:102E600002029142079022D0FFE70F9801680120EB
:102E700040F28842C4F202029142079017D0FFE765
:102E80000F980168012040F2A042C4F20202914270
:102E900007900CD0FFE70F9800684FF64831CBF64B
:102EA000FD710844B0FA80F040090790FFE70798E9
:102EB000C007002800F01385FFE70E980F99C96D31
:102EC00001F01F01C8400007002840F1B080FFE773
:102ED0000F9800681021C4F20201884200F081803E
:102EE000FFE70F9800682821C4F20201884278D0D9
:102EF000FFE70F9800684021C4F20201884270D0B9
:102F0000FFE70F9800685821C4F20201884268D098
:102F1000FFE70F9800687021C4F20201884260D078
:102F2000FFE70F9800688821C4F20201884258D058
:102F3000FFE70F980068A021C4F20201884250D038
:102F4000FFE70F980068B821C4F20201884248D018
:102F5000FFE70F98006840F21041C4F20201884276
:102F60003FD0FFE70F98006840F22841C4F2020109
:102F7000884236D0FFE70F98006840F24041C4F223
:102F8000020188422DD0FFE70F98006840F25841B7
:102F9000C4F20201884224D0FFE70F98006840F293
:102FA0007041C4F2020188421BD0FFE70F9800680D
:102FB00040F28841C4F20201884212D0FFE70F9824
:102FC000006840F2A041C4F20201884209D0FFE744
:102FD0000F98006840F2B841C4F20201884207D15C
:102FE000FFE70F980068006800F00400069006E014
:102FF0000F980068006800F008000690FFE7069848
:10300000A0B1FFE70F980168086820F0040008608D
:103010000F98C06D00F01F01082088400999886052
:103020000F99486D40F001004865FFE7FFE70E98F3
:103030000F99C96D01F01F01C840C007002800F0BA
:10304000A980FFE70F9800681021C4F202018842AE
:1030500000F08180FFE70F9800682821C4F2020188
:10306000884278D0FFE70F9800684021C4F202013F
:10307000884270D0FFE70F9800685821C4F202011F
:10308000884268D0FFE70F9800687021C4F20201FF
:10309000884260D0FFE70F9800688821C4F20201DF
:1030A000884258D0FFE70F980068A021C4F20201BF
:1030B000884250D0FFE70F980068B821C4F202019F
:1030C000884248D0FFE70F98006840F21041C4F2F0
:1030D000020188423FD0FFE70F98006840F2284184
:1030E000C4F20201884236D0FFE70F98006840F230
:1030F0004041C4F2020188422DD0FFE70F980068DA
:1031000040F25841C4F20201884224D0FFE70F98F0
:10311000006840F27041C4F2020188421BD0FFE710
:103120000F98006840F28841C4F20201884212D030
:10313000FFE70F98006840F2A041C4F20201884204
:1031400009D0FFE70F98006840F2B841C4F20201CD
:10315000884207D1FFE70F980068406900F08000BF
:10316000059005E00F980068006800200590FFE7D3
:10317000059870B1FFE70F98C06D00F01F010120A6
:103180008840099988600F99486D40F002004865B1
:10319000FFE7FFE70E980F99C96D01F01F01C840C6
:1031A0004007002840F1A980FFE70F980068102130
:1031B000C4F20201884200F08180FFE70F980068A6
:1031C0002821C4F20201884278D0FFE70F980068F6
:1031D0004021C4F20201884270D0FFE70F980068D6
:1031E0005821C4F20201884268D0FFE70F980068B6
:1031F0007021C4F20201884260D0FFE70F98006896
:103200008821C4F20201884258D0FFE70F98006875
:10321000A021C4F20201884250D0FFE70F98006855
:10322000B821C4F20201884248D0FFE70F98006835
:1032300040F21041C4F2020188423FD0FFE70F98EC
:10324000006840F22841C4F20201884236D0FFE70C
:103250000F98006840F24041C4F2020188422DD02C
:10326000FFE70F98006840F25841C4F2020188421B
:1032700024D0FFE70F98006840F27041C4F20201C9
:1032800088421BD0FFE70F98006840F28841C4F2E3
:103290000201884212D0FFE70F98006840F2A04177
:1032A000C4F20201884209D0FFE70F98006840F29B
:1032B000B841C4F20201884207D1FFE70F980068C5
:1032C000006800F00200049005E00F9800680068B4
:1032D00000200490FFE7049870B1FFE70F98C06DDD
:1032E00000F01F0104208840099988600F99486DFB
:1032F00040F004004865FFE7FFE70E980F99C96D9D
:1033000001F01F01C840C006002840F1DE80FFE741
:103310000F9800681021C4F20201884200F08180F9
:10332000FFE70F9800682821C4F20201884278D094
:10333000FFE70F9800684021C4F20201884270D074
:10334000FFE70F9800685821C4F20201884268D054
:10335000FFE70F9800687021C4F20201884260D034
:10336000FFE70F9800688821C4F20201884258D014
:10337000FFE70F980068A021C4F20201884250D0F4
:10338000FFE70F980068B821C4F20201884248D0D4
:10339000FFE70F98006840F21041C4F20201884232
:1033A0003FD0FFE70F98006840F22841C4F20201C5
:1033B000884236D0FFE70F98006840F24041C4F2DF
:1033C000020188422DD0FFE70F98006840F2584173
:1033D000C4F20201884224D0FFE70F98006840F24F
:1033E0007041C4F2020188421BD0FFE70F980068C9
:1033F00040F28841C4F20201884212D0FFE70F98E0
:10340000006840F2A041C4F20201884209D0FFE7FF
:103410000F98006840F2B841C4F20201884207D117
:10342000FFE70F980068006800F00800039006E0CE
:103430000F980068006800F004000390FFE703980D
:10344000002841D0FFE70F98C06D00F01F01102049
:103450008840099988600F98006800684003002838
:103460001AD5FFE70F98006800680003002809D408
:10347000FFE70F98006C20B1FFE70F98016C8847B9
:10348000FFE708E00F98806C20B1FFE70F98816C90
:103490008847FFE7FFE716E00F9800680068C0055F
:1034A000002807D4FFE70F980168086820F008009B
:1034B0000860FFE70F98006C20B1FFE70F98016CE0
:1034C0008847FFE7FFE7FFE7FFE70E980F99C96D11
:1034D00001F01F01C8408006002840F12681FFE767
:1034E0000F9800681021C4F20201884200F0818028
:1034F000FFE70F9800682821C4F20201884278D0C3
:10350000FFE70F9800684021C4F20201884270D0A2
:10351000FFE70F9800685821C4F20201884268D082
:10352000FFE70F9800687021C4F20201884260D062
:10353000FFE70F9800688821C4F20201884258D042
:10354000FFE70F980068A021C4F20201884250D022
:10355000FFE70F980068B821C4F20201884248D002
:10356000FFE70F98006840F21041C4F20201884260
:103570003FD0FFE70F98006840F22841C4F20201F3
:10358000884236D0FFE70F98006840F24041C4F20D
:10359000020188422DD0FFE70F98006840F25841A1
:1035A000C4F20201884224D0FFE70F98006840F27D
:1035B0007041C4F2020188421BD0FFE70F980068F7
:1035C00040F28841C4F20201884212D0FFE70F980E
:1035D000006840F2A041C4F20201884209D0FFE72E
:1035E0000F98006840F2B841C4F20201884207D146
:1035F000FFE70F980068006800F01000029006E0F6
:103600000F980068006800F002000290FFE702983F
:10361000002800F08980FFE70F98C06D00F01F01BF
:1036200020208840099988600F9890F83500042878
:1036300037D1FFE70F980168086820F0160008608E
:103640000F980168486920F0800048610F98006C6D
:1036500020B9FFE70F98806C38B1FFE70F98016839
:10366000086820F008000860FFE70F98C06D00F0C0
:103670001F013F208840099988600F99012081F837
:103680003500FFE70F99002081F83400FFE70F981D
:10369000006D20B1FFE70F98016D8847FFE700F04C
:1036A00019BC0F9800680068400300281AD5FFE78E
:1036B0000F98006800680003002809D4FFE70F98FE
:1036C000406C20B1FFE70F98416C8847FFE708E0A6
:1036D0000F98C06B20B1FFE70F98C16B8847FFE7D9
:1036E000FFE720E00F9800680068C005002811D4AB
:1036F000FFE70F980168086820F0100008600F9934
:10370000012081F83500FFE70F99002081F834008F
:10371000FFE7FFE70F98C06B20B1FFE70F98C16B81
:103720008847FFE7FFE7FFE7FFE70F98406D0028B6
:1037300000F0D480FFE70F98406DC007002800F02C
:10374000C480FFE70F99042081F835000F980068C6
:103750001021C4F20201884200F08180FFE70F9837
:1037600000682821C4F20201884278D0FFE70F9850
:1037700000684021C4F20201884270D0FFE70F9830
:1037800000685821C4F20201884268D0FFE70F9810
:1037900000687021C4F20201884260D0FFE70F98F0
:1037A00000688821C4F20201884258D0FFE70F98D0
:1037B0000068A021C4F20201884250D0FFE70F98B0
:1037C0000068B821C4F20201884248D0FFE70F9890
:1037D000006840F21041C4F2020188423FD0FFE786
:1037E0000F98006840F22841C4F20201884236D0A6
:1037F000FFE70F98006840F24041C4F2020188429E
:103800002DD0FFE70F98006840F25841C4F2020142
:10381000884224D0FFE70F98006840F27041C4F25C
:10382000020188421BD0FFE70F98006840F28841F0
:10383000C4F20201884212D0FFE70F98006840F2FC
:10384000A041C4F20201884209D0FFE70F98006846
:1038500040F2B841C4F20201884207D1FFE70F9855
:103860000168086820F00100086006E00F98016810
:10387000086820F001000860FFE7FFE70B980130BF
:103880000B900A99884201D9FFE707E0FFE70F98FC
:1038900000680068C0070028F0D1FFE70F980068B3
:1038A0000068C00728B1FFE70F99032081F83500B1
:1038B00004E00F99012081F83500FFE7FFE70F9939
:1038C000002081F83400FFE7FFE70F98C06C20B1BB
:1038D000FFE70F98C16C8847FFE7FFE7FAE20F9810
:1038E0000168012045F20842C5F6020291420190AA
:1038F0004ED0FFE70F980168012045F21C42C5F643
:1039000002029142019043D0FFE70F980168012025
:1039100045F23042C5F602029142019038D0FFE7ED
:103920000F980168012045F24442C5F60202914217
:1039300001902DD0FFE70F980168012045F2584211
:10394000C5F602029142019022D0FFE70F9801686C
:10395000012045F26C42C5F602029142019017D057
:10396000FFE70F980168012045F28042C5F6020288
:10397000914201900CD0FFE70F9800684AF66C3135
:10398000CAF2FD710844B0FA80F040090190FFE7E7
:103990000198C007002800F09B82FFE70F9800689D
:1039A00000680C900D980F99C96D01F01F01C84077
:1039B0004007002840F1D780FFE79DF8300040071E
:1039C000002840F1D080FFE70F98C06D00F01F0184
:1039D00004208840089948609DF8310000060028BE
:1039E00018D5FFE79DF83200C00748B9FFE70F98E8
:1039F000806C20B1FFE70F98816C8847FFE708E0F3
:103A00000F98006C20B1FFE70F98016C8847FFE723
:103A1000FFE7A7E09DF830008006002800F19980BC
:103A2000FFE70F9800681021C4F20201884200F0FD
:103A30008180FFE70F9800682821C4F202018842C4
:103A400078D0FFE70F9800684021C4F20201884255
:103A500070D0FFE70F9800685821C4F20201884235
:103A600068D0FFE70F9800687021C4F20201884215
:103A700060D0FFE70F9800688821C4F202018842F5
:103A800058D0FFE70F980068A021C4F202018842D5
:103A900050D0FFE70F980068B821C4F202018842B5
:103AA00048D0FFE70F98006840F21041C4F20201CD
:103AB00088423FD0FFE70F98006840F22841C4F2E7
:103AC0000201884236D0FFE70F98006840F240417B
:103AD000C4F2020188422DD0FFE70F98006840F23F
:103AE0005841C4F20201884224D0FFE70F980068D1
:103AF00040F27041C4F2020188421BD0FFE70F98E8
:103B0000006840F28841C4F20201884212D0FFE707
:103B10000F98006840F2A041C4F20201884209D027
:103B2000FFE70F98006840F2B841C4F202018842F2
:103B300007D1FFE70F980168086820F008000860C7
:103B400006E00F980168086820F004000860FFE7AD
:103B5000FFE70F98006C20B1FFE70F98016C8847D2
:103B6000FFE7FFE7B3E10D980F99C96D01F01F0161
:103B7000C8408007002840F1E180FFE79DF8300051
:103B80008007002840F1DA80FFE70F98C06D00F051
:103B90001F0102208840089948609DF83100000606
:103BA000002818D5FFE79DF83200C00748B9FFE7A5
:103BB0000F98406C20B1FFE70F98416C8847FFE7F2
:103BC00008E00F98C06B20B1FFE70F98C16B8847E2
:103BD000FFE7FFE7B1E09DF830008006002800F124
:103BE000A380FFE70F9800681021C4F20201884209
:103BF00000F08180FFE70F9800682821C4F20201DD
:103C0000884278D0FFE70F9800684021C4F2020193
:103C1000884270D0FFE70F9800685821C4F2020173
:103C2000884268D0FFE70F9800687021C4F2020153
:103C3000884260D0FFE70F9800688821C4F2020133
:103C4000884258D0FFE70F980068A021C4F2020113
:103C5000884250D0FFE70F980068B821C4F20201F3
:103C6000884248D0FFE70F98006840F21041C4F244
:103C7000020188423FD0FFE70F98006840F22841D8
:103C8000C4F20201884236D0FFE70F98006840F284
:103C90004041C4F2020188422DD0FFE70F9800682E
:103CA00040F25841C4F20201884224D0FFE70F9845
:103CB000006840F27041C4F2020188421BD0FFE765
:103CC0000F98006840F28841C4F20201884212D085
:103CD000FFE70F98006840F2A041C4F20201884259
:103CE00009D0FFE70F98006840F2B841C4F2020122
:103CF000884207D1FFE70F980168086820F0140098
:103D0000086006E00F980168086820F00A00086063
:103D1000FFE70F99012081F83500FFE70F99002098
:103D200081F83400FFE7FFE70F98C06B20B1FFE791
:103D30000F98C16B8847FFE7FFE7C7E00D980F9921
:103D4000C96D01F01F01C8400007002840F1BC8088
:103D5000FFE79DF830000007002840F1B580FFE73D
:103D60000F9800681021C4F20201884200F081809F
:103D7000FFE70F9800682821C4F20201884278D03A
:103D8000FFE70F9800684021C4F20201884270D01A
:103D9000FFE70F9800685821C4F20201884268D0FA
:103DA000FFE70F9800687021C4F20201884260D0DA
:103DB000FFE70F9800688821C4F20201884258D0BA
:103DC000FFE70F980068A021C4F20201884250D09A
:103DD000FFE70F980068B821C4F20201884248D07A
:103DE000FFE70F98006840F21041C4F202018842D8
:103DF0003FD0FFE70F98006840F22841C4F202016B
:103E0000884236D0FFE70F98006840F24041C4F284
:103E1000020188422DD0FFE70F98006840F2584118
:103E2000C4F20201884224D0FFE70F98006840F2F4
:103E30007041C4F2020188421BD0FFE70F9800686E
:103E400040F28841C4F20201884212D0FFE70F9885
:103E5000006840F2A041C4F20201884209D0FFE7A5
:103E60000F98006840F2B841C4F20201884207D1BD
:103E7000FFE70F980168086820F01C00086006E062
:103E80000F980168086820F00E000860FFE70F989F
:103E9000C06D00F01F01012000FA01F1089A516085
:103EA0000F9948650F9981F83500FFE70F990020B9
:103EB00081F83400FFE70F98C06C20B1FFE70F983E
:103EC000C16C8847FFE700E0FFE7FFE7FFE700E09E
:103ED000FFE7FFE710B080BD10B58EB00C9002F088
:103EE00067FD0A900C9828B9FFE701208DF837008C
:103EF00000F09EBC0C98016801201022C4F202025E
:103F00009142079000F0A380FFE70C980168012020
:103F10002822C4F202029142079000F09880FFE745
:103F20000C98016801204022C4F2020291420790DD
:103F300000F08D80FFE70C98016801205822C4F240
:103F400002029142079000F08280FFE70C9801681E
:103F500001207022C4F202029142079077D0FFE75D
:103F60000C98016801208822C4F202029142079055
:103F70006DD0FFE70C9801680120A022C4F2020274
:103F80009142079063D0FFE70C9801680120B822A6
:103F9000C4F202029142079059D0FFE70C980168E1
:103FA000012040F21042C4F20202914207904ED02A
:103FB000FFE70C980168012040F22842C4F2020297
:103FC0009142079043D0FFE70C980168012040F22E
:103FD0004042C4F202029142079038D0FFE70C98A9
:103FE0000168012040F25842C4F202029142079057
:103FF0002DD0FFE70C980168012040F27042C4F216
:1040000002029142079022D0FFE70C98016801203C
:1040100040F28842C4F202029142079017D0FFE7B3
:104020000C980168012040F2A042C4F202029142C1
:1040300007900CD0FFE70C9800684FF64831CBF69C
:10404000FD710844B0FA80F040090790FFE7079837
:10405000C007002800F07881FFE70C98406A08B19B
:10406000FFE7FFE70C99022081F83500FFE70C9984
:10407000002081F83400FFE70C9800681021C4F29A
:104080000201884200F08180FFE70C980068282137
:10409000C4F20201884278D0FFE70C980068402102
:1040A000C4F20201884270D0FFE70C9800685821E2
:1040B000C4F20201884268D0FFE70C9800687021C2
:1040C000C4F20201884260D0FFE70C9800688821A2
:1040D000C4F20201884258D0FFE70C980068A02182
:1040E000C4F20201884250D0FFE70C980068B82162
:1040F000C4F20201884248D0FFE70C98006840F201
:104100001041C4F2020188423FD0FFE70C980068DA
:1041100040F22841C4F20201884236D0FFE70C98F1
:10412000006840F24041C4F2020188422DD0FFE70E
:104130000C98006840F25841C4F20201884224D031
:10414000FFE70C98006840F27041C4F20201884217
:104150001BD0FFE70C98006840F28841C4F20201CE
:10416000884212D0FFE70C98006840F2A041C4F2E8
:104170000201884209D0FFE70C98006840F2B8417C
:10418000C4F20201884207D1FFE70C980168086871
:1041900020F00100086006E00C980168086820F033
:1041A00001000860FFE7FFE70C9800680068C0079F
:1041B00098B1FFE702F0FCFB0A99401A06280BD3DE
:1041C000FFE70C99202048650C99032081F8350001
:1041D00001208DF837002BE3E6E70C9800680068B3
:1041E0000B900B9848F23F01CFF6106108400B90FE
:1041F0000C998868D1F80CC00B694A6940EA0C0038
:10420000184310438A691043CA691043096A01437D
:104210000B9808430B900C98406A042808D1FFE7DC
:104220000C99C86A096B01430B9808430B90FFE790
:104230000C984068292807D3FFE70C9841680120B3
:104240002F29069036D3FFE70C9840683F2807D304
:10425000FFE70C9841680120432906902AD3FFE725
:104260000C984068472807D3FFE70C984168012065
:10427000492906901ED3FFE70C9840684F2807D3C2
:10428000FFE70C98416801205329069012D3FFE7FD
:104290000C98416800207429059008D3FFE70C981A
:1042A00041680020782938BF01200590FFE7059874
:1042B0000690FFE70698C00728B1FFE70B9840F487
:1042C00080100B90FFE70B980C99096808600C9818
:1042D000006840690B900B9820F007000B900C9839
:1042E000416A0B9808430B900C98406A04281AD135
:1042F000FFE70C98816A0B9808430B900C98C06AF2
:1043000080B1FFE70C98FCF777FF50B1FFE70C99FD
:10431000402048650C99012081F835008DF8370060
:1043200086E2FFE7FFE70B980C99096848610C9853
:10433000FCF726FD09900C98C06D00F01F013F208E
:1043400088400999886026E10C980168012045F2AF
:104350000842C5F60202914204904ED0FFE70C9845
:104360000168012045F21C42C5F602029142049008
:1043700043D0FFE70C980168012045F23042C5F6B2
:1043800002029142049038D0FFE70C9801680120A6
:1043900045F24442C5F60202914204902DD0FFE757
:1043A0000C980168012045F25842C5F6020291427C
:1043B000049022D0FFE70C980168012045F26C427E
:1043C000C5F602029142049017D0FFE70C980168ED
:1043D000012045F28042C5F60202914204900CD0C1
:1043E000FFE70C9800684AF66C31CAF2FD71084488
:1043F000B0FA80F040090490FFE70498C007002855
:1044000000F0BD80FFE70C980168012045F20842EA
:10441000C5F60202914203904ED0FFE70C98016866
:10442000012045F21C42C5F602029142039043D09E
:10443000FFE70C980168012045F23042C5F6020200
:104440009142039038D0FFE70C980168012045F2B3
:104450004442C5F60202914203902DD0FFE70C982A
:104460000168012045F25842C5F6020291420390CC
:1044700022D0FFE70C980168012045F26C42C5F696
:1044800002029142039017D0FFE70C9801680120C7
:1044900045F28042C5F60202914203900CD0FFE73C
:1044A0000C9800684AF66C31CAF2FD710844B0FA03
:1044B00080F040090390FFE70398C00708B1FFE7C9
:1044C000FFE70C99022081F83500FFE70C990020E6
:1044D00081F83400FFE70C98006800680B900B9897
:1044E0006FF310100B900C988068402803D1FFE701
:1044F0001020029008E00C9880688038B0FA80F0B4
:10450000400980030290FFE702980C99CA680B6982
:10451000D1F814C0D1F818E0CC694EEA040E4CEA88
:104520000E0C43EA0C031A4340EAD200096A40EA3F
:1045300011110B9808430B900B980C9909680860AF
:104540000C9908684AF6F832CAF2FD7210444CF62B
:10455000CD42CCF6CC42A0FB02026FF0030000EA91
:104560009200C8650C98FCF70BFC08900C98C06D85
:1045700000F01F0101208840089948600AE00C996A
:10458000402048650C99032081F8350001208DF802
:1045900037004DE1FFE70C98016801201022C4F2BA
:1045A00002029142019000F00381FFE70C9801683C
:1045B00001202822C4F202029142019000F0F8800A
:1045C000FFE70C98016801204022C4F202029142E8
:1045D000019000F0ED80FFE70C980168012058225F
:1045E000C4F202029142019000F0E280FFE70C98D1
:1045F000016801207022C4F202029142019000F091
:10460000D780FFE70C98016801208822C4F20202DB
:104610009142019000F0CC80FFE70C9801680120E6
:10462000A022C4F202029142019000F0C180FFE793
:104630000C9801680120B822C4F202029142019054
:1046400000F0B680FFE70C980168012040F21042AC
:10465000C4F202029142019000F0AA80FFE70C9898
:104660000168012040F22842C4F202029142019006
:1046700000F09E80FFE70C980168012040F2404264
:10468000C4F202029142019000F09280FFE70C9880
:104690000168012040F25842C4F2020291420190A6
:1046A00000F08680FFE70C980168012040F270421C
:1046B000C4F20202914201907AD0FFE70C9801689F
:1046C000012040F28842C4F20202914201906FD070
:1046D000FFE70C980168012040F2A042C4F20202F8
:1046E0009142019064D0FFE70C980168012040F2EC
:1046F000B842C4F202029142019059D0FFE70C98EF
:104700000168012045F20842C5F60202914201907B
:104710004ED0FFE70C980168012045F21C42C5F617
:1047200002029142019043D0FFE70C9801680120FA
:1047300045F23042C5F602029142019038D0FFE7BF
:104740000C980168012045F24442C5F602029142EC
:1047500001902DD0FFE70C980168012045F25842E6
:10476000C5F602029142019022D0FFE70C98016841
:10477000012045F26C42C5F602029142019017D029
:10478000FFE70C980168012045F28042C5F602025D
:10479000914201900CD0FFE70C9800684AF66C310A
:1047A000CAF2FD710844B0FA80F040090190FFE7B9
:1047B0000198C00790B3FFE70C98FCF7C9FB0C9871
:1047C0008068802804D1FFE70C9900204860FFE74B
:1047D0000C990879096E08600C98416E806E4860EB
:1047E0000C98406888B1FFE70C98406808280CD8FE
:1047F000FFE70C98FCF768FC0C98C16E002008607D
:104800000C98016F406F486007E00C990020C86663
:104810000C9908670C994867FFE7FFE70C9900209F
:1048200048650C9A012182F835108DF83700FFE7B2
:104830009DF837000EB010BD80B588B00690059188
:104840000492039300208DF80B00069820B9FFE72F
:1048500001208DF81F006CE3FFE7069890F8340004
:10486000012804D1FFE702208DF81F0061E30699BB
:10487000012081F83400FFE7FFE7069890F8350043
:10488000012840F04383FFE70699022081F83500B4
:10489000069900204865069800681021C4F20201BC
:1048A000884200F08180FFE7069800682821C4F262
:1048B0000201884278D0FFE7069800684021C4F2E0
:1048C0000201884270D0FFE7069800685821C4F2C0
:1048D0000201884268D0FFE7069800687021C4F2A0
:1048E0000201884260D0FFE7069800688821C4F280
:1048F0000201884258D0FFE706980068A021C4F260
:104900000201884250D0FFE706980068B821C4F23F
:104910000201884248D0FFE70698006840F2104143
:10492000C4F2020188423FD0FFE70698006840F2D7
:104930002841C4F20201884236D0FFE70698006899
:1049400040F24041C4F2020188422DD0FFE70698B0
:10495000006840F25841C4F20201884224D0FFE7C7
:104960000698006840F27041C4F2020188421BD0F0
:10497000FFE70698006840F28841C4F202018842CD
:1049800012D0FFE70698006840F2A041C4F202018D
:10499000884209D0FFE70698006840F2B841C4F2A7
:1049A0000201884207D1FFE706980168086820F0F5
:1049B0000100086006E006980168086820F0010020
:1049C0000860FFE706980599049A039BFCF78CFCA6
:1049D0000698016801201022C4F20202914201905F
:1049E00000F0A380FFE70698016801202822C4F2A6
:1049F00002029142019000F09880FFE7069801685A
:104A000001204022C4F202029142019000F08D8008
:104A1000FFE70698016801205822C4F20202914281
:104A2000019000F08280FFE7069801680120702263
:104A3000C4F202029142019077D0FFE70698016824
:104A400001208822C4F20202914201906DD0FFE75A
:104A5000069801680120A022C4F20202914201904E
:104A600063D0FFE7069801680120B822C4F2020271
:104A70009142019059D0FFE706980168012040F269
:104A80001042C4F20202914201904ED0FFE7069814
:104A90000168012040F22842C4F2020291420190D2
:104AA00043D0FFE706980168012040F24042C4F27B
:104AB00002029142019038D0FFE706980168012078
:104AC00040F25842C4F20202914201902DD0FFE719
:104AD00006980168012040F27042C4F2020291423D
:104AE000019022D0FFE706980168012040F2884239
:104AF000C4F202029142019017D0FFE706980168C4
:104B0000012040F2A042C4F20202914201900CD076
:104B1000FFE7069800684FF64831CBF6FD71084470
:104B2000B0FA80F040090190FFE70198C007A8B1F2
:104B3000FFE70698006800680B2161F344000699BE
:104B4000096808600698006C38B1FFE706980168AC
:104B5000086840F008000860FFE714E00698006865
:104B60000068052161F3430006990968086006980A
:104B7000006C38B1FFE706980168086840F004004F
:104B80000860FFE7FFE70698016801201022C4F2E1
:104B900002029142009000F00381FFE7069801684D
:104BA00001202822C4F202029142009000F0F88015
:104BB000FFE70698016801204022C4F202029142F8
:104BC000009000F0ED80FFE7069801680120582270
:104BD000C4F202029142009000F0E280FFE70698E2
:104BE000016801207022C4F202029142009000F09C
:104BF000D780FFE70698016801208822C4F20202EC
:104C00009142009000F0CC80FFE7069801680120F7
:104C1000A022C4F202029142009000F0C180FFE79E
:104C2000069801680120B822C4F202029142009065
:104C300000F0B680FFE706980168012040F21042BC
:104C4000C4F202029142009000F0AA80FFE70698A9
:104C50000168012040F22842C4F202029142009011
:104C600000F09E80FFE706980168012040F2404274
:104C7000C4F202029142009000F09280FFE7069891
:104C80000168012040F25842C4F2020291420090B1
:104C900000F08680FFE706980168012040F270422C
:104CA000C4F20202914200907AD0FFE706980168B0
:104CB000012040F28842C4F20202914200906FD07B
:104CC000FFE706980168012040F2A042C4F2020208
:104CD0009142009064D0FFE706980168012040F2FD
:104CE000B842C4F202029142009059D0FFE7069800
:104CF0000168012045F20842C5F602029142009087
:104D00004ED0FFE706980168012045F21C42C5F627
:104D100002029142009043D0FFE70698016801200B
:104D200045F23042C5F602029142009038D0FFE7CA
:104D300006980168012045F24442C5F602029142FC
:104D400000902DD0FFE706980168012045F25842F7
:104D5000C5F602029142009022D0FFE70698016852
:104D6000012045F26C42C5F602029142009017D034
:104D7000FFE706980168012045F28042C5F602026D
:104D8000914200900CD0FFE7069800684AF66C311B
:104D9000CAF2FD710844B0FA80F040090090FFE7C4
:104DA0000098C007D0B1FFE70698006E0068C00306
:104DB000002807D5FFE70698016E086840F4807068
:104DC0000860FFE70698C06E38B1FFE70698C16E2D
:104DD000086840F480700860FFE7FFE70698006805
:104DE0001021C4F20201884200F08180FFE706989A
:104DF00000682821C4F20201884278D0FFE70698B3
:104E000000684021C4F20201884270D0FFE7069892
:104E100000685821C4F20201884268D0FFE7069872
:104E200000687021C4F20201884260D0FFE7069852
:104E300000688821C4F20201884258D0FFE7069832
:104E40000068A021C4F20201884250D0FFE7069812
:104E50000068B821C4F20201884248D0FFE70698F2
:104E6000006840F21041C4F2020188423FD0FFE7DF
:104E70000698006840F22841C4F20201884236D008
:104E8000FFE70698006840F24041C4F20201884200
:104E90002DD0FFE70698006840F25841C4F20201A5
:104EA000884224D0FFE70698006840F27041C4F2BF
:104EB000020188421BD0FFE70698006840F2884153
:104EC000C4F20201884212D0FFE70698006840F25F
:104ED000A041C4F20201884209D0FFE706980068A9
:104EE00040F2B841C4F20201884207D1FFE70698B8
:104EF0000168086840F00100086006E00698016853
:104F0000086840F001000860FFE70DE006994FF4E3
:104F100000604865FFE70699002081F83400FFE74C
:104F200001208DF80B00FFE79DF80B008DF81F00A6
:104F3000FFE79DF81F0008B080BD000000000000E2
:104F400080B584B0039001F033FD02900398019086
:104F50000198013048B1FFE740F2CA10C2F20040A8
:104F60000178019808440190FFE7FFE701F020FD78
:104F70000299401A0199884201D2FFE7F6E704B08E
:104F800080BD00000000000085B0039002910192F6
:104F9000039890F898008DF803009DF8030001280D
:104FA00005D0FFE79DF8030002285DD1FFE70298D6
:104FB00003990968896D084207D1FFE703980168E2
:104FC000C86D40F00100C86515E0029803990968B2
:104FD000896D08400299884207D1FFE7039801686C
:104FE000C86D40F00200C86504E003980168032022
:104FF000C865FFE7FFE79DF809008007002809D58D
:10500000FFE7019A03980168D1F8E0001043C1F866
:10501000E000FFE79DF809004007002809D5FFE7F9
:10502000019A03980168D1F8E4001043C1F8E40044
:10503000FFE7FFE702984FF6FF71C3F6CF7100EA72
:10504000010203980168486D10434865029A4AF6C8
:105050001401C4F20001086840EA92700860FFE79A
:1050600000208DF813000AE00399D1F89C0040F06D
:105070000200C1F89C0001208DF81300FFE79DF8A5
:10508000130005B07047000080B586B0049003910E
:1050900002920398406808B9FFE700E0FFE7049830
:1050A00090F89800022845D1FFE704980068D0F8EE
:1050B000C00010F07C5F0BD1FFE70499D1F89C0091
:1050C00040F02000C1F89C0001208DF817003CE062
:1050D00004980068D0F8C400800200280BD5FFE7D0
:1050E0000499D1F89C0040F40070C1F89C000120A4
:1050F0008DF8170029E004980068D0F8C400C0F3C8
:105100000440019004980399029A019BFCF75CFD0E
:105110000199012000FA01F1049A1268C2F8D01036
:10512000019988400499C1F89400FFE700208DF8A8
:1051300017000AE00499D1F89C0040F00800C1F87B
:105140009C0001208DF81700FFE79DF8170006B0BE
:1051500080BD00000000000082B00190009102B00C
:10516000704700000000000084B00290019100929E
:10517000019808B9FFE700E0FFE7029890F898006F
:10518000012836D1FFE7019870B9FFE7029800685F
:10519000D0F8F00020F07C50009940EA01600299BC
:1051A0000968C1F8F00020E0019801280ED1FFE75E
:1051B00002980068D0F8A00020F0FE40009940EA74
:1051C000016002990968C1F8A0000DE0029800682A
:1051D000D0F8B00020F0FE40009940EA016002994A
:1051E0000968C1F8B000FFE7FFE700208DF80F0065
:1051F0000AE00299D1F89C0040F00400C1F89C003C
:1052000001208DF80F00FFE79DF80F0004B07047F4
:1052100087B005900491059890F898008DF80300E8
:105220009DF80300012805D0FFE79DF80300022840
:105230006AD1FFE70498C068072801D1FFE7FFE7BC
:105240000498006878BBFFE70498C068072801D07D
:10525000FFE7FFE70498C06807280CD1FFE7049A2E
:1052600010699169D269000440EA0220084340F0C5
:10527000605003900CE004998868CB680A6949691A
:10528000800740EAC36040EA024008430390FFE71A
:105290000598C06E0499496800EB8100019003985D
:1052A000019908602CE00498C068072801D0FFE746
:1052B000FFE70498C168006940EA417003900498D0
:1052C000C068072804D1FFE704988069029006E0CF
:1052D00004988168406940EA81700290FFE7059870
:1052E000006F0499496800EBC1000190039801998F
:1052F0000860019804300190029801990860FFE766
:1053000000208DF81B000AE00599D1F89C0040F0C0
:105310000200C1F89C0001208DF81B00FFE79DF8FA
:105320001B0007B07047000085B0DDF814C0039083
:10533000029101920093039890F89800012812D1ED
:10534000FFE702980001019940EA8100009940EAD4
:1053500041000599084303990968C1F880000020BD
:105360008DF813000AE00399D1F89C0040F0040086
:10537000C1F89C0001208DF81300FFE79DF8130091
:1053800005B070470000000080B582B00190019820
:1053900000684DF20041C4F20001884214D1FFE7D9
:1053A000019800F01DF800909DF80100800700288A
:1053B00009D5FFE744F6A050C2F2004001210022C7
:1053C000FFF7E2FDFFE7FFE702B080BD000000004D
:1053D00082B00190009102B0704700000000000010
:1053E00081B000900098D0F89C0001B07047000098
:1053F0008AB00890079106920593002001900898C2
:1054000090F898008DF803009DF80300022840F002
:105410005C81FFE70798402851D1FFE708980068B2
:10542000D0F8A00010F4FE0F0BD1FFE70899D1F8D7
:105430009C0040F02000C1F89C0001208DF827005E
:105440004EE108980068D0F8A400400658B9FFE77C
:105450000899D1F89C0040F48070C1F89C000120AC
:105460008DF827003CE108980068D0F8A40000F00F
:1054700080710120B0EB116F0DD1FFE70898006833
:10548000D0F8A0100120B0EBD17F03D1FFE70120BD
:105490000190FFE7FFE708980068D0F8A40000F447
:1054A0007C51019800EB112001900898426C406FEC
:1054B0000199514300EB81000490FFE770E00798E9
:1054C000412851D1FFE708980068D0F8B00010F4E7
:1054D000FE0F0BD1FFE70899D1F89C0040F02000A7
:1054E000C1F89C0001208DF82700F9E008980068B9
:1054F000D0F8B400400658B9FFE70899D1F89C00ED
:1055000040F48070C1F89C0001208DF82700E7E08E
:1055100008980068D0F8B40000F080710120B0EB6A
:10552000116F0DD1FFE708980068D0F8B010012086
:10553000B0EBD17F03D1FFE701200190FFE7FFE748
:1055400008980068D0F8B40000F47C51019800EB92
:10555000112001900898C26C806F0199514300EBB3
:1055600081000490FFE71AE007980899096D8842C6
:105570000BD3FFE70899D1F89C0040F02000C1F858
:105580009C0001208DF82700AAE00898426DC06FAA
:105590000799514300EB81000490FFE7FFE7FFE725
:1055A0000498006800F080400699486006984068BA
:1055B00038B9FFE704980068C0F38A40069908608C
:1055C00006E00498006820F0604006990860FFE754
:1055D0000498006800F000500699886004980068FC
:1055E00000F0004006990861049804300490049883
:1055F00000880699C86104980068C0F303400699C2
:10560000C8600498006800F4801006994861049806
:10561000006800F400100699886104980068C0F3DF
:1056200006600699086204980068C00F06994862EF
:105630000498043004900498039000200290FFE73F
:1056400002980699CA684FF23031C0F60101895CB0
:1056500088420AD2FFE70398029A805C0599885431
:10566000FFE7029801300290EAE70798402806D148
:10567000FFE7019808990968C1F8A80021E0079898
:10568000412806D1FFE7019808990968C1F8B800D8
:1056900016E007981F2808D8FFE7079901208840DF
:1056A00008990968C1F8980009E0079800F01F01FF
:1056B0000120884008990968C1F89C00FFE7FFE7CE
:1056C000FFE700208DF827000AE00899D1F89C0038
:1056D00040F00800C1F89C0001208DF82700FFE78A
:1056E0009DF827000AB0704781B0009001B0704764
:1056F00080B594B013904AF61000C4F20000006820
:10570000800712904AF61400C4F200000168129853
:1057100000EA8170129013980068006D00F47040E8
:10572000119013980068416D1198084011901398DA
:105730000068006D00F00F00109013980068416D34
:1057400010980840109013980068006D00F0F00069
:105750000F9013980068416D0F9808400F901398B0
:105760000068006D00F071500E9013980068416D54
:105770000E9808400E9013980068006D00F060705D
:105780000D9013980068416D0D9808400D90139886
:105790000068406D039013980068006D01909DF8BB
:1057A0000D00C007B8B1FFE79DF80500C00788B13C
:1057B000FFE7FFE7139801684FF4807008654AF629
:1057C0001001C4F2000100200860FFE71398FFF702
:1057D0008BFFFFE7FFE79DF80D0000F004010020BC
:1057E000B0EB910F28D0FFE79DF8050000F0040111
:1057F0000020B0EB910F1ED0FFE713980068D0F89F
:10580000DC000B9013980068D0F8E4100B98084067
:105810000B90FFE7139801684FF4806008654AF623
:105820001001C4F2000100200860FFE713980B99F3
:1058300000F07AFEFFE7FFE71298B8B1FFE7FFE755
:1058400012984FF6FF71C3F6CF710840139909689B
:1058500008651298800F4AF61001C4F20001086032
:10586000FFE713981299FFF777FCFFE71198B8B19B
:10587000FFE7FFE711984FF6FF71C3F6CF710840BD
:105880001399096808651198800F4AF61001C4F24F
:1058900000010860FFE71398119900F059FEFFE737
:1058A0001098B8B1FFE7FFE710984FF6FF71C3F605
:1058B000CF7108401399096808651098800F4AF65F
:1058C0001001C4F200010860FFE71398109900F07E
:1058D00023FDFFE70F98B8B1FFE7FFE70F984FF6FA
:1058E000FF71C3F6CF7108401399096808650F98D6
:1058F000800F4AF61001C4F200010860FFE7139818
:105900000F9900F065FDFFE79DF80D0000F008011C
:105910000020B0EBD10F1BD0FFE79DF8050000F091
:1059200008010020B0EBD10F11D0FFE7FFE713987B
:1059300001684FF4006008654AF61001C4F20001E6
:1059400000200860FFE7139800F00AFEFFE7FFE77A
:105950009DF80D0000F002010020B0EB510F28D09F
:10596000FFE79DF8050000F002010020B0EB510FA9
:105970001ED0FFE713980068D0F8D8000C90139859
:105980000068D0F8E0100C9808400C90FFE71398DE
:1059900001684FF4007008654AF61001C4F2000176
:1059A00000200860FFE713980C9900F0C5FDFFE7A1
:1059B000FFE79DF80E0000F008010020B0EBD10FCA
:1059C0001BD0FFE79DF8060000F008010020B0EBB7
:1059D000D10F11D0FFE7FFE7139801684FF40020C3
:1059E00008654AF61001C4F2000100200860FFE7D4
:1059F000139800F08DFCFFE7FFE79DF80E00C0074D
:105A0000B8B1FFE79DF80600C00788B1FFE7FFE7E0
:105A1000139801684FF4803008654AF61001C4F20B
:105A2000000100200860FFE7139800F079FDFFE710
:105A3000FFE79DF80E0000F004010020B0EB910F8D
:105A40001BD0FFE79DF8060000F004010020B0EB3A
:105A5000910F11D0FFE7FFE7139801684FF4802002
:105A600008654AF61001C4F2000100200860FFE753
:105A7000139800F051FDFFE7FFE79DF80E0000F0DE
:105A800002010020B0EB510F1FD0FFE79DF8060088
:105A900000F002010020B0EB510F15D0FFE7FFE747
:105AA000139801684FF4003008654AF61001C4F2FB
:105AB000000100200860FFE71399D1F89C0040F036
:105AC0008000C1F89C00FFE7FFE70D98B8B1FFE741
:105AD000FFE70D984FF6FF71C3F6CF710840139999
:105AE000096808650D98800F4AF61001C4F200019C
:105AF0000860FFE713980D99FFF76AFCFFE70E981F
:105B0000D0B1FFE7FFE70E984FF6FF71C3F6CF71F4
:105B100008401399096808650E98800F4AF610012D
:105B2000C4F200010860FFE70E9A1399D1F89C00B7
:105B30001043C1F89C00FFE7139800684AF2000187
:105B4000C4F20001884240F0B980FFE71398406832
:105B500080688007002800F0B080FFE71398406855
:105B6000006A00F00F000A9013984068416A0A9892
:105B700008400A9013984068006A00F030000990CD
:105B800013984068416A0998084009901398406842
:105B9000006A00F4C070089013984068416A089841
:105BA0000840089013984068006A00F4FC40079091
:105BB00013984068416A0798084007901398406816
:105BC000006A00F4F020069013984068416A069835
:105BD0000840069013984068406A02901398406805
:105BE000006A00900A9848B1FFE70A98139949683B
:105BF000086213980A9900F077FCFFE7099848B10A
:105C0000FFE709981399496808621398099900F009
:105C10007BFCFFE79DF8080000F040010020B0EB9E
:105C2000911F1FD0FFE79DF8000000F04001002009
:105C3000B0EB911F15D0FFE713984068C06B000CC4
:105C4000059013984068C06B00F03F0004901398D3
:105C500041684020086213980599049A00F04CFCB2
:105C6000FFE7FFE7089848B1FFE7089813994968EC
:105C700008621398089900F02FFCFFE7079860B1BD
:105C8000FFE70798139949680862079A1399D1F8B2
:105C90009C001043C1F89C00FFE7069860B1FFE745
:105CA0000698139949680862069A1399D1F89C00DE
:105CB0001043C1F89C00FFE7FFE7FFE71398D0F817
:105CC0009C0020B1FFE71398FFF75EFBFFE714B0DD
:105CD00080BD00000000000080B598B016904FF223
:105CE000D421C0F6010101A84C22FAF7AEFC1698A7
:105CF00020B9FFE701208DF85F00D9E11698006810
:105D00004AF20001C4F20001884206D1FFE7169969
:105D1000086800F580704860FFE716988068B0F565
:105D2000407F01D1FFE7FFE71698006C08B1FFE75D
:105D3000FFE71698806C08B1FFE7FFE71698006D43
:105D400008B1FFE7FFE71698006E08B1FFE7FFE72D
:105D50001699C86D096E084408B1FFE7FFE7169869
:105D600090F8980040B9FFE71699002081F8990053
:105D7000169800F0A1F9FFE716980168886920F0ED
:105D80001000886100F014FE1590FFE71698006877
:105D900080690007002817D5FFE700F009FE159974
:105DA000401A0B280FD3FFE71699D1F89C0040F05A
:105DB0000100C1F89C001699032081F89800012089
:105DC0008DF85F0074E1E1E716980168886940F09A
:105DD0000100886100F0ECFD1590FFE7169800685F
:105DE0008069C007B8B9FFE700F0E2FD1599401AD5
:105DF0000B280FD3FFE71699D1F89C0040F0010063
:105E0000C1F89C001699032081F8980001208DF8B4
:105E10005F004DE1E2E716980168886940F00200F2
:105E200088611698007C012807D1FFE71698016861
:105E3000886920F04000886106E01698016888694A
:105E400040F040008861FFE71698407C012807D1A8
:105E5000FFE716980168886940F48040886106E091
:105E600016980168886920F480408861FFE71698D9
:105E7000807C012807D1FFE716980168886920F423
:105E80008050886106E016980168886940F4805067
:105E90008861FFE716980068806920F44070169AC0
:105EA000116892681043886116980168886920F02B
:105EB000A400886116980168086920F01000086144
:105EC0001698C068012807D1FFE71698016888690D
:105ED00040F0040088612BE01698C06830B3FFE7FB
:105EE0001698C068022819D0FFE7169801688869DB
:105EF00040F08000886116980168086940F0100041
:105F000008611698C068032807D1FFE71698016852
:105F1000886940F020008861FFE706E01698016874
:105F2000886940F020008861FFE700E0FFE7FFE7B5
:105F3000169A116853699069D2F81CE0A0F1010C1F
:105F40006FF0FF0000EB0E2040EA4C60126A013A4D
:105F500010430022CFF6FF7202EB03421043C861E8
:105F600016988068B0F5407F1CD1FFE7169A11683B
:105F7000536A906AD2F82CE001386FF0FF0C0CEBFA
:105F80000E2C40EA0C00D2F830C06FF00F0202EB8A
:105F90000C1210430022CFF6FF7202EB03421043B3
:105FA000C860FFE71698006E48B1FFE716980168D1
:105FB000426ED1F8C0001043C1F8C000FFE7169947
:105FC000C86D096E084480B1FFE716980068D0F8E4
:105FD000C80020F00700169A1168936E01AA52F8C3
:105FE00023201043C1F8C800FFE71698006C80B169
:105FF000FFE716980068D0F8BC0020F00700169A5A
:106000001168536C01AA52F823201043C1F8BC0058
:10601000FFE71698806C88B1FFE716980068D0F803
:10602000BC0020F07000169A1168D36C01AA52F8D7
:10603000232040EA0210C1F8BC00FFE71698006D6B
:1060400088B1FFE716980068D0F8BC0020F4E06043
:10605000169A1168536D01AA52F8232040EA0220D3
:10606000C1F8BC00FFE7169800684AF20001C4F2CC
:106070000001884207D1FFE716984168886820F040
:1060800003008860FFE716990020C1F89400169974
:10609000C1F89C001699012081F898001698FBF72A
:1060A0002FFC8DF853009DF853008DF85F00FFE73B
:1060B0009DF85F0018B080BD80B5C0B03F90002053
:1060C0003E903D903C903B903A900CA8B821FAF756
:1060D00010FB3F9800684AF20001C4F200018842B8
:1060E00055D1FFE700200D904FF400400C904FF089
:1060F000805027900CA802F0FFF918B1FFE7FBF7DA
:10610000DFFBFFE740F2E430C2F2004001680131FA
:1061100001600068012810D1FFE7FFE744F2EC407E
:10612000C5F60200016841F480710160006800F466
:1061300080700B900B98FFE7FFE7FFE744F2E04029
:10614000C5F60200016841F008010160006800F036
:1061500008000A900A98FFE703203A9002203B903B
:10616000002004903C903D9009203E9040F6004075
:10617000C5F602003AA900F01BFA049A1320059014
:10618000012100F0D5FC059800F0C6FCBEE03F9868
:1061900000684AF20041C4F20001884255D1FFE78D
:1061A00000200D904FF400400C904FF0805027904D
:1061B0000CA802F0A1F918B1FFE7FBF781FBFFE79C
:1061C00040F2E430C2F20040016801310160006831
:1061D000012810D1FFE7FFE744F2EC40C5F60200CA
:1061E000016841F480710160006800F480700990DA
:1061F0000998FFE7FFE7FFE744F2E040C5F6020039
:10620000016841F002010160006800F0020008909E
:106210000898FFE760203A9002203B90002002900F
:106220003C903D9009203E9040F20040C5F60200AF
:106230003AA900F0BDF9029A14200390012100F060
:1062400077FC039800F068FC5FE03F9800684DF22F
:106250000041C4F20001884256D1FFE700200D90B2
:106260004FF400400C904FF0805027900CA802F0A3
:1062700043F918B1FFE7FBF723FBFFE740F2E430F7
:10628000C2F200400168013101600068012810D1AC
:10629000FFE7FFE744F2EC40C5F60200016841F475
:1062A00080710160006800F4807007900798FFE734
:1062B000FFE7FFE744F2E040C5F60200016841F065
:1062C00008010160006800F0080006900698FFE7EA
:1062D0004FF440503A9002203B90002000903C90B8
:1062E0003D9005203E9040F60040C5F602003AA9D8
:1062F00000F05EF9009A9F200190114600F018FC12
:10630000019800F009FCFFE7FFE7FFE740B080BD20
:1063100081B0009001B0704780B588B007900691B9
:10632000079800684AF20001C4F20001884212D1C5
:10633000FFE7079840F28821C2F2004104910A1D4C
:10634000059201F12C034021FFF752F804990598BA
:10635000496B884737E0079800684AF20041C4F269
:106360000001884212D1FFE7079840F22831C2F2BB
:10637000004102910A1D039201F12C034021FFF715
:1063800037F802990398496B88471BE00798006823
:106390004DF20041C4F20001884212D1FFE7079894
:1063A00040F28831C2F2004100910A1D019201F1D0
:1063B0002C034021FFF71CF800990198496B88478E
:1063C000FFE7FFE7FFE708B080BD00000000000026
:1063D00080B588B007900691079800684AF20001DE
:1063E000C4F20001884212D1FFE7079840F28821E9
:1063F000C2F2004104910A1D059201F12C034121D2
:10640000FEF7F6FF04990598496B884737E007982F
:1064100000684AF20041C4F20001884212D1FFE74D
:10642000079840F22831C2F2004102910A1D0392FE
:1064300001F12C034121FEF7DBFF02990398496B20
:1064400088471BE0079800684DF20041C4F2000144
:10645000884212D1FFE7079840F28831C2F200412A
:1064600000910A1D019201F12C034121FEF7C0FFAA
:1064700000990198496B8847FFE7FFE7FFE708B0FD
:1064800080BD00000000000082B00090009890F8ED
:106490009800012811D1FFE70099022081F89800A7
:1064A00000980168886920F0010088610099002047
:1064B000C1F89C008DF807000AE00099D1F89C0013
:1064C00040F00400C1F89C0001208DF80700FFE7B0
:1064D0009DF8070002B0704782B00190009102B0B1
:1064E000704700000000000082B00190009102B0EF
:1064F000704700000000000083B0029001910092FC
:1065000003B070470000000082B00190009102B01B
:10651000704700000000000081B0009001B070479B
:1065200081B0009001B0704782B00190009102B03C
:10653000704700000000000082B00190009145F615
:106540000C01C2F2004108680130086002B07047D7
:1065500082B00190009102B070470000000000007E
:1065600081B0009001B0704781B0ADF8020001B079
:10657000704700000000000080B582B0ADF8060052
:106580008820C5F600000068BDF8061008420BD050
:10659000FFE7BDF806008821C5F600010860BDF8D8
:1065A0000600FFF7E1FFFFE702B080BD000000003A
:1065B0008FB00E900D9100200C908020C5F6000049
:1065C0000990FFE70D9800680C99C840002800F07A
:1065D000C181FFE70D9800680C9A012191400840A5
:1065E0000B900B98002800F0B181FFE70D984068F0
:1065F00000F00300012807D0FFE70D98406800F085
:10660000030002282FD1FFE70E9880680A900C98AB
:106610004100032000FA01F10A9888430A900D987E
:10662000C0680C99490000FA01F10A9808430A90E1
:106630000A980E9988600E9840680A900C9901207B
:1066400000FA01F10A9888430A900D984068C0F357
:1066500000100C9900FA01F10A9808430A900A9870
:106660000E994860FFE70D98406800F0030003288A
:1066700018D0FFE70E98C0680A900C9841000320DC
:1066800000FA01F10A9888430A900D9880680C99E5
:10669000490000FA01F10A9808430A900A980E99F5
:1066A000C860FFE70D98406800F00300022826D17B
:1066B000FFE70E980C996FF0030202EA51010844BB
:1066C000006A0A900C9800F0070081000F2000FA81
:1066D00001F10A9888430A900D9800690C9901F01D
:1066E0000701890000FA01F10A9808430A900A9804
:1066F0000E990C9B02EA530211440862FFE70E98C0
:1067000000680A900C984100032000FA01F10A98F1
:1067100088430A900D98406800F003000C994900E6
:1067200000FA01F10A9808430A900A980E99086045
:106730000D9880798007002800F00781FFE7FFE7C8
:1067400044F2F440C5F60200016841F00201016024
:10675000006800F0020008900898FFE70C9820F00D
:10676000030040F20841C5F6000140580A900C9819
:1067700000F0030081000F2000FA01F10A9888431D
:106780000A900E980021C5F60201884203D1FFE766
:10679000002007906CE00E9840F20041C5F602011F
:1067A000884203D1FFE7012006905EE00E9840F694
:1067B0000001C5F60201884203D1FFE702200590DF
:1067C00050E00E9840F60041C5F60201884203D120
:1067D000FFE70320049042E00E9841F20001C5F665
:1067E0000201884203D1FFE70420039034E00E98B1
:1067F00041F20041C5F60201884203D1FFE70520BE
:10680000029026E00E9841F60001C5F6020188428A
:1068100003D1FFE70620019018E00E9841F60041F1
:10682000C5F60201884203D1FFE7072000900AE085
:106830000E9942F20042C5F602020A20914208BFB8
:1068400009200090FFE700980190FFE7019802906F
:10685000FFE702980390FFE703980490FFE704988E
:106860000590FFE705980690FFE706980790FFE779
:1068700007980C9901F00301890000FA01F10A98C8
:1068800008430A900A980C9921F0030140F208424B
:10689000C5F6000288504FF0B04000680A900B998E
:1068A0000A9888430A900D988079C006002805D57B
:1068B000FFE70B990A9808430A90FFE70A984FF000
:1068C000B04108600420C5F6000000680A900B99EA
:1068D0000A9888430A900D9880798006002805D58B
:1068E000FFE70B990A9808430A90FFE70A980421EA
:1068F000C5F600010860099840680A900B990A984B
:1069000088430A900D9880798007002805D5FFE715
:106910000B990A9808430A90FFE70A98099948607A
:10692000099800680A900B990A9888430A900D9874
:106930008079C00728B1FFE70B990A9808430A90AD
:10694000FFE70A9809990860FFE7FFE70C98013014
:106950000C9037E60FB0704783B00290ADF8061088
:10696000029840690090009ABDF8060002EA000112
:10697000904340EA01400299886103B070470000EB
:1069800082B00190ADF802108DF801209DF8010051
:1069900028B1FFE7BDF802000199886105E0BDF864
:1069A0000200000401998861FFE702B0704700000F
:1069B00045F62400C2F20040006870470000000065
:1069C00040F2CA10C2F20040027845F62401C2F239
:1069D0000041086810440860704700000000000093
:1069E00080B582B0032000F0BBF803F01DF844F23C
:1069F0001842C5F602021168C1F303234FF2203199
:106A0000C0F60101CB5C03F01F03D8400090009852
:106A1000126802F00F02895C01F01F01C84040F2C9
:106A2000D001C2F200410860009840F2CC01C2F2ED
:106A300000410860072000F013F820B1FFE70120B3
:106A40008DF8070005E000F04FF800208DF80700F2
:106A5000FFE79DF8070002B080BD000000000000C5
:106A600080B582B0009040F2CA10C2F200400078B7
:106A700020B9FFE701208DF8070030E040F2CC009C
:106A8000C2F20040006840F2CA11C2F200410A7826
:106A90004FF47A71B1FBF2F1B0FBF1F005F018F8A8
:106AA00020B1FFE701208DF8070018E000980F28BB
:106AB0000DD8FFE700994FF0FF30002200F038F8C2
:106AC000009840F2CC11C2F20041086003E00120BE
:106AD0008DF8070003E000208DF80700FFE79DF820
:106AE000070002B080BD000080B582B0FFE744F22D
:106AF000F440C5F60200016841F00201016000683F
:106B000000F0020001900198FFE7042000F028F84F
:106B100002B080BD0000000080B582B0ADF8060074
:106B2000BDF9060017F004FB02B080BD00000000B4
:106B300080B586B0ADF816000491039217F010FBF3
:106B40000290BDF91600019002980499039A07F08B
:106B50000BFF0146019817F00BFB06B080BD00004B
:106B600080B582B00190019817F026FB02B080BD7D
:106B700082B0019001980068009001990120C1F84D
:106B8000D8040199002081F8CC04009A916941F061
:106B900000619161009A516D0323C1F20003194312
:106BA000516502B07047000082B001908DF803106B
:106BB00002B070470000000082B00190ADF80210F2
:106BC000BDF80200019909684862002002B07047D0
:106BD00084B003908DF80B10ADF80820039800687E
:106BE000406A00909DF80B0048B9FFE7BDF8081017
:106BF000009840EA014003990968886233E00398ED
:106C00000068816A009800EB1140009000208DF828
:106C10000700FFE79DF807009DF80B100139884237
:106C200013D2FFE7039800689DF8071000EB81007E
:106C3000D0F80411009800EB11400090FFE79DF898
:106C4000070001308DF80700E4E7BDF80810009850
:106C500040EA0140039909689DF80B2001EB82018D
:106C6000C1F80001FFE7002004B0704700000000F9
:106C700080B582B001900198D0F8E0040CF010FBD0
:106C800002B080BD0000000080B582B001908DF898
:106C90000310019AD2F8E0049DF8031001EBC10340
:106CA00002EB8302126A0CF057F902B080BD0000BB
:106CB00080B582B001908DF80310019AD2F8E004FB
:106CC0009DF8031001EBC10302EB8302D2F86022AE
:106CD0000CF00AFA02B080BD80B582B00190019834
:106CE000D0F8E0040CF0E4FA02B080BD000000002F
:106CF00080B584B003908DF80B109DF80B00000652
:106D000000280CD5FFE703989DF80B1001F00F0148
:106D100001EBC10100EB8100143001900CE00398FD
:106D20009DF80B1001F00F0101EBC10100EB810098
:106D300000F515700190FFE70398006801990EF0C7
:106D40006BF88DF80A009DF80A0004B080BD0000C1
:106D500080B584B002908DF807109DF807000006FA
:106D600000280FD5FFE702989DF8071001F00F01EA
:106D700001EBC10100EB810014300090009901206B
:106D800048700FE002989DF8071001F00F0101EB29
:106D9000C10100EB810000F5157000900099002002
:106DA0004870FFE79DF8070000F00F000099087099
:106DB000FFE7029890F89404012804D1FFE702202D
:106DC0008DF80F0014E00299012081F89404FFE788
:106DD000FFE70298006800990DF00EFBFFE70299AB
:106DE000002081F89404FFE700208DF80F00FFE7F2
:106DF0009DF80F0004B080BD80B584B002908DF87E
:106E000007109DF8070000F00F00029909798842E9
:106E100004D9FFE701208DF80F004DE09DF8070031
:106E2000000600280FD5FFE702989DF8071001F033
:106E30000F0101EBC10100EB8100143000900099BB
:106E4000012048700FE002989DF8071001F00F0133
:106E500001EBC10100EB810000F515700090009975
:106E600000204870FFE70099002088709DF8070017
:106E700000F00F0000990870FFE7029890F8940462
:106E8000012804D1FFE702208DF80F0014E00299D9
:106E9000012081F89404FFE7FFE702980068009959
:106EA0000DF01AFDFFE70299002081F89404FFE736
:106EB00000208DF80F00FFE79DF80F0004B080BDA3
:106EC00082B001908DF8031001989DF8031001F035
:106ED0000F0101EBC10100EB8100D0F8680202B0A4
:106EE000704700000000000080B586B004908DF867
:106EF0000F10ADF80C208DF80B3000208DF80A0033
:106F00009DF80F00000600280FD5FFE704989DF8B4
:106F10000F1001F00F0101EBC10100EB81001430F3
:106F200001900199012048700FE004989DF80F101E
:106F300001F00F0101EBC10100EB810000F51570BC
:106F40000190019900204870FFE79DF80F0000F0C4
:106F50000F0001990870BDF80C006FF3DF20019954
:106F600088609DF80B00019908710198407820B164
:106F7000FFE7019908784883FFE79DF80B00022896
:106F800004D1FFE7019900204871FFE7FFE704986B
:106F900090F89404012804D1FFE702208DF817002F
:106FA00015E00499012081F89404FFE7FFE70498B5
:106FB000006801990DF0E4F8FFE70499002081F8DA
:106FC0009404FFE79DF80A008DF81700FFE79DF88D
:106FD000170006B080BD000080B586B005908DF822
:106FE00013100392029305989DF8131001F00F01FE
:106FF00001EBC10100EB810000F5157001900398D1
:107000000199C860029801990861019900204861BE
:10701000019948709DF8130000F00F000199087065
:1070200005988079012804D1FFE703980199C86188
:10703000FFE7059A1068019992790DF0F1FC0020A4
:1070400006B080BD0000000080B584B002908DF8CD
:1070500007109DF8070000F00F0002990979884297
:1070600004D9FFE701208DF80F0058E09DF80700D4
:10707000000600280FD5FFE702989DF8071001F0E1
:107080000F0101EBC10100EB810014300090009969
:10709000012048700DE002989DF8071001EBC10136
:1070A00000EB810000F515700090009900204870F9
:1070B000FFE70099012088709DF8070000F00F009D
:1070C00000990870FFE7029890F89404012804D111
:1070D000FFE702208DF80F0021E00299012081F8DE
:1070E0009404FFE7FFE70298006800990DF044FC64
:1070F0009DF80700000740B9FFE7029A10689179F0
:1071000002F29C420DF098FBFFE7FFE70299002096
:1071100081F89404FFE700208DF80F00FFE79DF849
:107120000F0004B080BD000080B586B005908DF8DA
:1071300013100392029305989DF8131001F00F01AC
:1071400001EBC10100EB810014300190039801991B
:10715000C86002980199086101990020486101996D
:10716000012048709DF8130000F00F00019908708D
:1071700005988079012804D1FFE703980199C86137
:10718000FFE7059A1068019992790DF049FC0020FB
:1071900006B080BD0000000080B58CB00B900B984D
:1071A00000680A900A9809900B9800680DF074FF27
:1071B000002840F03484FFE70B9800680DF0DCFFF6
:1071C00010B9FFE700F02BBC0998D0F80808C0F30D
:1071D0000D200B99C1F8D4040B9800680DF0CCFF7A
:1071E0008007002807D5FFE70B980168486900F081
:1071F00002004861FFE70B9800680DF0BDFFC00674
:10720000002862D5FFE70B980168886920F010001C
:1072100088610A98006A02900B98029901F00F01A8
:1072200001EBC10100EB810000F515700890029898
:1072300000F4F0110220B0EB514F23D1FFE7BDF86D
:10724000080047F6F07108421BD0FFE70A9808993A
:10725000C968029AC2F30A120DF09EFF029847F61F
:10726000F07100EA0103089AD06800EB1310D060B7
:10727000029800EA01020899486900EB121048617F
:10728000FFE71BE0029800F4F0110620B0EB514F2D
:1072900012D1FFE70A980B9901F29C4108220DF0E8
:1072A0007BFF029847F6F07100EA010208994869ED
:1072B00000EB1210486100E0FFE7FFE70B98016860
:1072C000886940F010008861FFE70B9800680DF0B6
:1072D00053FF0003002840F1A680FFE70020049040
:1072E0000B9800680DF0F4FE0690FFE70698002862
:1072F00000F09880FFE79DF81800C007002800F014
:107300008A80FFE70B9800689DF810100DF01CFFB5
:1073100005909DF81400C00760B1FFE70998049933
:1073200000EB41110120C1F8080B0B98049907F0FC
:10733000A3FBFFE79DF81400000700280CD5FFE72A
:107340000998049900EB41110820C1F8080B0B982B
:10735000049907F049FBFFE79DF81400C0060028D8
:1073600008D5FFE70998049900EB41111020C1F8F6
:10737000080BFFE79DF81400800700282DD5FFE7D4
:107380000A9840690006002808D5FFE70999D1F856
:10739000040840F48060C1F80408FFE70B980499E2
:1073A00001EBC10100EB810000F515700890089811
:1073B000C078012809D1FFE708990020C8700B9810
:1073C0009DF8101000F040FBFFE70998049900EBCE
:1073D00041110220C1F8080BFFE79DF81400800658
:1073E000002808D5FFE70998049900EB41112020F7
:1073F000C1F8080BFFE79DF815008006002809D5A5
:10740000FFE70998049900EB41114FF40050C1F8CF
:10741000080BFFE7FFE70498013004900698400846
:10742000069063E7FFE70B9800680DF0A5FE4003A8
:10743000002840F1C680FFE70B9800680DF034FE8D
:10744000069000200490FFE70698002800F0B8801E
:10745000FFE79DF81800C007002800F0AA80FFE7AA
:107460000B9800689DF810100DF046FE05909DF8F1
:107470001400C00700283ED0FFE7049800F00F0179
:10748000012000FA01F10391039B099AD2F8341804
:107490009943C2F834180999049A01EB4211C1F8D2
:1074A00008090B98807901281FD1FFE70B980499F0
:1074B00001EBC10100EB8101CA69086A104408624E
:1074C000049888B9FFE70B98049901EBC10100EB20
:1074D0008100406A40B9FFE70B99086801F29C42BD
:1074E00001210DF0A9F9FFE7FFE70B989DF81010B7
:1074F000FFF7CAFBFFE79DF814000007002808D536
:10750000FFE70998049900EB41110820C1F8080928
:10751000FFE79DF81400C006002808D5FFE709988A
:10752000049900EB41111020C1F80809FFE79DF80C
:1075300014004006002808D5FFE70998049900EBDD
:1075400041114020C1F80809FFE79DF814008007A9
:10755000002822D5FFE70A9804990DF035FD0B9815
:10756000049901EBC10100EB8100143008900898E8
:10757000C078012809D1FFE708990020C8700B984E
:107580009DF8101000F050FAFFE70998049900EBFD
:1075900041110220C1F80809FFE79DF81400000618
:1075A000002805D5FFE70B98049907F049FBFFE792
:1075B000FFE704980130049006984008069043E7DE
:1075C000FFE70B9800680DF0D7FDC00F00B3FFE791
:1075D0000999D1F8040820F00100C1F804080B98BB
:1075E00090F8CC04012808D1FFE70B98002180F81F
:1075F000CC140B98FFF7D8FA03E00B9800F0BCFB13
:10760000FFE70B980168486900F000404861FFE718
:107610000B9800680DF0B0FD0005002811D5FFE7BC
:107620000998D0F80808C00720B1FFE70B9800F0D0
:1076300037FCFFE70B980168486900F40060486177
:10764000FFE70B9800680DF097FD0001002820D59A
:10765000FFE70B980168486900F0006048610B98EB
:1076600090F8CC0480B9FFE70B98012180F8CC1486
:107670000B980068406DC0F383000B9AC2F8D004E9
:107680000B98FFF791FA03E00B9800F009FCFFE775
:10769000FFE70B9800680DF06FFDC004002840F173
:1076A0008680FFE70999D1F8040820F00100C1F8AD
:1076B00004080B98006810210DF086FC002007904C
:1076C000FFE707980B990979884231D2FFE70998BB
:1076D000079900EB41114FF67F30C1F8080909996D
:1076E000079A01EB4212D2F8001921F40011C2F8F6
:1076F00000190999079A01EB4211C1F8080B099882
:10770000079900EB4111D1F8000B20F40010C1F8EB
:10771000000B0998079900EB4111D1F8000B40F0DC
:107720000060C1F8000BFFE7079801300790C8E739
:107730000999D1F81C0840F00110C1F81C080B98F9
:10774000C07B78B1FFE70999D1F8840840F00B00BD
:10775000C1F884080999D1F8440840F00B00C1F839
:1077600044080FE00999D1F8140842F22B021043A3
:10777000C1F814080999D1F8100840F00B00C1F8BD
:107780001008FFE70999D1F8000820F4FE60C1F85D
:1077900000080B9A1068917902F29C420DF04CF8A7
:1077A0000B980168486900F480504861FFE70B9826
:1077B00000680DF0E1FC800400281FD5FFE70B985E
:1077C00000680CF04DFD0B9800680DF03DFC0B9926
:1077D000C8710B980068019002F0D2F80146019838
:1077E0000B9AD2790DF0D4FD0B9800F099FA0B9812
:1077F0000168486900F400504861FFE70B98006891
:107800000DF0BAFC000700280AD5FFE70B9800F03E
:10781000BFFA0B980168486900F008004861FFE76B
:107820000B9800680DF0A8FC0006002825D5FFE79E
:107830000A99886920F08000886101200490FFE7A0
:1078400004980B990979884216D2FFE70B9804999E
:1078500001EBC10100EB810090F85702012806D12D
:10786000FFE70B989DF81010FFF742FAFFE7FFE7DC
:10787000049801300490E3E7FFE70B9800680DF0EF
:107880007BFCC00200283CD5FFE701200490FFE705
:1078900004980B99097988422CD2FFE7099804993A
:1078A00000EB4110D0F8000902900B98049901EB0D
:1078B000C10100EB8100007E012816D1FFE79DF891
:1078C0000B000006002810D5FFE70B98049901EB88
:1078D000C10100EB81010120C8750B989DF81010C3
:1078E00041F08001FFF704FAFFE7FFE70498013059
:1078F0000490CDE70B980168486900F48010486156
:10790000FFE70B9800680DF037FC8002002856D581
:10791000FFE701200490FFE704980B99097988425A
:1079200046D2FFE70998049900EB4110D0F8000B0C
:1079300002900B98049901EBC10100EB810090F8D3
:10794000580201282FD1FFE79DF80B000006002800
:1079500029D5FFE7029800F480310B98D0F8D404C1
:1079600000F00100B0EB114F1DD1FFE70B98049917
:1079700001EBC10100EB8101012081F857020A9956
:10798000886940F0800088610A98406900060028F4
:1079900008D4FFE70999D1F8040840F40070C1F851
:1079A000040805E0FFE7FFE7049801300490B3E71F
:1079B0000B980168486900F400104861FFE70B98D4
:1079C00000680DF0D9FB400000280AD5FFE70B98AE
:1079D000FFF74EF90B980168486900F08040486154
:1079E000FFE70B9800680DF0C7FB4007002815D58E
:1079F000FFE70B980068406802909DF80800400778
:107A0000002804D5FFE70B98FFF766F9FFE7029A15
:107A10000B980168486810434860FFE7FFE70CB027
:107A200080BD00000000000080B582B001908DF89C
:107A300003100198D0F8E0049DF803100BF0DCFC73
:107A400002B080BD0000000080B582B001908DF8CA
:107A500003100198D0F8E0049DF803100BF004FD2A
:107A600002B080BD0000000080B58CB00A900A987A
:107A700020B9FFE701208DF82F000EE10A9890F859
:107A8000950440B9FFE70A99002081F894040A9808
:107A900000F00AF9FFE70A99032081F895040A9893
:107AA00000680CF0BDFE0A9B1868197C8DF8201048
:107AB00059689A68DB680793069205910599069ABA
:107AC000079BDDF820C0EE46CEF800C00CF0E0FBCE
:107AD00040B1FFE70A99022081F8950401208DF852
:107AE0002F00DAE00A98006800210DF0B1FB40B1E8
:107AF000FFE70A99022081F8950401208DF82F00F4
:107B0000CBE000208DF82700FFE79DF827000A99B9
:107B10000979884241DAFFE70A989DF8271001EBBE
:107B2000C10100EB8101012048759DF827000A99E9
:107B300000EBC00201EB820108759DF827000A994D
:107B400000EBC00201EB8201C8850A989DF827105E
:107B500001EBC10100EB8101002008760A999DF834
:107B6000272002EBC20201EB8201C8610A999DF84D
:107B7000272002EBC20201EB820108620A999DF8FC
:107B8000272002EBC20201EB82014862FFE79DF869
:107B9000270001308DF82700B7E700208DF8270077
:107BA000FFE79DF827000A99097988423EDAFFE746
:107BB0000A989DF8271001EBC10100EB810100201C
:107BC00081F855029DF827100A9A01EBC10302EBD8
:107BD000830282F854120A999DF8272002EBC20210
:107BE00001EB820181F858020A999DF8272002EBE7
:107BF000C20201EB8201C1F85C020A999DF82720BC
:107C000002EBC20201EB8201C1F860020A999DF801
:107C1000272002EBC20201EB8201C1F86402FFE7F8
:107C20009DF8270001308DF82700BAE70A9B1868F5
:107C3000197C8DF8101059689A68DB6803930292DA
:107C400001910199029A039BDDF810C0EE46CEF82F
:107C500000C00CF09DFC40B1FFE70A99022081F8BA
:107C6000950401208DF82F0017E00A990020487430
:107C70000A99012081F895040A98007B012804D113
:107C8000FFE70A98FEF774FFFFE70A9800680CF018
:107C900067FC00208DF82F00FFE79DF82F000CB047
:107CA00080BD00000000000080B5B2B0319002A895
:107CB000B821F8F71EFD319800680021C4F20401D4
:107CC00088422BD1FFE7002003904FF480200290E0
:107CD0004FF44010239002A800F00EFC18B1FFE70B
:107CE000F9F7EEFDFFE700F04FF9FFE744F2D84067
:107CF000C5F60200016841F000710160006800F003
:107D0000007001900198FFE74D200090002211467D
:107D1000FEF70EFF0098FEF7FFFEFFE732B080BDD2
:107D200080B582B0019001208DF803000198C079E0
:107D300020B9FFE700208DF803000CE00198C0791E
:107D4000022804D1FFE701208DF8030002E0F9F7D3
:107D5000B7FDFFE7FFE70198D0F8E0049DF80310B6
:107D60000BF08AFC0198D0F8E0040BF001FC02B0A3
:107D700080BD00000000000080B582B00190019835
:107D8000D0F8E0040BF044FC02B080BD000000001D
:107D900080B582B001900198D0F8E0040BF04CFC63
:107DA00002B080BD0000000080B584B002908DF864
:107DB0000710FFE7029890F89404012804D1FFE728
:107DC00002208DF80F0019E00299012081F8940437
:107DD000FFE7FFE79DF807000299487402980068E2
:107DE0009DF807100DF0A4FAFFE70299002081F832
:107DF0009404FFE700208DF80F00FFE79DF80F00C7
:107E000004B080BD0000000080B582B001900199EF
:107E1000D1F8E00401F29C410BF05AFC02B080BDA5
:107E200080B584B00290029800680190FFE7029844
:107E300090F89404012804D1FFE702208DF80F0088
:107E400028E00299012081F89404FFE7FFE70198F8
:107E5000C068400600280BD5FFE70298407B012848
:107E600006D1FFE70199886B40F480308863FFE713
:107E7000029800680DF060F8029800680CF058FB5A
:107E8000FFE70299002081F89404FFE700208DF8B5
:107E90000F00FFE79DF80F0004B080BD0000000058
:107EA00080B582B001900198D0F8E0040BF098FC06
:107EB00001980168D1F8000E40F00100C1F8000EF1
:107EC0000198C07A48B1FFE74EF61051CEF200019A
:107ED000086840F006000860FFE702B080BD0000BF
:107EE00080B584B0029044F60C00C5F6020000682C
:107EF00000F004010020B0EB910F13D1FFE744F62E
:107F00000C00C5F60200006800F0070002998842E4
:107F100004D0FFE701208DF80F002EE000208DF83F
:107F20000F002AE044F60C01C5F60201086820F0B3
:107F30000700029A10430860FEF73AFD0190FFE740
:107F400044F60400C5F60200006800F40051002069
:107F5000B0EB513F0DD1FFE7FEF72AFD0199401A22
:107F6000B0F57A7F04D9FFE701208DF80F0004E017
:107F7000E6E700208DF80F00FFE79DF80F0004B042
:107F800080BD00000000000044F60C01C5F60201AF
:107F9000086840F080700860704700000000000032
:107FA00080B501F0EDFC44F22041C5F602010968FC
:107FB000C1F302124FF22031C0F60101895C01F0D9
:107FC0001F01C84080BD000088B0079044F22840DF
:107FD000C5F60200016801F0030106910068C0F3D4
:107FE0000530059044F22C40C5F602000068C0F34D
:107FF00000100490049844F23C41C5F6020109685F
:1080000089B2C908484300EE100AB8EE400A8DED67
:10801000020A0598002800F01181FFE706980090F9
:1080200048B1FFE70098012865D0FFE700980228D3
:1080300000F08380A3E044F20040C5F6020000682F
:1080400000F020010020B0EB511F31D0FFE744F2D7
:108050000040C5F602000068C0F3C10149F200000B
:10806000C0F2D030C84003909DED030AB8EE400A3C
:108070009DED051AB8EE411A80EE010A44F238402F
:10808000C5F6020000686FF35F2001EE100AB8EE3B
:10809000411A9DED022A9FED6F3A02EE031AB7EEE8
:1080A000002A31EE021A20EE010A8DED010A21E0CC
:1080B0009DED050AB8EE401A9FED680A80EE010AB0
:1080C00044F23840C5F6020000686FF35F2001EE0D
:1080D000100AB8EE411A9DED022A9FED5E3A02EEBB
:1080E000031AB7EE002A31EE021A20EE010A8DEDD6
:1080F000010AFFE765E09DED050AB8EE401A9FED25
:10810000560A80EE010A44F23840C5F602000068C3
:108110006FF35F2001EE100AB8EE411A9DED022ABE
:108120009FED4C3A02EE031AB7EE002A31EE021A26
:1081300020EE010A8DED010A43E09DED050AB8EE3F
:10814000401A9FED430A80EE010A44F23840C5F61A
:10815000020000686FF35F2001EE100AB8EE411ACA
:108160009DED022A9FED3B3A02EE031AB7EE002A7C
:1081700031EE021A20EE010A8DED010A21E09DED9B
:10818000050AB8EE401A9FED340A80EE010A44F267
:108190003840C5F6020000686FF35F2001EE100A58
:1081A000B8EE411A9DED022A9FED2A3A02EE031A1B
:1081B000B7EE002A31EE021A20EE010A8DED010A17
:1081C000FFE79DED010A44F23840C5F60200016860
:1081D00089B2490A01EE101AB8EE411AB7EE002A28
:1081E00031EE021A80EE010A0799BCEEC00A81ED59
:1081F000000A9DED010A0168C1F3064101EE101A63
:10820000B8EE411A31EE021A80EE010A0799BCEE6F
:10821000C00A81ED010A9DED010A0068C0F3066005
:1082200001EE100AB8EE411A31EE021A80EE010A90
:108230000798BCEEC00A80ED020A07E0079900200B
:1082400008600799486007998860FFE708B07047A1
:10825000001BB74B000000390024744A0024744C02
:1082600088B0079044F22840C5F60200016801F08A
:10827000030106910068C0F30550059044F22C40BC
:10828000C5F602000068C0F300200490049844F290
:108290004441C5F60201096889B2C908484300EEA5
:1082A000100AB8EE400A8DED020A0598002800F089
:1082B0001181FFE70698009048B1FFE70098012878
:1082C00065D0FFE70098022800F08380A3E044F225
:1082D0000040C5F60200006800F020010020B0EB6D
:1082E000511F31D0FFE744F20040C5F6020000689C
:1082F000C0F3C10149F20000C0F2D030C840039081
:108300009DED030AB8EE400A9DED051AB8EE411A3C
:1083100080EE010A44F24040C5F6020000686FF3A7
:108320005F2001EE100AB8EE411A9DED022A9FED82
:108330006F3A02EE031AB7EE002A31EE021A20EE6F
:10834000010A8DED010A21E09DED050AB8EE401A03
:108350009FED680A80EE010A44F24040C5F6020033
:1083600000686FF35F2001EE100AB8EE411A9DED30
:10837000022A9FED5E3A02EE031AB7EE002A31EEB2
:10838000021A20EE010A8DED010AFFE765E09DED7E
:10839000050AB8EE401A9FED560A80EE010A44F233
:1083A0004040C5F6020000686FF35F2001EE100A3E
:1083B000B8EE411A9DED022A9FED4C3A02EE031AE7
:1083C000B7EE002A31EE021A20EE010A8DED010A05
:1083D00043E09DED050AB8EE401A9FED430A80EE9A
:1083E000010A44F24040C5F6020000686FF35F20C6
:1083F00001EE100AB8EE411A9DED022A9FED3B3ABC
:1084000002EE031AB7EE002A31EE021A20EE010A3C
:108410008DED010A21E09DED050AB8EE401A9FEDB1
:10842000340A80EE010A44F24040C5F602000068BA
:108430006FF35F2001EE100AB8EE411A9DED022A9B
:108440009FED2A3A02EE031AB7EE002A31EE021A25
:1084500020EE010A8DED010AFFE79DED010A44F2CD
:108460004040C5F60200016889B2490A01EE101ABF
:10847000B8EE411AB7EE002A31EE021A80EE010A78
:108480000799BCEEC00A81ED000A9DED010A016862
:10849000C1F3064101EE101AB8EE411A31EE021A8C
:1084A00080EE010A0799BCEEC00A81ED010A9DED3C
:1084B000010A0068C0F3066001EE100AB8EE411A26
:1084C00031EE021A80EE010A0798BCEEC00A80ED78
:1084D000020A07E007990020086007994860079999
:1084E0008860FFE708B07047001BB74B00000039F9
:1084F0000024744A0024744C80B59AB0189000206F
:108500008DF857008DF856001898C078000700289D
:1085100048D5FFE71898406E149078B1FFE714989B
:10852000B0F5801F13D0FFE71498B0F5001F16D0E8
:10853000FFE71498B0F5401F19D019E044F22C4120
:10854000C5F60201086840F40030086014E018988D
:108550000830022106F014FC8DF857000CE0189842
:108560002830022106F0F4FC8DF8570004E003E007
:1085700001208DF85700FFE79DF8570060B9FFE72D
:1085800044F25041C5F60201086820F44010189AE0
:10859000526E1043086004E09DF857008DF85600B5
:1085A000FFE7FFE718984078C007002840D0FFE7B2
:1085B0001898806D1390042820D81399DFE801F0F3
:1085C000030C141C1D0044F22C41C5F6020108687E
:1085D00040F40030086015E018980830002106F0DB
:1085E000CFFB8DF857000DE018982830002106F0D9
:1085F000AFFC8DF8570005E004E003E001208DF8A2
:108600005700FFE79DF8570060B9FFE744F250417B
:10861000C5F60201086820F00700189A926D104311
:10862000086004E09DF857008DF85600FFE7FFE76B
:10863000189840784007002856D5FFE71898D0F8DA
:10864000A4001290C8B1FFE71298B0F5001F1DD02A
:10865000FFE71298B0F5800F20D0FFE71298B0F531
:10866000C00F23D0FFE71298B0F5000F1FD0FFE72F
:108670001298B0F5200F1BD01BE044F22C41C5F638
:108680000201086840F40030086016E018980830CD
:10869000002106F075FB8DF857000EE01898283081
:1086A000002106F055FC8DF8570006E005E004E0D7
:1086B00003E001208DF85700FFE79DF8570068B9E7
:1086C000FFE744F25841C5F60201086820F4600053
:1086D000189AD2F8A4201043086004E09DF85700CF
:1086E0008DF85600FFE7FFE718984078000700284C
:1086F00056D5FFE71898D0F8A8001190C8B1FFE749
:108700001198B0F1807F1DD0FFE71198B0F1007F84
:1087100020D0FFE71198B0F1407F23D0FFE71198F8
:10872000B0F1806F1FD0FFE71198B0F1A06F1BD0A0
:108730001BE044F22C41C5F60201086840F4003009
:10874000086016E018980830002106F019FB8DF833
:1087500057000EE018982830002106F0F9FB8DF83C
:10876000570006E005E004E003E001208DF8570023
:10877000FFE79DF8570068B9FFE744F25841C5F696
:108780000201086820F0E060189AD2F8A82010438F
:10879000086004E09DF857008DF85600FFE7FFE7FA
:1087A0001898C078800700283ED5FFE71898C06C5D
:1087B0001090F0B1FFE71098102808D0FFE710984C
:1087C00020280DD0FFE71098302811D012E044F295
:1087D0002C41C5F60201086840F4003008600DE045
:1087E00018980830022106F0CBFA8DF8570005E002
:1087F00004E003E001208DF85700FFE79DF85700E3
:1088000060B9FFE744F24C41C5F60201086820F068
:108810003000189AD26C1043086004E09DF85700AD
:108820008DF85600FFE7FFE718984078C00600284B
:108830004ED5FFE71898C06D0F90A0B1FFE70F98D5
:10884000B0F5805F18D0FFE70F98B0F5005F1BD040
:10885000FFE70F98B0F5405F1ED0FFE70F98B0F527
:10886000804F1AD01AE044F22C41C5F60201086884
:1088700040F40030086015E018980830002106F038
:108880007FFA8DF857000DE018982830002106F087
:108890005FFB8DF8570005E004E003E001208DF850
:1088A0005700FFE79DF8570060B9FFE744F25041D9
:1088B000C5F60201086820F4E040189AD26D104312
:1088C000086004E09DF857008DF85600FFE7FFE7C9
:1088D00018984078800600284CD5FFE71898006E5D
:1088E0000E90C8B1FFE70E98B0F5803F15D0FFE7B6
:1088F0000E98B0F5003F18D0FFE70E98B0F5403F56
:108900001BD0FFE70E98B0F5802F17D0FFE70E9829
:10891000B0F5A02F13D013E016E01898083001210D
:1089200006F02EFA8DF857000EE018982830012135
:1089300006F00EFB8DF8570006E005E004E003E0CA
:1089400001208DF85700FFE79DF8570060B9FFE759
:1089500044F25041C5F60201086820F4E020189A5C
:10896000126E1043086004E09DF857008DF8560021
:10897000FFE7FFE718984078400600284ED5FFE74C
:108980001898D0F8AC000D90C8B1FFE70D98B0F181
:10899000805F15D0FFE70D98B0F1005F18D0FFE7BA
:1089A0000D98B0F1405F1BD0FFE70D98B0F1804FFC
:1089B00017D0FFE70D98B0F1A04F13D013E016E0E9
:1089C00018980830012106F0DBF98DF857000EE009
:1089D00018982830012106F0BBFA8DF8570006E000
:1089E00005E004E003E001208DF85700FFE79DF863
:1089F000570068B9FFE744F25841C5F6020108681C
:108A000020F0E040189AD2F8AC201043086004E04F
:108A10009DF857008DF85600FFE7FFE7189840785B
:108A2000000600283BD5FFE71898C06E0C90D8B11F
:108A3000FFE70C98B0F1805F05D0FFE70C98B0F12C
:108A4000005F09D011E044F22C41C5F6020108682C
:108A500040F4003008600CE018980830012106F05E
:108A60008FF98DF8570004E003E001208DF85700DE
:108A7000FFE79DF8570060B9FFE744F25041C5F6A3
:108A80000201086820F04050189AD26E1043086026
:108A900004E09DF857008DF85600FFE7FFE71898AF
:108AA000C078C007002837D0FFE71898806C0B907B
:108AB000032817D80B99DFE801F014020B1344F2D6
:108AC0002C41C5F60201086840F4003008600DE052
:108AD00018980830022106F053F98DF8570005E088
:108AE00004E003E001208DF85700FFE79DF85700F0
:108AF00060B9FFE744F24C41C5F60201086820F076
:108B00000300189A926C1043086004E09DF8570027
:108B10008DF85600FFE7FFE7189880784006002898
:108B200040F1B480FFE744F60001C5F60201086891
:108B300040F480700860FDF73BFF1690FFE744F6B5
:108B40000000C5F602000068C00500280CD4FFE74D
:108B5000FDF72EFF1699401A652804D3FFE703207E
:108B60008DF8570000E0EAE79DF85700002840F034
:108B70008780FFE744F27040C5F60200006800F409
:108B800040701899D1F8B01001F44071884213D0A8
:108B9000FFE744F27041C5F60201086820F4407016
:108BA0001790086840F480300860086820F480302E
:108BB000086017980860FFE71898D0F8B000B0F583
:108BC000807F1FD1FFE7FDF7F3FE1690FFE744F229
:108BD0007040C5F60200006800F002010020B0EB12
:108BE000510F0ED1FFE7FDF7E3FE1699401A41F24F
:108BF0008931884204D3FFE703208DF8570000E055
:108C0000E5E7FFE79DF85700A0BBFFE7FFE71898EF
:108C1000D0F8B00000F44070B0F5407F13D1FFE70A
:108C200044F21041C5F60201086820F47C50189AFD
:108C3000D2F8B0204FF6F043C0F6FF731A4040EA76
:108C40001210086008E044F21041C5F602010868FD
:108C500020F47C500860FFE71898D0F8B0206FF33C
:108C60001F3244F27041C5F60201086810430860E3
:108C7000FFE704E09DF857008DF85600FFE704E099
:108C80009DF857008DF85600FFE7FFE71898006839
:108C9000C007002800F04C80FFE71898806F0A900A
:108CA00028282BD80A99DFE801F015292929292934
:108CB000292916292929292929291E292929292942
:108CC0002929262929292929292927292929292919
:108CD0002929280016E018980830012106F050F8DC
:108CE0008DF857000EE018982830012106F030F971
:108CF0008DF8570006E005E004E003E001208DF860
:108D00005700FFE79DF8570060B9FFE744F2544170
:108D1000C5F60201086820F03800189A926F1043D7
:108D2000086004E09DF857008DF85600FFE7FFE764
:108D3000189800788007002839D5FFE71898406F09
:108D40000990052819D80999DFE801F003040C14EB
:108D5000151616E018980830012106F011F88DF864
:108D600057000EE018982830012106F0F1F88DF830
:108D7000570006E005E004E003E001208DF857000D
:108D8000FFE79DF8570060B9FFE744F25441C5F68C
:108D90000201086820F00700189A526F104308601B
:108DA00004E09DF857008DF85600FFE7FFE718989C
:108DB0000078400700283BD5FFE71898D0F89000CE
:108DC0000890052819D80899DFE801F003040C146D
:108DD000151616E018980830012105F0D1FF8DF81E
:108DE00057000EE018982830012106F0B1F88DF8F0
:108DF000570006E005E004E003E001208DF857008D
:108E0000FFE79DF8570068B9FFE744F25841C5F6FF
:108E10000201086820F00700189AD2F89020104349
:108E2000086004E09DF857008DF85600FFE7FFE763
:108E300018980078800600284ED5FFE71898D0F8DB
:108E40008C000790C8B1FFE70798B0F1805F15D09C
:108E5000FFE70798B0F1005F18D0FFE70798B0F17F
:108E6000405F1BD0FFE70798B0F1804F17D0FFE7B6
:108E70000798B0F1A04F13D013E016E0189808300F
:108E8000002105F07DFF8DF857000EE0189828307E
:108E9000022106F05DF88DF8570006E005E004E0D9
:108EA00003E001208DF85700FFE79DF8570068B9EF
:108EB000FFE744F25441C5F60201086820F0E040A3
:108EC000189AD2F88C201043086004E09DF85700EF
:108ED0008DF85600FFE7FFE7189800784006002855
:108EE0004ED5FFE71898D0F898000690C8B1FFE774
:108EF0000698B0F5806F15D0FFE70698B0F5006FC3
:108F000018D0FFE70698B0F5406F1BD0FFE7069832
:108F1000B0F5805F17D0FFE70698B0F5A05F13D0DB
:108F200013E016E018980830002105F029FF8DF8AD
:108F300057000EE018982830022106F009F88DF845
:108F4000570006E005E004E003E001208DF857003B
:108F5000FFE79DF8570068B9FFE744F25841C5F6AE
:108F60000201086820F4E050189AD2F898201043C3
:108F7000086004E09DF857008DF85600FFE7FFE712
:108F800018980078000600284ED5FFE71898D0F80A
:108F90009C000590C8B1FFE70598B0F5005F15D0BB
:108FA000FFE70598B0F5804F18D0FFE70598B0F5BA
:108FB000C04F1BD0FFE70598B0F5004F17D0FFE773
:108FC0000598B0F5204F13D013E016E0189808303C
:108FD000002105F0D5FE8DF857000EE018982830D6
:108FE000022105F0B5FF8DF8570006E005E004E02A
:108FF00003E001208DF85700FFE79DF8570068B99E
:10900000FFE744F25841C5F60201086820F46040C9
:10901000189AD2F89C201043086004E09DF857008D
:109020008DF85600FFE7FFE7189800780007002842
:1090300020D5FFE71898D0F88000B0F5805F0CD1FC
:10904000FFE718982830022105F082FF20B1FFE7E2
:1090500001208DF85600FFE7FFE744F25441C5F6C2
:109060000201086820F44050189AD2F8802010437A
:109070000860FFE718980078C006002820D5FFE7B1
:109080001898D0F89400B0F5807F0CD1FFE71898BD
:109090002830022105F05CFF20B1FFE701208DF8A8
:1090A0005600FFE7FFE744F25841C5F602010868A1
:1090B00020F44070189AD2F8942010430860FFE71B
:1090C00018988078000700283CD5FFE71898D0F85A
:1090D000A000049050B1FFE70498B0F5803F0DD098
:1090E000FFE70498B0F5003F10D010E01898083062
:1090F000002105F045FE8DF857000CE01898283047
:10910000022105F025FF8DF8570004E003E001205F
:109110008DF85700FFE79DF8570068B9FFE744F264
:109120005841C5F60201086820F44030189AD2F878
:10913000A0201043086004E09DF857008DF8560009
:10914000FFE7FFE718988078400700283FD5FFE742
:109150001898D0F884000390B0F5801F0AD0FFE77C
:109160000398B0F5001F0ED0FFE70398B0F5401F3D
:1091700011D011E044F22C41C5F60201086840F418
:10918000003008600CE018982830012105F0E0FE5E
:109190008DF8570004E003E001208DF85700FFE749
:1091A0009DF8570068B9FFE744F25441C5F6020143
:1091B000086820F44010189AD2F884201043086000
:1091C00004E09DF857008DF85600FFE7FFE7189878
:1091D0008078C007A8B3FFE71898006D029028B107
:1091E000FFE70298B0F5803F09D010E044F22C412F
:1091F000C5F60201086840F4003008600BE01898DA
:109200000830022105F0BCFD8DF8570003E0012075
:109210008DF85700FFE79DF8570060B9FFE744F26B
:109220004C41C5F60201086820F48030189A126D8E
:109230001043086004E09DF857008DF85600FFE7E2
:10924000FFE71898C078800600280CD5FFE718982B
:109250002830022105F07CFE20B1FFE701208DF8C7
:109260005600FFE7FFE718988078800700283AD576
:10927000FFE71898C06F0190D0B1FFE70198B0F5F3
:10928000807F0AD0FFE70198B0F5007F0ED0FFE79E
:109290000198B0F5407F0AD00BE044F22C41C5F6AE
:1092A0000201086840F40030086006E005E004E0D0
:1092B00003E001208DF85700FFE79DF8570060B9E3
:1092C000FFE744F25441C5F60201086820F44070FB
:1092D000189AD26F1043086004E09DF857008DF88B
:1092E0005600FFE7FFE718988078C00600280CD5E5
:1092F000FFE744F25041C5F60201086820F0004043
:10930000189A126F10430860FFE71898807880065B
:1093100000280CD5FFE744F25041C5F60201086869
:1093200020F08070189A926E10430860FFE718983A
:10933000C0784006002811D5FFE7FFE744F210414E
:10934000C5F60201086820F4004008601898D0F8BB
:10935000B420086810430860FFE7FFE71898C0785A
:10936000000600280CD5FFE744F24C41C5F6020187
:10937000086820F04050189A526D10430860FFE7CB
:1093800018988078000600280DD5FFE744F2544174
:10939000C5F60201086820F44000189AD2F8882027
:1093A00010430860FFE718980079C00790B1FFE705
:1093B00018980830002105F0E3FC8DF857009DF85F
:1093C000570008B9FFE704E09DF857008DF85600F4
:1093D000FFE7FFE7189800798007002812D5FFE71C
:1093E00018980830012105F0CBFC8DF857009DF846
:1093F000570008B9FFE704E09DF857008DF85600C4
:10940000FFE7FFE7189800794007002812D5FFE72B
:1094100018980830022105F0B3FC8DF857009DF82C
:10942000570008B9FFE704E09DF857008DF8560093
:10943000FFE7FFE7189800790007002812D5FFE73B
:1094400018982830002105F083FD8DF857009DF80D
:10945000570008B9FFE704E09DF857008DF8560063
:10946000FFE7FFE718980079C006002812D5FFE74C
:1094700018982830012105F06BFD8DF857009DF8F4
:10948000570008B9FFE704E09DF857008DF8560033
:10949000FFE7FFE7189800798006002812D5FFE75C
:1094A00018982830022105F053FD8DF857009DF8DB
:1094B000570008B9FFE704E09DF857008DF8560003
:1094C000FFE7FFE79DF8560020B9FFE700208DF881
:1094D000670003E001208DF86700FFE79DF8670053
:1094E0001AB080BD0000000080B586B004900391E2
:1094F000049820B9FFE701208DF817003CE203989B
:1095000042F20001C5F20021096801F00F01884212
:1095100016D9FFE742F20000C5F20020016821F0F1
:109520000F01039A11430160006800F00F000399D6
:10953000884204D0FFE701208DF817001CE2FFE706
:10954000049800784007002819D5FFE704980069BF
:1095500044F21841C5F60201096801F07001884221
:109560000CD9FFE744F21841C5F60201086820F063
:109570007000049A126910430860FFE7FFE704983F
:1095800000780007002819D5FFE70498406944F2E5
:109590001C41C5F60201096801F0700188420CD92E
:1095A000FFE744F21C41C5F60201086820F0700094
:1095B000049A526910430860FFE7FFE704980078B7
:1095C000C006002819D5FFE70498806944F21C41C1
:1095D000C5F60201096801F4E06188420CD9FFE791
:1095E00044F21C41C5F60201086820F4E060049AC8
:1095F000926910430860FFE7FFE70498007880064F
:10960000002819D5FFE70498C06944F22041C5F647
:109610000201096801F0700188420CD9FFE744F2A9
:109620002041C5F60201086820F07000049AD26952
:1096300010430860FFE7FFE70498007880070028E0
:1096400019D5FFE70498C06844F21841C5F6020135
:10965000096801F00F0188420CD9FFE744F2184174
:10966000C5F60201086820F00F00049AD268104382
:109670000860FFE7FFE704980078C007002800F0C3
:109680008C80FFE744F21841C5F60201086820F417
:109690007060049A92681043086004984068022839
:1096A00011D1FFE744F20040C5F60200006800F463
:1096B00000310020B0EB514F04D1FFE701208DF8BD
:1096C000170059E13EE004984068032811D1FFE7F4
:1096D00044F20040C5F60200006800F0007100206E
:1096E000B0EB516F04D1FFE701208DF8170043E183
:1096F00027E004984068012811D1FFE744F20040B8
:10970000C5F60200006800F480710020B0EB112F54
:1097100004D1FFE701208DF817002DE110E044F29D
:109720000040C5F60200006800F004010020B0EB24
:10973000910F04D1FFE701208DF817001CE1FFE72E
:10974000FFE7FFE744F21041C5F60201086820F088
:109750000700049A526810430860FDF729F9019048
:10976000FFE744F21040C5F60200006800F0380040
:1097700004994968B0EBC10F0ED0FFE7FDF718F967
:109780000199401A41F28931884204D3FFE703204E
:109790008DF81700F0E0E4E7FFE704980078800711
:1097A000002819D5FFE70498C06844F21841C5F6AF
:1097B0000201096801F00F0188420CD2FFE744F270
:1097C0001841C5F60201086820F00F00049AD2681B
:1097D00010430860FFE7FFE7039842F20001C5F27B
:1097E0000021096801F00F01884216D2FFE742F21A
:1097F0000000C5F20020016821F00F01039A114317
:109800000160006800F00F000399884204D0FFE770
:1098100001208DF81700AFE0FFE7049800784007BB
:10982000002819D5FFE70498006944F21841C5F6ED
:109830000201096801F0700188420CD2FFE744F28E
:109840001841C5F60201086820F07000049A1269F8
:1098500010430860FFE7FFE704980078000700283E
:1098600019D5FFE70498406944F21C41C5F602018E
:10987000096801F0700188420CD2FFE744F21C41F4
:10988000C5F60201086820F07000049A526910437E
:109890000860FFE7FFE704980078C006002819D5A4
:1098A000FFE70498806944F21C41C5F6020109688B
:1098B00001F4E06188420CD2FFE744F21C41C5F696
:1098C0000201086820F4E060049A9269104308607D
:1098D000FFE7FFE7049800788006002819D5FFE726
:1098E0000498C06944F22041C5F60201096801F0FC
:1098F000700188420CD2FFE744F22041C5F6020114
:10990000086820F07000049AD26910430860FFE7ED
:10991000FFE700F089F844F21842C5F60202116828
:10992000C1F303234FF22031C0F60101CB5C03F0F9
:109930001F03D84000900098126802F00F02895C63
:1099400001F01F01C84040F2D001C2F2004108609E
:10995000009840F2CC01C2F20041086040F2CC1005
:10996000C2F200400068FDF77BF88DF80B009DF80F
:109970000B008DF81700FFE79DF8170006B080BDBB
:1099800080B582B000F050F844F21842C5F60202E9
:109990001168C1F303234FF22031C0F60101CB5C03
:1099A00003F01F03D84001900198126802F00F02E3
:1099B000895C01F01F0120FA01F140F2D000C2F2EF
:1099C00000400160019940F2CC02C2F200421160F5
:1099D000006802B080BD000080B5FFF7D1FF44F2FF
:1099E0001C41C5F602010968C1F302124FF2203191
:1099F000C0F60101895C01F01F01C84080BD000074
:109A000080B5FFF7BDFF44F21C41C5F602010968AD
:109A1000C1F302224FF22031C0F60101895C01F04E
:109A20001F01C84080BD00008AB044F21040C5F656
:109A30000200006800F0380001460191182800F289
:109A40005F810199DFE811F019005C015C015C01A4
:109A50005C015C015C015C013A005C015C015C0141
:109A60005C015C015C015C0140005C015C015C012B
:109A70005C015C015C015C01460044F20040C5F6FB
:109A80000200006800F020010020B0EB511F0ED052
:109A9000FFE744F20040C5F602000068C0F3C101D0
:109AA00049F20000C0F2D030C840029005E049F20F
:109AB0000000C0F2D0300290FFE727E140F600102E
:109AC000C0F23D00029021E143F20060C0F26E104E
:109AD00002901BE144F22840C5F60200016801F043
:109AE000030108910068C0F30510079044F22C4070
:109AF000C5F60200006800F001000690069844F2E6
:109B00003441C5F60201096889B2C908484300EE2C
:109B1000100AB8EE400A8DED040A0798002800F0FC
:109B2000EB80FFE70898009048B1FFE70098012814
:109B300065D0FFE70098022800F08380A3E044F29C
:109B40000040C5F60200006800F020010020B0EBE4
:109B5000511F31D0FFE744F20040C5F60200006813
:109B6000C0F3C10149F20000C0F2D030C8400590F6
:109B70009DED050AB8EE400A9DED071AB8EE411AB0
:109B800080EE010A44F23040C5F6020000686FF32F
:109B90005F2001EE100AB8EE411A9DED042A9FEDF8
:109BA0005E3A02EE031AB7EE002A31EE021A20EEF8
:109BB000010A8DED030A21E09DED070AB8EE401A77
:109BC0009FED570A80EE010A44F23040C5F60200CC
:109BD00000686FF35F2001EE100AB8EE411A9DEDA8
:109BE000042A9FED4D3A02EE031AB7EE002A31EE39
:109BF000021A20EE010A8DED030AFFE765E09DEDF4
:109C0000070AB8EE401A9FED450A80EE010A44F2B9
:109C10003040C5F6020000686FF35F2001EE100AC5
:109C2000B8EE411A9DED042A9FED3B3A02EE031A6D
:109C3000B7EE002A31EE021A20EE010A8DED030A7A
:109C400043E09DED070AB8EE401A9FED320A80EE20
:109C5000010A44F23040C5F6020000686FF35F204D
:109C600001EE100AB8EE411A9DED042A9FED2A3A42
:109C700002EE031AB7EE002A31EE021A20EE010AB4
:109C80008DED030A21E09DED070AB8EE401A9FED25
:109C9000230A80EE010A44F23040C5F60200006853
:109CA0006FF35F2001EE100AB8EE411A9DED042A11
:109CB0009FED193A02EE031AB7EE002A31EE021AAE
:109CC00020EE010A8DED030AFFE744F23040C5F6AD
:109CD0000200006881B2012000EB512009909DED47
:109CE000030A9DED091AB8EE411A80EE010ABCEE96
:109CF000C00A8DED020A02E000200290FFE705E0B5
:109D000040F60010C0F23D000290FFE702980AB052
:109D1000704700BF001BB74B000000390024744A95
:109D20000024744C0000000080B58CB00A900A98A2
:109D300028B9FFE701208DF82F0000F001BD0A9837
:109D40000078C007002800F0B980FFE744F2104017
:109D5000C5F60200006800F03800069044F2284082
:109D6000C5F6020000680590069810280AD0FFE7A3
:109D7000069818281CD1FFE7059800F00300022878
:109D800016D1FFE744F20040C5F60200006800F477
:109D900000310020B0EB514F09D0FFE70A9840682E
:109DA00028B9FFE701208DF82F0000F0C9BC84E03E
:109DB000FFE70A984068B0F5803F09D1FFE744F219
:109DC0000041C5F60201086840F48030086032E0C6
:109DD0000A98406868B9FFE744F20041C5F60201FD
:109DE000086820F480300860086820F4802008604B
:109DF00020E00A984068B0F5A02F0DD1FFE744F2AB
:109E00000041C5F60201086840F480200860086837
:109E100040F4803008600CE044F20041C5F60201D5
:109E2000086820F480300860086820F4802008600A
:109E3000FFE7FFE7FFE7FFE70A984068F0B1FFE7B9
:109E4000FCF7B6FD0990FFE744F20040C5F60200BA
:109E5000006800F400310020B0EB514F0DD1FFE756
:109E6000FCF7A6FD0999401A652805D3FFE70320F2
:109E70008DF82F0000F064BCE6E71DE0FCF798FDCC
:109E80000990FFE744F20040C5F60200006800F4C4
:109E900000310020B0EB514F0DD0FFE7FCF788FDFB
:109EA0000999401A652805D3FFE703208DF82F0094
:109EB00000F046BCE6E7FFE7FFE7FFE70A98007817
:109EC0008007002840F1C580FFE744F21040C5F646
:109ED0000200006800F03800049044F22840C5F603
:109EE000020000680390049850B1FFE70498182816
:109EF00050D1FFE79DF80C00800700284AD1FFE70A
:109F000044F20040C5F60200006800F004010020A1
:109F1000B0EB910F09D0FFE70A98C06828B9FFE7B6
:109F200001208DF82F0000F00BBC44F20041C5F673
:109F30000201086820F019000A9AD26810430860EC
:109F4000FCF736FD0990FFE744F20040C5F6020039
:109F5000006800F004010020B0EB910F0CD1FFE786
:109F6000FCF726FD0999401A032804D3FFE70320D4
:109F70008DF82F00E4E3E7E744F20441C5F602015F
:109F8000086820F0FE400A9A126940EA0260086000
:109F9000FFE75DE00A98C068A0B3FFE744F2004124
:109FA000C5F60201086820F019000A9AD268104329
:109FB0000860FCF7FDFC0990FFE744F20040C5F69D
:109FC0000200006800F004010020B0EB910F0CD1FA
:109FD000FFE7FCF7EDFC0999401A032804D3FFE7DB
:109FE00003208DF82F00ABE3E7E744F20441C5F608
:109FF0000201086820F0FE400A9A126940EA0260F5
:10A00000086024E044F20041C5F60201086820F02F
:10A0100001000860FCF7CCFC0990FFE744F2004027
:10A02000C5F60200006800F004010020B0EB910FBB
:10A030000CD0FFE7FCF7BCFC0999401A032804D3B5
:10A04000FFE703208DF82F007AE3E7E7FFE7FFE75C
:10A05000FFE70A980078C006002840F1A080FFE7DB
:10A0600044F21040C5F60200006800F0380002908B
:10A0700044F22840C5F602000068019002980828C2
:10A080000AD0FFE7029818282BD1FFE7019800F0CB
:10A090000300012825D1FFE744F20040C5F6020085
:10A0A000006800F480710020B0EB112F09D0FFE7A9
:10A0B0000A98C069802804D0FFE701208DF82F009E
:10A0C0003EE3FFE744F20C41C5F60201086820F0C8
:10A0D0007C500A9A126A40EA02600860FFE7FFE7D4
:10A0E0005CE00A98C06998B3FFE744F20041C5F606
:10A0F0000201086840F080000860FCF759FC0990F4
:10A10000FFE744F20040C5F60200006800F48071E9
:10A110000020B0EB112F0CD1FFE7FCF749FC0999A7
:10A12000401A032804D3FFE703208DF82F0007E32C
:10A13000E7E7FFE744F20C41C5F60201086820F0AA
:10A140007C500A9A126A40EA02600860FFE724E045
:10A1500044F20041C5F60201086820F08000086062
:10A16000FCF726FC0990FFE744F20040C5F6020028
:10A17000006800F480710020B0EB112F0CD0FFE7D5
:10A18000FCF716FC0999401A032804D3FFE70320C3
:10A190008DF82F00D4E2E7E7FFE7FFE7FFE70A9833
:10A1A0000078000700284FD5FFE70A98406928B3D8
:10A1B000FFE744F27441C5F60201086840F001006F
:10A1C0000860FCF7F5FB0990FFE744F27440C5F620
:10A1D0000200006800F002010020B0EB510F0CD12A
:10A1E000FFE7FCF7E5FB0999401A032804D3FFE7D2
:10A1F00003208DF82F00A3E2E7E724E044F2744146
:10A20000C5F60201086820F001000860FCF7D0FBE9
:10A210000990FFE744F27440C5F60200006800F0C0
:10A2200002010020B0EB510F0CD0FFE7FCF7C0FBA0
:10A230000999401A032804D3FFE703208DF82F0063
:10A240007EE2E7E7FFE7FFE70A980078800600284C
:10A250004FD5FFE70A98806928B3FFE744F2004131
:10A26000C5F60201086840F480500860FCF7A0FBC6
:10A270000990FFE744F20040C5F60200006800F4D0
:10A2800000510020B0EB513F0CD1FFE7FCF790FBF1
:10A290000999401A032804D3FFE703208DF82F0003
:10A2A0004EE2E7E724E044F20041C5F60201086807
:10A2B00020F480500860FCF77BFB0990FFE744F234
:10A2C0000040C5F60200006800F400510020B0EB29
:10A2D000513F0CD0FFE7FCF76BFB0999401A0328AC
:10A2E00004D3FFE703208DF82F0029E2E7E7FFE71B
:10A2F000FFE70A9800784007002840F1A780FFE7B1
:10A3000044F60001C5F60201086840F48070086058
:10A31000FCF74EFB0990FFE744F60000C5F602008B
:10A320000068C00500280CD4FFE7FCF741FB099941
:10A33000401A652804D3FFE703208DF82F00FFE1C2
:10A34000EAE7FFE70A988068012809D1FFE744F2AD
:10A350007041C5F60201086840F00100086031E074
:10A360000A98806868B9FFE744F27041C5F60201B7
:10A37000086820F001000860086820F00400086008
:10A380001FE00A98806805280DD1FFE744F270416C
:10A39000C5F60201086840F004000860086840F053
:10A3A000010008600CE044F27041C5F60201086843
:10A3B00020F001000860086820F004000860FFE752
:10A3C000FFE7FFE7FFE70A988068F8B1FFE7FCF7CF
:10A3D000EFFA0990FFE744F27040C5F6020000680A
:10A3E00000F002010020B0EB510F0ED1FFE7FCF7A7
:10A3F000DFFA0999401A41F28931884204D3FFE714
:10A4000003208DF82F009BE1E5E71EE0FCF7D0FA72
:10A410000990FFE744F27040C5F60200006800F0C2
:10A4200002010020B0EB510F0ED0FFE7FCF7C0FA9D
:10A430000999401A41F28931884204D3FFE7032089
:10A440008DF82F007CE1E5E7FFE7FFE70A98406A17
:10A45000002800F07181FFE744F21040C5F60200C9
:10A46000006800F03800182800F0E080FFE70A9844
:10A47000406A022840F0B480FFE744F20041C5F68C
:10A480000201086820F080700860FCF791FA0990DA
:10A49000FFE744F20040C5F60200006800F00071DA
:10A4A0000020B0EB516F0CD0FFE7FCF781FA09995F
:10A4B000401A032804D3FFE703208DF82F003FE163
:10A4C000E7E7FFE744F22841C5F60201086840F2D9
:10A4D000F33290430A9B9A6ADB6A42EA0312104302
:10A4E00008600A99086BD1F834C08B6BCA6B0138CD
:10A4F0006FF35F204FF60061CFF6FF7101EB4C2147
:10A5000089B208440021CFF6FF7101EB034101F449
:10A51000FE0108444FF07F4101EB026101F0FE4172
:10A52000084444F23041C5F602010860FFE744F2F6
:10A530002C41C5F602010091086820F00100086076
:10A5400044F23442C5F6020210684FF6F87398439D
:10A550000A9B9B6C40EAC3001060086820F00C0066
:10A560000A9A126C10430860086820F002000A9AE8
:10A57000526C10430860086840F480300860086836
:10A5800040F400300860086840F4802008600868E3
:10A5900040F00100086044F20041C5F6020108687D
:10A5A00040F080700860FCF703FA0990FFE744F27E
:10A5B0000040C5F60200006800F000710020B0EB1A
:10A5C000516F0CD1FFE7FCF7F3F90999401A032802
:10A5D00004D3FFE703208DF82F00B1E0E7E724E084
:10A5E00044F20041C5F60201086820F0807008605E
:10A5F000FCF7DEF90990FFE744F20040C5F60200DF
:10A60000006800F000710020B0EB516F0CD0FFE744
:10A61000FCF7CEF90999401A032804D3FFE7032079
:10A620008DF82F008CE0E7E7FFE784E044F2284054
:10A63000C5F602000068089044F23040C5F60200FA
:10A64000006807900A98406A012837D0FFE7089809
:10A6500000F003000A99896A88422FD1FFE7089821
:10A6600000F47C710A98C06AB0EB111F26D1FFE795
:10A6700007986FF35F200A99096B013988421DD151
:10A68000FFE7BDF81C100A98406B0138B0EB512F62
:10A6900014D1FFE7079800F4FE010A98806B013897
:10A6A000B0EB114F0AD1FFE7079800F0FE410A987E
:10A6B000C06B0138B0EB116F04D0FFE701208DF8BB
:10A6C0002F003DE044F23440C5F60200006880B23D
:10A6D000C00808900A98806C0899884229D0FFE742
:10A6E00044F22C41C5F60201086820F00100086020
:10A6F000FCF75EF90990FFE7FCF75AF90999401A4F
:10A7000008B9FFE7F8E744F23441C5F602010868EA
:10A710004FF6F87290430A9A926C40EAC2000860C1
:10A7200044F22C41C5F60201086840F001000860BF
:10A73000FFE7FFE7FFE7FFE700208DF82F00FFE7C7
:10A740009DF82F000CB080BD81B0009001B0704723
:10A7500080B588B007900798006800690690079850
:10A76000006840690590069805990840049007988C
:10A7700000688068039000200290079890F881009C
:10A780008DF8070007980068303000909DF815009C
:10A790000007002810D5FFE79DF8180000070028E3
:10A7A0000AD5FFE707980168886940F4006088616E
:10A7B000079800F0C1FB91E19DF8100040060028C9
:10A7C00015D4FFE79DF81000800600280FD4FFE79E
:10A7D0009DF810004007002809D5FFE70798416F52
:10A7E00088470798016F884701200290FFE79DF88E
:10A7F00010004006002811D4FFE79DF81000C007A4
:10A8000060B1FFE79DF810004007002806D4FFE77D
:10A810000798016F884701200290FFE79DF810001C
:10A820008006002812D4FFE79DF81000800700285A
:10A830000CD5FFE79DF810004007002806D4FFE77D
:10A840000798416F884701200290FFE7029808B1FE
:10A85000FFE743E19DF810000007002840F18980E0
:10A86000FFE707980168886940F008008861079849
:10A870000168886940F0100088610798016888695C
:10A8800040F40060886107980168086920F00800BA
:10A89000086107980068806810F4404F3AD1FFE7DC
:10A8A000FFE70798B0F86A0098B3FFE70798C06819
:10A8B00010280BD3FFE707980068006B0799496ED3
:10A8C00008600799486E043048661BE00798C06826
:10A8D00008280AD3FFE7009800880799496E088086
:10A8E0000799486E023048660BE00798006890F8B8
:10A8F00030000799496E08700799486E0130486624
:10A90000FFE7FFE70799B1F86A000138A1F86A008C
:10A91000C7E7FFE7079804F00BFC0799012081F8CF
:10A9200081000798D0F8840020B1FFE70798FFF76F
:10A930000BFFD3E09DF80700052804D1FFE7079837
:10A9400001F056F814E09DF80700042804D1FFE751
:10A95000079800F0EDFA0AE09DF80700032804D1FB
:10A96000FFE7079801F040F800E0FFE7FFE7FFE7A7
:10A97000B4E0BDF8100010F4587F00F0AF80FFE79E
:10A980009DF81000400600280ED5FFE70799D1F882
:10A99000840040F00400C1F88400079801688869C9
:10A9A00040F040008861FFE79DF811008007002813
:10A9B0000ED5FFE70799D1F8840040F00100C1F8F7
:10A9C000840007980168886940F400708861FFE797
:10A9D0009DF81100C00770B1FFE70799D1F8840016
:10A9E00040F00800C1F8840007980168886940F4C5
:10A9F00080708861FFE79DF81000800600280ED562
:10AA0000FFE70799D1F8840040F08000C1F8840086
:10AA100007980168886940F020008861FFE707987F
:10AA2000D0F88400002858D0FFE70798016808682C
:10AA300020F00100086007980168086940F26B3255
:10AA400090430861039800F44040B0F5404F3BD17B
:10AA5000FFE707980168886820F4404088600798FD
:10AA6000C06FB0B1FFE70798C16F4FF24920C0F641
:10AA7000000008650798C06FF7F7EEFD40B1FFE7EB
:10AA80000799D1F8840040F04000C1F88400FFE746
:10AA9000FFE70798806FB0B1FFE70798816F4FF22B
:10AAA0004920C0F6000008650798806FF7F7D4FDCD
:10AAB00040B1FFE70799D1F8840040F04000C1F8A9
:10AAC0008400FFE7FFE707E00799012081F8810094
:10AAD0000798FFF739FEFFE7FFE7FFE708B080BD03
:10AAE00080B586B00490049820B9FFE701208DF866
:10AAF00017003AE10498406A08B9FFE7FFE70499B4
:10AB0000002088620498006843F20001C4F2010149
:10AB100088421BD0FFE70498006843F60001C4F2A6
:10AB20000001884212D0FFE70498006843F6004114
:10AB3000C4F20001884209D0FFE70498C0681028D9
:10AB400004D3FFE701208DF817000EE1049804F00C
:10AB5000E3FB02900498006843F20001C4F2010193
:10AB6000884216D0FFE70498006843F60001C4F25B
:10AB7000000188420DD0FFE70498006843F60041C9
:10AB8000C4F20001884204D0FFE7029808281FD8C9
:10AB9000FFE70498006843F20001C4F20101884213
:10ABA00012D0FFE70498006843F60001C4F20001E8
:10ABB000884209D0FFE70498006843F60041C4F2D8
:10ABC0000001884208D1FFE70298112804D3FFE76B
:10ABD00001208DF81700C8E0049890F8810040B972
:10ABE000FFE70499002081F88000049800F0C4F881
:10ABF000FFE70499022081F8810004980168086841
:10AC000020F00100086004980068806800F4F810E3
:10AC1000039004988069B0F1806F1BD1FFE704981E
:10AC20004068B0F5800F04D1FFE70498806B50B105
:10AC3000FFE70498406868B9FFE70498806BB0F1BB
:10AC4000805F07D1FFE704980168086840F48050EE
:10AC50000860FFE7049880794006002810D5FFE7D8
:10AC60000498C06807280BD3FFE7049800680068C1
:10AC700020F48070049A1168126D1043086006E099
:10AC800004980168086820F480700860FFE7049B5E
:10AC90001968DA68D869D3F828C040EA0C00DDF8F2
:10ACA0000CC040EA0C00DB6B184310438860049A28
:10ACB0000192506B516A0843916B084391690843B4
:10ACC0001168D2F804C09368D2F810E040EA0E0090
:10ACD000D2F814E040EA0E00D2F820E040EA0E007C
:10ACE00040EA0C00D2F84CC040EA0C001843936CC8
:10ACF0001843926D1043C8600498406898B9FFE704
:10AD0000049800688068012161F3CC2004990968E7
:10AD10008860049800688068022161F34A200499E1
:10AD200009688860FFE704980168086D20F0010059
:10AD3000086504988079400600280BD5FFE7049841
:10AD40000068C06820F00040049A1168526D1043FA
:10AD5000C860FFE704990020C1F88400049A01212B
:10AD600082F881108DF81700FFE79DF8170006B0F4
:10AD700080BD00000000000080B5C0B03F90002002
:10AD80003E903D903C903B903A900CA8B821F5F74E
:10AD9000B0FC3F98006843F60001C4F2000188420D
:10ADA00040F0C480FFE700200D904FF480510C91DB
:10ADB00023900CA8FDF7A0FB18B1FFE7F6F780FD84
:10ADC000FFE7FFE744F2E840C5F60200016841F4FE
:10ADD00080410160006800F480400B900B98FFE711
:10ADE000FFE744F2E040C5F60200016841F00401CB
:10ADF0000160006800F004000A900A98FFE7FFE78E
:10AE000044F2E040C5F60200016841F00201016031
:10AE1000006800F0020009900998FFE706203A90C8
:10AE2000022003903B90002007903C900320049068
:10AE30003D90052005903E9040F60000C5F60200CA
:10AE40003AA90691FBF7B4FBDDF80CC0049A05980B
:10AE50000699079B4FF4005ECDF8E8E0CDF8ECC012
:10AE60003C933D923E9040F20040C5F60200FBF755
:10AE70009FFB079944F2B070C2F200400890402254
:10AE8000C4F202020260272242608160C1604FF476
:10AE90008062026141618161C1614FF440320262AE
:10AEA0004162F9F719F818B1FFE7F6F709FDFFE776
:10AEB000FFE73F9844F2B071C2F20041C1673F988A
:10AEC0008863FFE744F62800C2F200400290282180
:10AED000C4F202010160282141604021816000210B
:10AEE000C1604FF48062026141618161C1614FF4D0
:10AEF000003202624162F8F7EFFF18B1FFE7F6F7A0
:10AF0000DFFCFFE7FFE73F9844F62801C2F200416B
:10AF100081673F988863FFE7242001900022114653
:10AF2000FBF706FE0198FBF7F7FDFFE740B080BD99
:10AF300081B0009001B0704781B0009001B07047BF
:10AF400080B590B0DDF848C00E900D910C92ADF830
:10AF50002E300E98006820300A900E98006830302D
:10AF600009900E98C16B012000EB5110ADF8120052
:10AF7000FBF71EFD0890BDF82E00ADF81600BDF8D9
:10AF80002E00ADF814000E9890F88100012804D02E
:10AF9000FFE702208DF83F0050E30D9838B1FFE73E
:10AFA0000C9820B1FFE7BDF82E0020B9FFE7012083
:10AFB0008DF83F0042E3FFE70E9890F880000128EB
:10AFC00004D1FFE702208DF83F0037E30E990120FE
:10AFD00081F88000FFE7FFE70E99052081F88100E6
:10AFE0000E990020C1F884000C990E9A5166BDF8A4
:10AFF0002E100E9AA2F86A10BDF82E100E9AA2F822
:10B0000068100D990E9AD165BDF82E100E9AA2F80F
:10B010006210BDF82E100E9AA2F860100E99086703
:10B020000E9948670E980068C06820F4C0200E99F9
:10B030000968C8600E98006843F20001C4F201017B
:10B04000884212D0FFE70E98006843F60001C4F270
:10B050000001884209D0FFE70E98006843F60041DE
:10B06000C4F20001884203D1FFE71020079002E0FC
:10B0700008200790FFE70E98006840684FF6FF71C0
:10B080008843BDF82E1008440E99096848600E9850
:10B090000168086840F0010008600E984068B0F54B
:10B0A000800F07D1FFE70E980168086840F4007030
:10B0B0000860FFE70E98C0681028C0F0B580FFE771
:10B0C000079880080790FFE7BDF81610012003904D
:10B0D00039B9FFE7BDF81400002818BF012003901C
:10B0E000FFE70398C007002800F09D80FFE70E9857
:10B0F000006840698007002822D5FFE7BDF81600E8
:10B10000F0B1FFE7BDF81400BDF81610079A11441E
:10B11000884215D2FFE70E980168C06D006808628A
:10B120000E99C86D0430C8650E99B1F862000138F7
:10B13000A1F862000E98B0F86200ADF81600FFE7C3
:10B140000E98006840690690BDF81400002869D088
:10B15000FFE70E9800684069C007B0B1FFE70E989E
:10B160000068006B0E99496E08600E99486E0430B5
:10B1700048660E99B1F86A000138A1F86A000E9885
:10B18000B0F86A00ADF814004BE0BDF81400BDF84B
:10B19000121088421CDAFFE79DF81900000600280B
:10B1A00016D5FFE70E980068006B0E99496E08608F
:10B1B0000E99486E043048660E99B1F86A0001385D
:10B1C000A1F86A000E98B0F86A00ADF8140027E004
:10B1D000FBF7EEFB0899401A1299884204D3FFE767
:10B1E0001298013018B9FFE71298C0B9FFE70E981E
:10B1F00003F09EFF0E99D1F8840040F48070C1F8EE
:10B2000084000E99012081F88100FFE70E9900204B
:10B2100081F88000FFE703208DF83F000EE2FFE792
:10B22000FFE7FFE750E7DCE10E98C0680828C0F0B0
:10B23000DE80FFE7079840080790FFE7BDF816108B
:10B240000120029039B9FFE7BDF81400002818BFAB
:10B2500001200290FFE70298C007002800F0C68096
:10B26000FFE70E98006840698007002822D5FFE7B5
:10B27000BDF81600F0B1FFE7BDF81400BDF81610D8
:10B28000079A1144884215D2FFE70E98C06D0088D6
:10B290000A9908800E99C86D0230C8650E99B1F8F8
:10B2A00062000138A1F862000E98B0F86200ADF8B3
:10B2B0001600FFE70E98006840690690BDF814007C
:10B2C000002800F09280FFE70E9800684069C007F0
:10B2D000A8B1FFE7099800880E99496E08800E9979
:10B2E000486E023048660E99B1F86A000138A1F83C
:10B2F0006A000E98B0F86A00ADF8140074E0BDF86A
:10B300001400BDF81210884224DAFFE79DF81900F6
:10B31000000600281ED5FFE7099800880E99496E9F
:10B3200008800E99486E02304866099800880E9988
:10B33000496E08800E99486E023048660E99B1F841
:10B340006A000238A1F86A000E98B0F86A00ADF8F9
:10B35000140048E0BDF8140001281BD1FFE79DF858
:10B3600019008006002815D5FFE7099800880E9976
:10B37000496E08800E99486E023048660E99B1F801
:10B380006A000138A1F86A000E98B0F86A00ADF8BA
:10B39000140027E0FBF70CFB0899401A1299884229
:10B3A00004D3FFE71298013018B9FFE71298C0B92B
:10B3B000FFE70E9803F0BCFE0E99D1F8840040F42C
:10B3C0008070C1F884000E99012081F88100FFE7A8
:10B3D0000E99002081F88000FFE703208DF83F00E0
:10B3E0002CE1FFE7FFE7FFE7FFE727E7F8E0FFE7EC
:10B3F000BDF816100120019039B9FFE7BDF814001F
:10B40000002818BF01200190FFE70198C00700281D
:10B4100000F0E580FFE70E9800684069800700288B
:10B4200023D5FFE7BDF81600F8B1FFE7BDF814001B
:10B43000BDF81610079A1144884216D2FFE70E98FD
:10B440000168C06D007881F820000E99C86D013048
:10B45000C8650E99B1F862000138A1F862000E9833
:10B46000B0F86200ADF81600FFE70E98006840697A
:10B470000690BDF81400002800F0B080FFE70E9899
:10B4800000684069C007B8B1FFE70E98006890F8FF
:10B4900030000E99496E08700E99486E013048666A
:10B4A0000E99B1F86A000138A1F86A000E98B0F858
:10B4B0006A00ADF8140090E0BDF81400BDF8121059
:10B4C00088423EDAFFE79DF819000006002838D5CB
:10B4D000FFE70E98006890F830000E99496E0870EA
:10B4E0000E99486E013048660E98006890F830005A
:10B4F0000E99496E08700E99486E013048660E9894
:10B50000006890F830000E99496E08700E99486EE8
:10B51000013048660E98006890F830000E99496E28
:10B5200008700E99486E013048660E99B1F86A00AD
:10B530000438A1F86A000E98B0F86A00ADF814005B
:10B540004AE0BDF8140003281DD8FFE79DF8190054
:10B5500010F0600F17D0FFE70E98006890F83000E9
:10B560000E99496E08700E99486E013048660E9922
:10B57000B1F86A000138A1F86A000E98B0F86A00C4
:10B58000ADF8140027E0FBF713FA0899401A129956
:10B59000884204D3FFE71298013018B9FFE71298E8
:10B5A000C0B9FFE70E9803F0C3FD0E99D1F88400EF
:10B5B00040F48070C1F884000E99012081F8810068
:10B5C000FFE70E99002081F88000FFE703208DF847
:10B5D0003F0033E0FFE7FFE7FFE7FFE708E7FFE7AC
:10B5E000FFE70E98129B08996A4611600821002215
:10B5F00003F07AFF40B1FFE70E99D1F8840040F0E4
:10B600002000C1F88400FFE70E9803F091FD0E9929
:10B61000012081F88100FFE70E99002081F8800069
:10B62000FFE70E98D0F8840020B1FFE701208DF8E5
:10B630003F0003E000208DF83F00FFE79DF83F004A
:10B6400010B080BD0000000080B586B0049003916A
:10B650000292ADF80630049890F88100012804D0D9
:10B66000FFE702208DF81700B9E1039838B1FFE732
:10B67000029820B1FFE7BDF8060020B9FFE70120DE
:10B680008DF81700ABE1FFE7049890F880000128DF
:10B6900004D1FFE702208DF81700A0E104990120F2
:10B6A00081F88000FFE7FFE70499052081F8810019
:10B6B00004990020C1F884000399049AD165BDF86B
:10B6C0000610049AA2F86010BDF80610049AA2F8B9
:10B6D00062100299049A5166BDF80610049AA2F805
:10B6E0006810BDF80610049AA2F86A100499086759
:10B6F0000499486704980068C06820F4C020049941
:10B700000968C86004980168886820F4404088602F
:10B710000498C06810280ED3FFE70498C06F8069B2
:10B72000B0F5804F28D1FFE70498806F8069B0F5AD
:10B73000804F21D1FFE70498C068082826D3FFE78F
:10B740000498C06F8069B0F5005F07D0FFE70498E8
:10B75000C06F8069B0F5804F0ED1FFE70498806F0D
:10B760008069B0F5005F11D0FFE70498806F8069B1
:10B77000B0F5804F0AD0FFE7FFE70499002081F879
:10B780008000FFE701208DF8170028E10498C068C9
:10B79000072841D8FFE70498806F8069B0F5005F03
:10B7A00009D1FFE70498B0F862000130400804991D
:10B7B000A1F86200FFE70498806F8069B0F5804FC0
:10B7C00009D1FFE70498B0F86200033080080499BB
:10B7D000A1F86200FFE70498C06F8069B0F5005FD0
:10B7E00009D1FFE70498B0F86A00013040080499D5
:10B7F000A1F86A00FFE70498C06F8069B0F5804F38
:10B8000009D1FFE70498B0F86A0003308008049972
:10B81000A1F86A00FFE727E00498C0680F2821D844
:10B82000FFE70498806F8069B0F5804F09D1FFE78A
:10B830000498B0F86200013040080499A1F8620051
:10B84000FFE70498C06F8069B0F5804F09D1FFE72A
:10B850000498B0F86A00013040080499A1F86A0021
:10B86000FFE700E0FFE7FFE70498C16F4FF2B92060
:10B87000C0F6000008640498C16F4FF2D120C0F6F2
:10B880000000C8630498C16F4FF27920C0F6000031
:10B89000C8640498C16F00200865049B19685A6E3B
:10B8A000D86F3031B3F86A30F8F7C6FFA8B1FFE7B8
:10B8B0000499D1F8840040F01000C1F88400049984
:10B8C000012081F88100FFE70499002081F88000C1
:10B8D000FFE701208DF8170081E00498016888686F
:10B8E00040F4804088600498816F002008640499C7
:10B8F000896FC8630499896F08650498816F4FF256
:10B900007920C0F60000C864049B1A68D96D986F4E
:10B910002032B3F86230F8F78FFFC8B1FFE7049820
:10B92000C06FF6F7DDF90499D1F8840040F01000FB
:10B93000C1F884000499012081F88100FFE704998F
:10B94000002081F88000FFE701208DF8170046E015
:10B950000498806FC069B0F5807F0AD1FFE7049832
:10B96000006840684FF6FF71884304990968486091
:10B970000CE00498006840684FF6FF718843BDF8FA
:10B9800006100844049909684860FFE704980168B4
:10B99000886840F40040886004980168086940F4B1
:10B9A0005870086104980168086840F00100086058
:10B9B00004984068B0F5800F07D1FFE7049801684C
:10B9C000086840F400700860FFE7FFE70499002072
:10B9D00081F88000FFE700208DF81700FFE79DF851
:10B9E000170006B080BD000081B0009001B0704724
:10B9F00080B584B003900398006843F20001C4F25C
:10BA00000101884213D1FFE740F2E441C2F2004154
:10BA1000029148680989FAF79FFF0299D1F810311D
:10BA2000B1F80A2101F10A008A31984739E00398F8
:10BA3000006843F60001C4F20001884213D1FFE719
:10BA400040F2F851C2F20041019148680989FAF7C1
:10BA500083FF0199D1F81031B1F80A2101F10A00F0
:10BA60008A3198471CE00398006843F60041C4F20D
:10BA70000001884213D1FFE740F20C71C2F200418D
:10BA8000009148680989FAF767FF0099D1F81031E9
:10BA9000B1F80A2101F10A008A319847FFE7FFE770
:10BAA000FFE704B080BD000081B0009001B0704796
:10BAB00082B00190009140F20441C5F6000108688F
:10BAC000019A9043009A1043086002B0704700004A
:10BAD00080B582B00190019803F05AFD02B080BD9C
:10BAE00081B0009001B0704781B0009001B0704704
:10BAF00081B0009001B0704785B003900291FFE7DC
:10BB0000039890F83C00012804D1FFE702208DF84B
:10BB10001300ABE00399012081F83C00FFE7FFE749
:10BB20000399022081F83D00039800684068019065
:10BB30000398006880680090039800680021C4F2B0
:10BB40000101884209D0FFE70398006840F20041F4
:10BB5000C4F2010188420AD1FFE7019820F4700085
:10BB6000019002984168019808430190FFE701980D
:10BB700020F070000190029801680198084301903C
:10BB80000198039909684860039800680021C4F28D
:10BB9000010188424ED0FFE703980068B0F1804F62
:10BBA00048D0FFE70398006840F20041C4F200016A
:10BBB00088423FD0FFE70398006840F60001C4F2D6
:10BBC0000001884236D0FFE70398006840F6004144
:10BBD000C4F2000188422DD0FFE70398006840F2CC
:10BBE0000041C4F20101884224D0FFE703980068B5
:10BBF00041F60001C4F2000188421BD0FFE7039820
:10BC0000006844F20001C4F20101884212D0FFE74B
:10BC1000039800684EF20001C4F20001884209D086
:10BC2000FFE7039800684EF20041C4F20001884229
:10BC30000ED1FFE7009820F0800000900298816804
:10BC40000098084300900098039909688860FFE70E
:10BC50000399012081F83D00FFE70399002081F856
:10BC60003C00FFE700208DF81300FFE79DF813006C
:10BC700005B070470000000080B582B000900098C9
:10BC800020B9FFE701208DF8070045E0009890F803
:10BC90003D0040B9FFE70099002081F83C00009882
:10BCA00000F03EF8FFE70099022081F83D0000997E
:10BCB00051F8040B03F0B8FD0099012081F8480009
:10BCC000FFE70099012081F83E00009981F83F00CC
:10BCD000009981F84000009981F84100009981F8AD
:10BCE0004200009981F84300FFE7FFE70099012037
:10BCF00081F84400009981F84500009981F84600D8
:10BD0000009981F84700FFE70099012081F83D0084
:10BD100000208DF80700FFE79DF8070002B080BD06
:10BD200080B586B005900598006840F20041C4F2E5
:10BD30000001884210D1FFE7FFE744F2E840C5F672
:10BD40000200016841F002010160006800F0020099
:10BD500004900498FFE745E00598006840F600016C
:10BD6000C4F20001884219D1FFE7FFE744F2E8403E
:10BD7000C5F60200016841F004010160006800F0AE
:10BD8000040003900398FFE71E2001900221002287
:10BD9000FAF7CEFE0198FAF7BFFE22E00598006898
:10BDA00040F60041C4F20001884219D1FFE7FFE7E5
:10BDB00044F2E840C5F60200016841F00801016064
:10BDC000006800F0080002900298FFE7322000901F
:10BDD00001210022FAF7ACFE0098FAF79DFEFFE77A
:10BDE000FFE7FFE706B080BD83B00190019890F8AF
:10BDF0003D00012804D0FFE701208DF80B0083E00F
:10BE00000199022081F83D0001980168C86840F05E
:10BE10000100C860019800680021C4F20101884255
:10BE20004ED0FFE701980068B0F1804F48D0FFE79F
:10BE30000198006840F20041C4F2000188423FD0FE
:10BE4000FFE70198006840F60001C4F20001884253
:10BE500036D0FFE70198006840F60041C4F20001C7
:10BE600088422DD0FFE70198006840F20041C4F2FB
:10BE70000101884224D0FFE70198006841F60001E3
:10BE8000C4F2000188421BD0FFE70198006844F229
:10BE90000001C4F20101884212D0FFE70198006856
:10BEA0004EF20001C4F20001884209D0FFE7019878
:10BEB00000684EF20041C4F20001884219D1FFE748
:10BEC0000198006880680721C0F2010108400090D5
:10BED000009806280CD0FFE70098B0F5803F07D007
:10BEE000FFE701980168086840F001000860FFE77B
:10BEF00006E001980168086840F001000860FFE76B
:10BF000000208DF80B00FFE79DF80B0003B0704791
:10BF100080B586B00490039100208DF80B00FFE7F8
:10BF2000049890F83C00012804D1FFE702208DF826
:10BF30001700D1E00499012081F83C00FFE7FFE7FA
:10BF40000499022081F83D000498006880680190FF
:10BF500001984FF68871CFF6CE7108400190019894
:10BF600020F47F4001900198049909688860039843
:10BF700000680090002800F09580FFE700981028E6
:10BF800000F09080FFE70098202800F08B80FFE70A
:10BF90000098302800F08680FFE70098402874D091
:10BFA000FFE70098502856D0FFE7009860285FD040
:10BFB000FFE7009870282AD0FFE70098B0F5805F6F
:10BFC00024D0FFE70098B0F5005F35D0FFE7009878
:10BFD000B0F5801F66D0FFE70098B0F1101F61D068
:10BFE000FFE700982021C0F2100188425AD0FFE7F5
:10BFF00000983021C0F21001884253D0FFE700982A
:10C000004021C0F2100188424CD052E055E0049823
:10C010000068039B5A689968DB6803F085FD049803
:10C02000006880680190019840F0770001900198C5
:10C0300004990968886040E004980068039B5A6886
:10C040009968DB6803F070FD04980168886840F423
:10C050008040886031E004980068039A5168D26893
:10C0600004F08AF904980068502103F079FD24E077
:10C0700004980068039A5168D26804F0A5F90498FE
:10C080000068602103F06CFD17E004980068039AD3
:10C090005168D26804F070F904980068402103F0F8
:10C0A0005FFD0AE0049800680399096803F058FDF1
:10C0B00003E001208DF80B00FFE70499012081F8CF
:10C0C0003D00FFE70499002081F83C00FFE79DF860
:10C0D0000B008DF81700FFE79DF8170006B080BD34
:10C0E00081B0009001B0704780B584B00390039890
:10C0F0000068C068029003980068006901909DF88C
:10C1000004008007002824D5FFE79DF80800800779
:10C1100000281DD5FFE7039801686FF00200086151
:10C12000039901200877039800688069800720B18F
:10C13000FFE70398FFF7D4FF06E0039800F030F91B
:10C14000039800F061FAFFE7039900200877FFE702
:10C15000FFE79DF804004007002825D5FFE79DF87C
:10C160000800400700281ED5FFE7039801686FF01C
:10C170000400086103990220087703980068806929
:10C1800010F4407F04D0FFE70398FFF7A9FF06E013
:10C19000039800F005F9039800F036FAFFE70399D9
:10C1A00000200877FFE7FFE79DF80400000700285C
:10C1B00024D5FFE79DF80800000700281DD5FFE7FC
:10C1C000039801686FF0080008610399042008775C
:10C1D00003980068C069800720B1FFE70398FFF764
:10C1E0007FFF06E0039800F0DBF8039800F00CFAFC
:10C1F000FFE7039900200877FFE7FFE79DF80400B9
:10C20000C006002825D5FFE79DF80800C0060028D5
:10C210001ED5FFE7039801686FF0100008610399CD
:10C220000820087703980068C06910F4407F04D0A4
:10C23000FFE70398FFF754FF06E0039800F0B0F81B
:10C24000039800F0E1F9FFE7039900200877FFE782
:10C25000FFE79DF80400C00778B1FFE79DF80800EC
:10C26000C00748B1FFE7039801686FF0010008615B
:10C27000039800F021FBFFE7FFE7019800F0800042
:10C28000802806D0FFE79DF805008006002810D51D
:10C29000FFE79DF808000006002809D5FFE703988E
:10C2A00001686FF4025008610398FFF71DFCFFE777
:10C2B000FFE79DF80500C00780B1FFE79DF8080083
:10C2C0000006002809D5FFE7039801686FF4807025
:10C2D00008610398FFF704FCFFE7FFE79DF80400FF
:10C2E0004006002810D5FFE79DF80800400600280A
:10C2F00009D5FFE7039801686FF0400008610398D3
:10C3000000F062FBFFE7FFE79DF8040080060028CD
:10C3100010D5FFE79DF808008006002809D5FFE743
:10C32000039801686FF0200008610398FFF7E0FBB5
:10C33000FFE7FFE704B080BD80B588B0079000201C
:10C34000069005900490039002900798006840F2D0
:10C350000041C4F2000188421ED1FFE7FFE744F22A
:10C36000E040C5F60200016841F00201016000688A
:10C3700000F0020001900198FFE702200290039074
:10C38000002104910591069040F20040C5F602009C
:10C3900002A9FAF70DF9FFE708B080BD0000000020
:10C3A00081B0009001B0704780B586B004900391D1
:10C3B000029200208DF80700FFE7049890F83C00F7
:10C3C000012804D1FFE702208DF81700C0E004998E
:10C3D000012081F83C00FFE7FFE702980090142855
:10C3E00000F2A7800099DFE801F00BA4A4A424A424
:10C3F000A4A43EA4A4A457A4A4A471A4A4A48A00A1
:10C4000004980068039903F05BFC0498016888694C
:10C4100040F00800886104980168886920F00400F1
:10C4200088610398026904980168886910438861EB
:10C4300083E004980068039903F0EAFC049801681B
:10C44000886940F40060886104980168886920F474
:10C45000806088610398026904980168886940EAED
:10C460000220886169E004980068039903F088FD60
:10C4700004980168C86940F00800C8610498016820
:10C48000C86920F00400C861039802690498016833
:10C49000C8691043C86150E004980068039903F02C
:10C4A00027FE04980168C86940F40060C8610498D8
:10C4B0000168C86920F48060C86103980269049823
:10C4C0000168C86940EA0220C86136E00498006843
:10C4D000039903F07DFE04980168486D40F0080060
:10C4E000486504980168486D20F004004865039889
:10C4F000026904980168486D104348651DE004987E
:10C500000068039903F0CCFE04980168486D40F47C
:10C510000060486504980168486D20F480604865B3
:10C520000398026904980168486D40EA0220486552
:10C5300003E001208DF80700FFE7FFE704990020E2
:10C5400081F83C00FFE79DF807008DF81700FFE732
:10C550009DF8170006B080BD80B582B000900098AD
:10C5600020B9FFE701208DF8070045E0009890F81A
:10C570003D0040B9FFE70099002081F83C00009899
:10C5800000F03EF8FFE70099022081F83D00009995
:10C5900051F8040B03F048F90099012081F8480094
:10C5A000FFE70099012081F83E00009981F83F00E3
:10C5B000009981F84000009981F84100009981F8C4
:10C5C0004200009981F84300FFE7FFE7009901204E
:10C5D00081F84400009981F84500009981F84600EF
:10C5E000009981F84700FFE70099012081F83D009C
:10C5F00000208DF80700FFE79DF8070002B080BD1E
:10C6000081B0009001B0704781B0009001B07047D8
:10C6100080B590B00E900D910D9828B9FFE70E9857
:10C6200090F83E000B9034E00D98042805D1FFE708
:10C630000E9890F83F000A9028E00D98082805D140
:10C64000FFE70E9890F8400009901CE00D980C2828
:10C6500005D1FFE70E9890F84100089010E00D9882
:10C66000102805D1FFE70E9890F84200079004E0EB
:10C670000E9890F843000790FFE707980890FFE7AF
:10C6800008980990FFE709980A90FFE70A980B902D
:10C69000FFE70B98012804D0FFE701208DF83F0049
:10C6A00003E10D9828B9FFE70E99022081F83E00BA
:10C6B00038E00D98042806D1FFE70E99022081F892
:10C6C0003F0006902CE00D98082806D1FFE70E9950
:10C6D000022081F8400005901FE00D980C2806D13B
:10C6E000FFE70E99022081F84100049012E00D98B6
:10C6F000102806D1FFE70E99022081F8420003902E
:10C7000005E00E99022081F843000390FFE70398AB
:10C710000490FFE704980590FFE705980690FFE76F
:10C720000698FFE70E9800680D990122019203F028
:10C73000DFF901980E9909680022C4F201029142C2
:10C7400002902DD0FFE70E980168012040F20042D0
:10C75000C4F201029142029022D0FFE70E980168D4
:10C76000012044F20002C4F201029142029017D06B
:10C77000FFE70E980168012044F20042C4F2010272
:10C78000914202900CD0FFE70E9800684BF6000132
:10C79000CBF6FE710844B0FA80F040090290FFE742
:10C7A0000298C00738B1FFE70E980168486C40F462
:10C7B00000404864FFE70E9800680021C4F20101C0
:10C7C00088424ED0FFE70E980068B0F1804F48D005
:10C7D000FFE70E98006840F20041C4F20001884271
:10C7E0003FD0FFE70E98006840F60001C4F2000158
:10C7F000884236D0FFE70E98006840F60041C4F248
:10C80000000188422DD0FFE70E98006840F20041F9
:10C81000C4F20101884224D0FFE70E98006841F677
:10C820000001C4F2000188421BD0FFE70E980068A7
:10C8300044F20001C4F20101884212D0FFE70E98D1
:10C8400000684EF20001C4F20001884209D0FFE7FF
:10C850000E9800684EF20041C4F20001884219D1DE
:10C86000FFE70E98006880680721C0F201010840C8
:10C870000C900C9806280CD0FFE70C98B0F5803F80
:10C8800007D0FFE70E980168086840F001000860D3
:10C89000FFE706E00E980168086840F001000860B4
:10C8A000FFE700208DF83F00FFE79DF83F0010B044
:10C8B00080BD00000000000080B582B001900198AA
:10C8C00000680021C4F20101884207D1FFE740F669
:10C8D0002C00C2F200404068804773E00198006875
:10C8E000B0F1804F07D1FFE740F63400C2F20040BC
:10C8F0004068804765E00198006840F20041C4F25A
:10C900000001884207D1FFE740F63C00C2F2004038
:10C910004068804754E00198006840F60001C4F286
:10C920000001884207D1FFE740F64400C2F2004010
:10C930004068804743E00198006840F60041C4F237
:10C940000001884207D1FFE740F64C00C2F20040E8
:10C950004068804732E00198006841F20001C4F26B
:10C960000001884207D1FFE740F65400C2F20040C0
:10C970004068804721E00198006841F20041C4F21C
:10C980000001884207D1FFE740F65C00C2F2004098
:10C990004068804710E00198006840F20041C4F20E
:10C9A0000101884207D1FFE740F66400C2F200406F
:10C9B00040688047FFE7FFE7FFE7FFE7FFE7FFE7A4
:10C9C000FFE7FFE702B080BD81B0009001B0704783
:10C9D00083B00190FFE7019890F88400012804D10A
:10C9E000FFE702208DF80B002CE00199012081F86F
:10C9F0008400FFE7FFE701992420C1F8880001982F
:10CA000000680068009001980168086820F0010043
:10CA10000860009820F000500090019900204866BE
:10CA2000009801990968086001992020C1F88800E0
:10CA3000FFE70199002081F88400FFE700208DF8CE
:10CA40000B00FFE79DF80B0003B0704700000000EB
:10CA500080B586B004900391ADF80A200498D0F810
:10CA60008C00202844D1FFE7039820B1FFE7BDF8F0
:10CA70000A0020B9FFE701208DF817003CE0049977
:10CA80000120C86604990020086704980399BDF83E
:10CA90000A2004F039FF8DF809009DF8090010BB49
:10CAA000FFE70498C06E012818D1FFE704980168D9
:10CAB00010200862FFE7FFE70498006850E8000FC5
:10CAC00040F010000190FFE701990498026842E8E5
:10CAD00000100028F0D1FFE7FFE703E001208DF808
:10CAE0000900FFE7FFE79DF809008DF8170003E054
:10CAF00002208DF81700FFE79DF8170006B080BDF3
:10CB000080B586B00590ADF812100598006841F226
:10CB10000001C4F20101884211D1FFE7BDF8120003
:10CB200040F67C11C2F20041A1F808010598B1F865
:10CB300004215200843192B2FFF78AFFA4E10598E4
:10CB4000006845F20001C4F20001884240F0F9801B
:10CB5000FFE7BDF8120040F6BC51C2F20041A1F857
:10CB60000801B1F80801B1F8041188420BDCFFE7B5
:10CB700040F6BC50C2F20040D0F80C21BDF81210B3
:10CB800084309047FFE7059840F6BC51C2F200415F
:10CB9000B1F804215200843192B2FFF759FF44F6F4
:10CBA000A000C2F2004000681021C4F202018842D5
:10CBB00000F0B280FFE744F6A000C2F20040006837
:10CBC0002821C4F20201884200F0A680FFE744F663
:10CBD000A000C2F2004000684021C4F20201884275
:10CBE00000F09A80FFE744F6A000C2F2004000681F
:10CBF0005821C4F20201884200F08E80FFE744F61B
:10CC0000A000C2F2004000687021C4F20201884214
:10CC100000F08280FFE744F6A000C2F20040006806
:10CC20008821C4F20201884276D0FFE744F6A000D2
:10CC3000C2F200400068A021C4F2020188426BD019
:10CC4000FFE744F6A000C2F200400068B821C4F239
:10CC50000201884260D0FFE744F6A000C2F2004023
:10CC6000006840F21041C4F20201884254D0FFE74C
:10CC700044F6A000C2F20040006840F22841C4F22D
:10CC80000201884248D0FFE744F6A000C2F200400B
:10CC9000006840F24041C4F2020188423CD0FFE704
:10CCA00044F6A000C2F20040006840F25841C4F2CD
:10CCB0000201884230D0FFE744F6A000C2F20040F3
:10CCC000006840F27041C4F20201884224D0FFE7BC
:10CCD00044F6A000C2F20040006840F28841C4F26D
:10CCE0000201884218D0FFE744F6A000C2F20040DB
:10CCF000006840F2A041C4F2020188420CD0FFE774
:10CD000044F6A000C2F20040006840F2B841C4F20C
:10CD1000020188420AD1FFE744F6A000C2F20040B7
:10CD20000168086820F00800086009E044F6A000E7
:10CD3000C2F200400168086820F004000860FFE7C4
:10CD4000A1E00598006847F60001C4F2000188429E
:10CD500011D1FFE7BDF8120040F6DC71C2F20041CC
:10CD6000A1F808010598B1F804215200843192B26B
:10CD7000FFF76EFE86E00598006847F60041C4F2B2
:10CD80000001884223D1FFE7BDF8120041F2EC0117
:10CD9000C2F200410391A1F808010598B1F80421FD
:10CDA0008431FFF755FE0399B1F80801B1F8041179
:10CDB00088420BDCFFE741F2EC00C2F20040D0F801
:10CDC0000C21BDF8121084309047FFE759E0059818
:10CDD000006841F60001C4F20101884223D1FFE757
:10CDE000BDF8120041F2FC11C2F200410291A1F81B
:10CDF00008010598B1F804218431FFF729FE029952
:10CE0000B1F80801B1F8041188420BDCFFE741F2E8
:10CE1000FC10C2F20040D0F80C21BDF81210843092
:10CE20009047FFE72CE00598006841F60041C4F206
:10CE30000101884223D1FFE7BDF8120040F66C01E2
:10CE4000C2F200410191A1F808010598B1F804214E
:10CE50008431FFF7FDFD0199B1F80801B1F8041123
:10CE600088420BDCFFE740F66C00C2F20040D0F8CD
:10CE70000C21BDF8121084309047FFE7FFE7FFE771
:10CE8000FFE7FFE7FFE7FFE706B080BD0000000017
:10CE900081B0009001B0704780B584B002900191DC
:10CEA000FFE7029890F88400012804D1FFE70220F0
:10CEB0008DF80F0032E00299012081F88400FFE72D
:10CEC000FFE702992420C1F88800029800680068F2
:10CED000009002980168086820F00100086002983C
:10CEE0000068806820F06060019908430299096831
:10CEF0008860029803F038FB00980299096808607E
:10CF000002992020C1F88800FFE70299002081F8EB
:10CF10008400FFE700208DF80F00FFE79DF80F0069
:10CF200004B080BD0000000080B584B00290019183
:10CF3000FFE7029890F88400012804D1FFE702205F
:10CF40008DF80F0032E00299012081F88400FFE79C
:10CF5000FFE702992420C1F8880002980068006861
:10CF6000009002980168086820F0010008600298AB
:10CF70000068806820F060400199084302990968C0
:10CF80008860029803F0F0FA009802990968086036
:10CF900002992020C1F88800FFE70299002081F85B
:10CFA0008400FFE700208DF80F00FFE79DF80F00D9
:10CFB00004B080BD0000000081B0009001B0704757
:10CFC00081B0009001B0704781B000900098006877
:10CFD00045F20001C4F20001884201D1FFE7FFE7FA
:10CFE00001B070470000000080B592B01190119818
:10CFF0000068C06910901198006800680F9011983F
:10D00000006880680E90109840F60F0108400D905F
:10D010000D98E0B9FFE79DF840008006002815D57F
:10D02000FFE79DF83C008006002806D4FFE79DF846
:10D030003B00C006002809D5FFE71198406F20B1DA
:10D04000FFE71198416F8847FFE74AE3FFE70D9834
:10D05000002800F00C81FFE70E980121C1F20001C9
:10D06000084209D1FFE70F9840F22011C0F20041B9
:10D07000084200F0FC80FFE79DF84000C00788B13F
:10D08000FFE79DF83D00C00760B1FFE71198016818
:10D09000012008621199D1F8900040F00100C1F818
:10D0A0009000FFE79DF840008007002811D5FFE7BA
:10D0B0009DF83800C00760B1FFE7119801680220B1
:10D0C00008621199D1F8900040F00400C1F8900076
:10D0D000FFE79DF840004007002811D5FFE79DF8C5
:10D0E0003800C00760B1FFE71198016804200862AA
:10D0F0001199D1F8900040F00200C1F89000FFE7CC
:10D100009DF840000007002819D5FFE79DF83C0076
:10D110008006002807D4FFE70E980121C1F2000124
:10D1200008420CD0FFE711980168082008621199A5
:10D13000D1F8900040F00800C1F89000FFE79DF89A
:10D1400041000007002813D5FFE79DF83F00400786
:10D1500000280DD5FFE7119801684FF400600862C0
:10D160001199D1F8900040F02000C1F89000FFE73D
:10D170001198D0F89000002878D0FFE79DF8400083
:10D180008006002815D5FFE79DF83C0080060028A2
:10D1900006D4FFE79DF83B00C006002809D5FFE74D
:10D1A0001198406F20B1FFE71198416F8847FFE762
:10D1B000FFE71198D0F890000C90119800688068F3
:10D1C00000F04000402806D0FFE79DF8300010F046
:10D1D000280F42D0FFE7119803F03AFC119800683D
:10D1E00080684006002833D5FFE7FFE7FFE7119886
:10D1F000006850E8020F20F040000B90FFE70B9909
:10D200001198026842E802100028F0D1FFE7FFE71A
:10D210001198D0F88000B0B1FFE71198D0F88010D5
:10D2200040F68100C0F6010008651198D0F8800032
:10D23000F5F712FA30B1FFE71198D0F88000016DD0
:10D240008847FFE703E01198FFF7BEFEFFE703E022
:10D250001198FFF7B9FEFFE707E01198FFF7B4FE5A
:10D2600011990020C1F89000FFE7FFE739E211981B
:10D27000C06E012840F0D681FFE79DF84000C0064F
:10D28000002840F1CF81FFE79DF83C00C006002850
:10D2900040F1C881FFE711980168102008621198D9
:10D2A000006880684006002840F15A81FFE7119825
:10D2B000D0F8800000681021C4F20201884200F01A
:10D2C000A280FFE71198D0F8800000682821C4F2FE
:10D2D0000201884200F09780FFE71198D0F88000A3
:10D2E00000684021C4F20201884200F08C80FFE710
:10D2F0001198D0F8800000685821C4F202018842D9
:10D3000000F08180FFE71198D0F88000006870215C
:10D31000C4F20201884276D0FFE71198D0F880006D
:10D3200000688821C4F2020188426CD0FFE711989E
:10D33000D0F880000068A021C4F20201884262D0C7
:10D34000FFE71198D0F880000068B821C4F202010C
:10D35000884258D0FFE71198D0F88000006840F26A
:10D360001041C4F2020188424DD0FFE71198D0F875
:10D370008000006840F22841C4F20201884242D095
:10D38000FFE71198D0F88000006840F24041C4F2F5
:10D390000201884237D0FFE71198D0F8800000687A
:10D3A00040F25841C4F2020188422CD0FFE71198A4
:10D3B000D0F88000006840F27041C4F20201884257
:10D3C00021D0FFE71198D0F88000006840F2884132
:10D3D000C4F20201884216D0FFE71198D0F880000D
:10D3E000006840F2A041C4F2020188420BD0FFE77E
:10D3F0001198D0F88000006840F2B841C4F20201F0
:10D40000884207D1FFE71198D0F880000068406893
:10D41000019006E01198D0F8800000684068019003
:10D42000FFE70198ADF82A00BDF82A0000287BD05C
:10D43000FFE7BDF82A001199B1F85C10884273DA51
:10D44000FFE7BDF82A001199A1F85E001198D0F805
:10D450008000C069B0F5807F59D0FFE7FFE7FFE7A4
:10D460001198006850E8000F20F480700990FFE7E1
:10D4700009991198026842E800100028F0D1FFE7EE
:10D48000FFE7FFE7FFE71198006850E8020F20F080
:10D4900001000890FFE708991198026842E802101D
:10D4A0000028F0D1FFE7FFE7FFE7FFE711980068EA
:10D4B00050E8020F20F040000790FFE7079911980D
:10D4C000026842E802100028F0D1FFE7FFE7119957
:10D4D0002020C1F88C0011990020C866FFE7FFE703
:10D4E0001198006850E8000F20F010000690FFE748
:10D4F00006991198026842E800100028F0D1FFE771
:10D50000FFE71198D0F88000F4F7EAFBFFE71199E4
:10D51000022008671198B0F85C10B0F85E20891AF4
:10D5200089B2FFF7EDFA1AE0BDF82A001199B1F8B7
:10D530005C10884212D1FFE71198D0F88000C069D2
:10D54000B0F5807F09D1FFE7119902200867119893
:10D55000B0F85C10FFF7D4FAFFE7FFE7FFE7C0E0A1
:10D560001199B1F85C00B1F85E10401AADF81600E0
:10D570001198B0F85E00002853D0FFE7BDF8160000
:10D5800000284ED0FFE7FFE7FFE71198006850E85A
:10D59000000F20F490700490FFE70499119802683E
:10D5A00042E800100028F0D1FFE7FFE7FFE7FFE7C0
:10D5B0001198006850E8020F4FF6FE71CEF6FF7129
:10D5C00008400390FFE703991198026842E80210AF
:10D5D0000028EDD1FFE7FFE711992020C1F88C006A
:10D5E00011990020C86611994867FFE7FFE7119875
:10D5F000006850E8000F20F010000290FFE7029949
:10D600001198026842E800100028F0D1FFE7FFE718
:10D610001199022008671198BDF81610FFF770FAEB
:10D62000FFE75EE09DF84200C00600280FD5FFE747
:10D630009DF83A004006002809D5FFE711980168D7
:10D640004FF4801008621198FFF7BAFC49E09DF88A
:10D6500040000006002815D5FFE79DF83C000006B5
:10D66000002806D4FFE79DF83A000006002809D5F7
:10D67000FFE71198806F20B1FFE71198816F88470D
:10D68000FFE72EE09DF84000400600280AD5FFE79E
:10D690009DF83C004006002804D5FFE7119803F0F0
:10D6A00027FA1EE09DF84200000600280AD5FFE791
:10D6B0009DF83F004006002804D5FFE71198FFF7CA
:10D6C0007BFC0EE09DF84300C00750B1FFE79DF8DA
:10D6D0003F000006002804D5FFE71198FFF7D8FBAC
:10D6E000FFE712B080BD000080B582B000900098C6
:10D6F00020B9FFE701208DF8070046E00098806917
:10D7000008B1FFE700E0FFE70098D0F8880040B9D3
:10D71000FFE70099002081F88400009800F03CF8B1
:10D72000FFE700992420C1F8880000980168086884
:10D7300020F0010008600098806A20B1FFE700989F
:10D7400002F056FFFFE7009803F0B6FB012804D172
:10D75000FFE701208DF8070017E00098016848688E
:10D7600020F49040486000980168886820F02A0002
:10D77000886000980168086840F00100086000981F
:10D7800002F0DAFF8DF80700FFE79DF8070002B00E
:10D7900080BD00000000000080B5DCB05B90002080
:10D7A0005A90599058905790569028A8B821F2F75F
:10D7B000A0FF5B98006845F20001C4F200018842B6
:10D7C00040F09680FFE700202990022128914590A3
:10D7D00028A8FAF791FE18B1FFE7F4F771F8FFE710
:10D7E000FFE744F2E840C5F60200016841F4801109
:10D7F0000160006800F4801027902798FFE7FFE79A
:10D8000044F2E040C5F60200016841F00401016005
:10D81000006800F0040026902698FFE7FFE744F236
:10D82000E040C5F60200016841F0080101600068AF
:10D8300000F0080025902598FFE74FF4805056909F
:10D840000220169057900020199058905990082067
:10D8500017905A9040F60000C5F6020056A918919C
:10D86000F8F7A6FE169B17981899199A4FF0040C12
:10D87000CDF858C15793589259925A9040F60040AB
:10D88000C5F60200F8F794FE199944F6A000C2F21A
:10D8900000401A901022C4F202020260412242604B
:10D8A0008160C1604FF48062026141618161C16148
:10D8B0004FF4403202624162F6F70EFB18B1FFE707
:10D8C000F3F7FEFFFFE7FFE75B9844F6A001C2F223
:10D8D0000041C0F880105B988863FFE73520159001
:10D8E00000221146F9F724F91598F9F715F9CDE258
:10D8F0005B98006847F60001C4F20001884271D1CC
:10D90000FFE70020299002212891459028A8FAF7E6
:10D91000F3FD18B1FFE7F3F7D3FFFFE7FFE744F2AA
:10D92000E840C5F60200016841F0804101600068EE
:10D9300000F0804024902498FFE7FFE744F2E040A5
:10D94000C5F60200016841F010010160006800F0B6
:10D95000100023902398FFE74FF4C07056900220E8
:10D960005790002013905890599007205A9041F2F8
:10D970000000C5F6020056A9F8F71AFE139944F6FE
:10D980001810C2F2004014908822C4F20202026011
:10D990004F2242608160C1604FF480620261416148
:10D9A00081614FF48072C26101624162F6F794FABC
:10D9B00018B1FFE7F3F784FFFFE7FFE75B9844F652
:10D9C0001811C2F20041C0F880105B988863FFE72D
:10D9D0005220129001221146F9F7AAF81298F9F78D
:10D9E0009BF852E25B98006847F60041C4F20001E0
:10D9F000884240F09980FFE7002029900221289179
:10DA0000459028A8FAF778FD18B1FFE7F3F758FF1B
:10DA1000FFE7FFE744F2E840C5F60200016841F085
:10DA200000410160006800F0004022902298FFE76A
:10DA3000FFE744F2E040C5F60200016841F0100142
:10DA40000160006800F0100021902198FFE703209A
:10DA5000569002205790002010905890599008201E
:10DA60005A9041F20000C5F6020056A9F8F7A0FD51
:10DA7000109944F69010C2F200401190A022C4F216
:10DA800002020260512242608160C1604FF48062F4
:10DA90000261416181614FF48072C2610162416241
:10DAA000F6F71AFA18B1FFE7F3F70AFFFFE7FFE707
:10DAB0005B9844F69011C2F20041C0F880105B9868
:10DAC0008863FFE744F60820C2F200400F90B821B7
:10DAD000C4F20201016052214160402181600021B5
:10DAE000C1604FF48062026141618161C161016284
:10DAF0004162F6F7F1F918B1FFE7F3F7E1FEFFE74E
:10DB0000FFE75B9844F60821C2F20041C1675B98C9
:10DB10008863FFE753200E9000221146F9F708F8BA
:10DB20000E98F8F7F9FFAFE15B98006841F6000145
:10DB3000C4F20101884240F09C80FFE70020299058
:10DB400001212891469028A8FAF7D6FC18B1FFE7E2
:10DB5000F3F7B6FEFFE7FFE744F2F040C5F6020038
:10DB6000016841F040010160006800F04000209031
:10DB70002098FFE7FFE744F2E040C5F602000168A5
:10DB800041F008010160006800F008001F901F9834
:10DB9000FFE74FF4404056900220579000200C9031
:10DBA000589059900B205A9040F60040C5F602005C
:10DBB00056A9F8F7FDFC0C9944F68020C2F200400B
:10DBC0000D9040F21042C4F20202026074224260E0
:10DBD0008160C1604FF480620261416181614FF4F4
:10DBE0008072C26101624162F6F776F918B1FFE70F
:10DBF000F3F766FEFFE7FFE75B9844F68021C2F289
:10DC00000041C0F880105B988863FFE744F6F82075
:10DC1000C2F200400B9040F22841C4F202010160C0
:10DC200075214160402181600021C1604FF4806214
:10DC3000026141618161C16101624162F6F74CF9A3
:10DC400018B1FFE7F3F73CFEFFE7FFE75B9844F608
:10DC5000F821C2F20041C1675B988863FFE79B200F
:10DC60000A9000221146F8F763FF0A98F8F754FF6C
:10DC700009E15B98006841F20001C4F201018842A9
:10DC800070D1FFE70020299001212891469028A813
:10DC9000FAF732FC18B1FFE7F3F712FEFFE7FFE7F0
:10DCA00044F2F040C5F60200016841F01001016045
:10DCB000006800F010001E901E98FFE7FFE744F296
:10DCC000E040C5F60200016841F001010160006812
:10DCD00000F001001D901D98FFE74FF4C0605690C2
:10DCE00002205790002008905890599007205A9091
:10DCF0000020C5F6020056A9F8F75AFC089944F628
:10DD0000E830C2F2004009907022C4F202020260C0
:10DD1000292242608160C1604FF4806202614161EA
:10DD200081614FF48072C26101624162F6F7D4F8FA
:10DD300018B1FFE7F3F7C4FDFFE7FFE75B9844F690
:10DD4000E831C2F20041C0F880105B988863FFE7B9
:10DD50002520079001221146F8F7EAFE0798F8F708
:10DD6000DBFE8FE05B98006841F60041C4F20101E0
:10DD7000884240F08680FFE7002029900121289109
:10DD8000469028A8FAF7B8FB18B1FFE7F3F798FD1B
:10DD9000FFE7FFE744F2F040C5F60200016841F0FA
:10DDA00080010160006800F080001C901C98FFE773
:10DDB000FFE744F2E040C5F60200016841F01001BF
:10DDC0000160006800F010001B901B98FFE7042022
:10DDD000049056900221019157910021059158918C
:10DDE00059915A9041F20000C5F60200029056A9DE
:10DDF0000391F8F7DDFB019B02980399059A4FF018
:10DE0000080CCDF858C15793589259920B225A9248
:10DE1000F8F7CEFB049A059944F67030C2F2004040
:10DE200006905823C4F202030360762343608160A6
:10DE3000C1604FF48063036141618161C16101622E
:10DE4000426203228262C1620163F6F745F818B1AB
:10DE5000FFE7F3F735FDFFE7FFE75B9844F6703126
:10DE6000C2F20041C0F880105B988863FFE79C20F5
:10DE7000009000221146F8F75BFE0098F8F74CFE80
:10DE8000FFE7FFE7FFE7FFE7FFE7FFE75CB080BDE5
:10DE900081B0009001B0704781B0009001B0704730
:10DEA00081B0009001B07047FFE7FEE7000000007E
:10DEB00083B0029001918DF8032000208DF80200BC
:10DEC0008DF80200FFE79DF802009DF803108842DC
:10DED00029DAFFE70298000F092809D8FFE702981E
:10DEE000000F303001999DF8022001F8120009E07E
:10DEF0000299372000EB117001999DF8022001F87A
:10DF00001200FFE702980001029001989DF80210AC
:10DF100000EB410100204870FFE79DF8020001304E
:10DF20008DF80200CFE703B070470000000000004A
:10DF300080B58EB0FFE744F2D840C5F60200016814
:10DF400041F001010160006800F001000D900D98A2
:10DF5000FFE7FFE744F2D840C5F60200016841F050
:10DF600002010160006800F002000C900C98FFE7CD
:10DF70000B20019000220A921146F8F7D9FD019872
:10DF8000F8F7CAFD0A9A0C2002901146F8F7D0FD66
:10DF90000298F8F7C1FD0A9A0D2003901146F8F790
:10DFA000C7FD0398F8F7B8FD0A9A0E2004901146B1
:10DFB000F8F7BEFD0498F8F7AFFD0A9A0F20059018
:10DFC0000121F8F7B5FD0598F8F7A6FD0A9A10208B
:10DFD00006901146F8F7ACFD0698F8F79DFD0A9AF1
:10DFE000112007901146F8F7A3FD0798F8F794FD64
:10DFF0000A9A2F2008901146F8F79AFD0898F8F72A
:10E000008BFD0A9A382009901146F8F791FD09987E
:10E01000F8F782FD0A9A39200B901146F8F788FD2F
:10E020000B98F8F779FD0EB080BD000000000000ED
:10E0300080B582B044F66040C2F2004000904AF2DF
:10E040000001C4F200010160002201928260C260FE
:10E0500002744274012181744FF0030EC0F814E081
:10E060000A2383614FF01D0CC0F81CC00362C0F886
:10E0700024E08362C0F82CC0036342638163C263FF
:10E080000C230364042141648264C1640265416518
:10E090008265C265036642668166F7F71DFE18B1A8
:10E0A000FFE7F3F70DFCFFE702B080BD00000000C2
:10E0B00080B582B044F60050C2F2004000904AF2AF
:10E0C0000041C4F200010160002201928260C2603E
:10E0D00002744274012181744FF0030EC0F814E001
:10E0E0000A2383614FF01D0CC0F81CC00362C0F806
:10E0F00024E08362C0F82CC0036340F256334363CC
:10E100008163C2630264042141640C238364C1649B
:10E11000026541658265C265036642668166F7F7FE
:10E12000DBFD18B1FFE7F3F7CBFBFFE702B080BDE3
:10E1300080B582B044F6A050C2F2004000904DF28B
:10E140000041C4F200010160002201928260C260BD
:10E1500002744274012181744FF0030EC0F814E080
:10E160000A2383614FF01D0CC0F81CC00362C0F885
:10E1700024E08362C0F82CC0036340F2AB634363C6
:10E180008163C2630C230364042141648264C1641B
:10E19000026541658265C265036642668166F7F77E
:10E1A0009BFD18B1FFE7F3F78BFBFFE702B080BDE3
:10E1B00080B590B000200F900E900D900C900B90B9
:10E1C000FFE744F2E040C5F60200016841F01001AB
:10E1D0000160006800F010000A900A98FFE7FFE76E
:10E1E00044F2E040C5F60200016841F0040101601C
:10E1F000006800F0040009900998FFE7FFE744F287
:10E20000E040C5F60200016841F08001016000684D
:10E2100000F0800008900898FFE7FFE744F2E04034
:10E22000C5F60200016841F002010160006800F0DB
:10E23000020007900798FFE7FFE744F2E040C5F6C9
:10E240000200016841F008010160006800F0080068
:10E2500006900698FFE7FFE744F2E040C5F60200AB
:10E26000016841F001010160006800F001000590C3
:10E270000598FFE740F60000C5F60200009048F25E
:10E28000090101220192F8F77BFB009801994FF4F4
:10E2900000420B920C91002103910D910E910BA95C
:10E2A0000291F8F785F90098019A029909230B93D6
:10E2B0000C920D9202220E92F8F77AF901980299C7
:10E2C0004FF4A0520B924FF404120C920D9041F2B5
:10E2D0000000C5F60200F8F76BF903994FF00060F3
:10E2E000FDF7E6FB039A282004901146F8F720FC7E
:10E2F0000498F8F711FC10B080BD00000000000089
:10E3000080B582B045F22430C2F20040009043F65E
:10E310000001C4F2000101604FF48001416000215E
:10E32000019181600722C2604FF0007202614FF0DC
:10E33000807242614FF0806282614FF04052C26150
:10E34000016241628162C1624FF080424263816337
:10E35000C163016441648164C16401654165816593
:10E36000FCF7BEFB18B1FFE7F3F7AAFAFFE702B02C
:10E3700080BD00000000000080B590B00021019138
:10E380000F910E910D910C910B910A9109910891A9
:10E3900007910691059104910391029145F2AC30E9
:10E3A000C2F2004040F20042C4F2000202601722B2
:10E3B0004260816042F20F72C2600161802181611E
:10E3C000FDF75AFC18B1FFE7F3F77AFAFFE74FF4CD
:10E3D00080500C9045F2AC30C2F200400CA9FDF721
:10E3E00097FD18B1FFE7F3F76BFAFFE745F2AC30A2
:10E3F000C2F20040FEF7B0F818B1FFE7F3F760FA99
:10E40000FFE7002009900B9045F2AC30C2F20040CB
:10E4100009A9FDF771FB18B1FFE7F3F751FAFFE720
:10E4200060200290002003900490069045F2AC30EA
:10E43000C2F2004002A90C22FDF7B6FF18B1FFE7B7
:10E44000F3F73EFAFFE745F2AC30C2F20040FDF7C9
:10E4500073FF10B080BD000080B588B0002100912E
:10E46000079106910591049103910291019145F262
:10E47000F830C2F2004040F60002C4F2000202602E
:10E48000EF224260816040F2E732C2600161816147
:10E49000FDF7F2FB18B1FFE7F3F712FAFFE74FF4CD
:10E4A0008050049045F2F830C2F2004004A9FDF714
:10E4B0002FFD18B1FFE7F3F703FAFFE70020019003
:10E4C000039045F2F830C2F2004001A9FDF714FBB9
:10E4D00018B1FFE7F3F7F4F9FFE708B080BD0000DB
:10E4E00080B588B0002100910791069105910491B3
:10E4F00003910291019145F24440C2F2004040F67E
:10E500000042C4F200020260EF224260816040F2E9
:10E51000E732C26001618161FDF7AEFB18B1FFE730
:10E52000F3F7CEF9FFE74FF48050049045F24440F2
:10E53000C2F2004004A9FDF7EBFC18B1FFE7F3F7C6
:10E54000BFF9FFE700200190039045F24440C2F27A
:10E55000004001A9FDF7D0FA18B1FFE7F3F7B0F9D1
:10E56000FFE708B080BD000080B582B045F2B8502A
:10E57000C2F20040019045F20001C4F200010160C6
:10E580004FF4E131416000218160C16001610C22E2
:10E5900042618161C16101624162022181624FF485
:10E5A00080310163FFF7A0F818B1FFE7F3F788F9AE
:10E5B000FFE745F2B850C2F200400021FEF7B4FC7C
:10E5C00018B1FFE7F3F77CF9FFE745F2B850C2F264
:10E5D00000400021FEF760FC18B1FFE7F3F770F987
:10E5E000FFE745F2B850C2F20040FEF7F1F918B16A
:10E5F000FFE7F3F765F9FFE702B080BD0000000018
:10E6000080B582B045F24C60C2F20040009047F6FF
:10E610000001C4F2000101604FF4E13141600021CA
:10E6200001918160C16001610C2242618161C1611F
:10E63000016241628162FFF757F818B1FFE7F3F713
:10E640003FF9FFE745F24C60C2F200400021FEF7BF
:10E650006BFC18B1FFE7F3F733F9FFE745F24C60C5
:10E66000C2F200400021FEF717FC18B1FFE7F3F7F4
:10E6700027F9FFE745F24C60C2F20040FEF7A8F927
:10E6800018B1FFE7F3F71CF9FFE702B080BD000007
:10E6900080B582B045F2E060C2F20040009047F6DB
:10E6A0000041C4F2000101604FF4E13141600021FA
:10E6B00001918160C16001610C2242618161C1618F
:10E6C000016241628162FFF70FF818B1FFE7F3F7CB
:10E6D000F7F8FFE745F2E060C2F200400021FEF7E4
:10E6E00023FC18B1FFE7F3F7EBF8FFE745F2E06032
:10E6F000C2F200400021FEF7CFFB18B1FFE7F3F7AD
:10E70000DFF8FFE745F2E060C2F20040FEF760F993
:10E7100018B1FFE7F3F7D4F8FFE702B080BD0000BF
:10E7200080B582B045F27470C2F20040009041F6AC
:10E730000001C4F2010101604FF4E13141600021A8
:10E7400001918160C16001610C2242618161C161FE
:10E75000016241628162FEF7C7FF18B1FFE7F3F77C
:10E76000AFF8FFE745F27470C2F200400021FEF7F7
:10E77000DBFB18B1FFE7F3F7A3F8FFE745F274708E
:10E78000C2F200400021FEF787FB18B1FFE7F3F764
:10E7900097F8FFE745F27470C2F20040FEF718F9EF
:10E7A00018B1FFE7F3F78CF8FFE702B080BD000077
:10E7B00080B582B045F22450C2F20040019041F68B
:10E7C0000041C4F2010101604FF4E13141600021D8
:10E7D0008160C16001610C2242618161C16101629D
:10E7E0004162102181624FF48051C163FEF77CFFCA
:10E7F00018B1FFE7F3F764F8FFE745F22450C2F2DF
:10E8000000400021FEF790FB18B1FFE7F3F758F83E
:10E81000FFE745F22450C2F200400021FEF73CFB26
:10E8200018B1FFE7F3F74CF8FFE745F22450C2F2C6
:10E830000040FEF7CDF818B1FFE7F3F741F8FFE726
:10E8400002B080BD0000000080B582B045F290406B
:10E85000C2F20040009041F20001C4F201010160E7
:10E860004FF4E1314160002101918160C16001619B
:10E870000C2242618161C161016241628162FEF7E5
:10E8800033FF18B1FFE7F3F71BF8FFE745F29040BD
:10E89000C2F200400021FEF747FB18B1FFE7F3F793
:10E8A0000FF8FFE745F29040C2F200400021FEF76A
:10E8B000F3FA18B1FFE7F3F703F8FFE745F29040EA
:10E8C000C2F20040FEF784F818B1FFE7F2F7F8FF54
:10E8D000FFE702B080BD000080B544F2D440C2F230
:10E8E000004040F21C01C2F20041012204F0BCFAD7
:10E8F00018B1FFE7F2F7E4FFFFE744F2D440C2F2B9
:10E90000004040F2D401C2F2004104F0D9FF18B136
:10E91000FFE7F2F7D5FFFFE744F2D440C2F2004030
:10E9200040F27011C2F2004103F08AFC18B1FFE717
:10E93000F2F7C6FFFFE744F2D440C2F2004005F010
:10E940004FF918B1FFE7F2F7BBFFFFE7F9F71CFB40
:10E9500080BD000000000000FFE7FEE700000000AF
:10E96000FFE7FEE70000000088B0079006910592DF
:10E97000079800F0070004900498C0F107000528EC
:10E9800003D3FFE70420019004E00498C0F10700DE
:10E990000190FFE70198039004980430062803D8FB
:10E9A000FFE70020009003E0049803380090FFE7A1
:10E9B0000098029006980399012202FA01F10139A8
:10E9C0000840029B984005999A40013A114008433B
:10E9D00008B070470000000080B544F64060C2F205
:10E9E0000040F8F7D9FB80BD80B586B00590049152
:10E9F000059800680390039802900398006C0190BA
:10EA00000298049900EB4110D0F8080B009001988F
:10EA100043F20B01C4F6547188420FD3FFE79DF80F
:10EA200001000006002809D5FFE70298049900EBD1
:10EA300041114FF40040C1F8080BFFE70598F9F7C2
:10EA4000E3F9019843F20B01C4F6547188420DD3E7
:10EA5000FFE705988079012808D1FFE70599086844
:10EA600001F29C42012105F0E7FEFFE7002006B01D
:10EA700080BD00000000000080B588B007900691BE
:10EA8000079800680490049803900498006C029022
:10EA90000398069900EB4110D0F8080B01900798F5
:10EAA0008079012840F08180FFE79DF8040000078D
:10EAB000002818D5FFE7029843F20B01C4F6547101
:10EAC00088420FD3FFE79DF805000006002809D50E
:10EAD000FFE70398069900EB41114FF40040C1F89D
:10EAE000080BFFE760E09DF804008006002808D5C9
:10EAF000FFE70398069900EB41112020C1F8080BAD
:10EB000051E09DF8040010F0280F4AD1FFE7029869
:10EB100043F20B01C4F6547188420FD3FFE79DF80E
:10EB200005000006002809D5FFE70398069900EBC9
:10EB300041114FF40040C1F8080B31E007980699E5
:10EB400001EBC10100EB810000F5157005900598FF
:10EB5000006A0399069A01EB4211D1F8101B6FF37A
:10EB6000DF41401A05994861069898B9FFE7059872
:10EB7000006940B9FFE70799086801F29C4201214A
:10EB800005F05AFE05E00599C8684A691044C86056
:10EB9000FFE7FFE707989DF81810F8F789F8FFE7F7
:10EBA00000E0FFE7FFE7FFE747E0029843F20A11C2
:10EBB000C4F65471884224D1FFE79DF80500000691
:10EBC000002809D5FFE70398069900EB41114FF49F
:10EBD0000040C1F8080B13E09DF8040080060028EF
:10EBE00008D5FFE70398069900EB41112020C1F8F2
:10EBF000080BFFE707989DF81810F8F759F8FFE79A
:10EC00001AE0069890B9FFE70798069901EBC10151
:10EC100000EB8100D0F8640240B9FFE7079908686B
:10EC200001F29C42002105F007FEFFE707989DF8DE
:10EC30001810F8F73DF8FFE7FFE7002008B080BDA7
:10EC400080B58CB00A9009910A98006808900898DD
:10EC500007900A98099901EBC10100EB810014307B
:10EC60000690069801694069884204D9FFE70120AF
:10EC70008DF82F0079E0069908694969401A0590D6
:10EC8000059806998968884204D9FFE70698806844
:10EC90000590FFE70598033080080490FFE7079888
:10ECA000099900EB4110D0F8180981B2049A0020AC
:10ECB000914202900FD3FFE7069802694169002054
:10ECC0009142029007D2FFE706980069002818BF1A
:10ECD00001200290FFE70298C00770B3FFE7069992
:10ECE00008694969401A059005980699896888421B
:10ECF00004D9FFE7069880680590FFE70598033080
:10ED00008008049008980699C9689DF82420BDF8E9
:10ED10001430DDF828C09CF806C0EE46CEF800C0DE
:10ED200006F016FC059A0699C8681044C860059A52
:10ED30000699486910444861B1E70699086949692C
:10ED400088420ED8FFE7099800F00F0101208840A3
:10ED50000390039A0799D1F834089043C1F8340816
:10ED6000FFE700208DF82F00FFE79DF82F000CB083
:10ED700080BD00000000000070470000000000009F
:10ED800080B586B00490039100208DF8070044F20E
:10ED90002840C5F60200006800F00300032804D1F3
:10EDA000FFE701208DF81700CBE044F20041C5F6E3
:10EDB0000201086820F080600860F7F7F9FD029012
:10EDC000FFE744F20040C5F60200006800F0006171
:10EDD0000020B0EBD16F0CD0FFE7F7F7E9FD029907
:10EDE000401A032804D3FFE703208DF81700A8E09A
:10EDF000E7E7FFE744F22841C5F60201086820F47E
:10EE00007C30049A126840EA02300860049948682D
:10EE1000D1F808C0CB680A6901386FF35F204FF65C
:10EE20000061CFF6FF7101EB4C2189B2084400214B
:10EE3000CFF6FF7101EB034101F4FE0108444FF0EE
:10EE40007F4101EB026101F0FE41084444F2384188
:10EE5000C5F602010860FFE744F22C41C5F6020145
:10EE60000091086820F0C000049A526910430860BD
:10EE7000086820F02000049A92691043086008682E
:10EE800020F01000086044F23C42C5F6020210680F
:10EE90004FF6F8739843049BDB6940EAC3001060A7
:10EEA000086840F010000860039848B9FFE744F292
:10EEB0002C41C5F60201086840F40020086016E005
:10EEC0000398012809D1FFE744F22C41C5F602015D
:10EED000086840F48010086008E044F22C41C5F650
:10EEE0000201086840F400100860FFE7FFE744F201
:10EEF0000041C5F60201086840F080600860F7F73D
:10EF000057FD0290FFE744F20040C5F6020000689A
:10EF100000F000610020B0EBD16F0CD1FFE7F7F7F4
:10EF200047FD0299401A032804D3FFE703208DF818
:10EF3000170006E0E7E7FFE79DF807008DF81700E8
:10EF4000FFE79DF8170006B080BD0000000000003C
:10EF500080B586B00490039100208DF8070044F23C
:10EF60002840C5F60200006800F00300032804D121
:10EF7000FFE701208DF81700CBE044F20041C5F611
:10EF80000201086820F080500860F7F711FD029038
:10EF9000FFE744F20040C5F60200006800F00051AF
:10EFA0000020B0EB517F0CD0FFE7F7F701FD02998D
:10EFB000401A032804D3FFE703208DF81700A8E0C8
:10EFC000E7E7FFE744F22841C5F60201086820F0B0
:10EFD0007C70049A126840EA0250086004994868FC
:10EFE000D1F808C0CB680A6901386FF35F204FF68B
:10EFF0000061CFF6FF7101EB4C2189B2084400217A
:10F00000CFF6FF7101EB034101F4FE0108444FF01C
:10F010007F4101EB026101F0FE41084444F24041AE
:10F02000C5F602010860FFE744F22C41C5F6020173
:10F030000091086820F44060049A52691043086007
:10F04000086820F40070049A926910430860086808
:10F0500020F48070086044F24442C5F60202106851
:10F060004FF6F8739843049BDB6940EAC3001060D5
:10F07000086840F480700860039848B9FFE744F2DC
:10F080002C41C5F60201086840F48000086016E0D3
:10F090000398012809D1FFE744F22C41C5F602018B
:10F0A000086840F40000086008E044F22C41C5F60E
:10F0B0000201086840F080700860FFE7FFE744F253
:10F0C0000041C5F60201086840F080500860F7F77B
:10F0D0006FFC0290FFE744F20040C5F602000068B2
:10F0E00000F000510020B0EB517F0CD1FFE7F7F7A3
:10F0F0005FFC0299401A032804D3FFE703208DF830
:10F10000170006E0E7E7FFE79DF807008DF8170016
:10F11000FFE79DF8170006B080BD0000000000006A
:10F1200080B545F22430C2F20040FBF711FB80BDF0
:10F1300082B00190019800684069009001980168D0
:10F14000886940F00800886101980168886940F08A
:10F150001000886101980168086820F001000860CB
:10F1600001980168086940F26F3290430861019884
:10F170000168886820F440408860019890F8810018
:10F18000042815D0FFE79DF80000800600280ED562
:10F19000FFE70199D1F8840040F08000C1F88400B5
:10F1A00001980168886940F020008861FFE7FFE767
:10F1B000019890F88100032815D0FFE79DF8000022
:10F1C000400600280ED5FFE70199D1F8840040F0F1
:10F1D0000400C1F8840001980168886940F040008B
:10F1E0008861FFE7FFE79DF80100800700280ED542
:10F1F000FFE70199D1F8840040F00100C1F88400D4
:10F2000001980168886940F400708861FFE79DF803
:10F210000100C00770B1FFE70199D1F8840040F008
:10F220000800C1F8840001980168886940F4807082
:10F230008861FFE701990020A1F862000199A1F817
:10F240006A0002B07047000080B582B0019001985A
:10F25000806B009000990020A1F86A000099A1F845
:10F2600062000099012081F881000098FBF76CFA98
:10F2700002B080BD0000000080B582B0019001980E
:10F28000806B00900198F3F73FFD022812D0FFE752
:10F290000098FFF74DFF0099D1F8840040F010006E
:10F2A000C1F884000099012081F881000098FBF7E3
:10F2B0004BFAFFE702B080BD80B582B001900198A3
:10F2C000806B00900098FCF7EFFB02B080BD00005F
:10F2D00080B582B001900198806B0090009890F802
:10F2E0008100072813D0FFE70098806FC069B0F550
:10F2F000807F04D1FFE70098FCF77AFB06E00098D6
:10F300000168086940F008000861FFE7FFE702B004
:10F3100080BD00000000000083B002900298C16B25
:10F32000012000EB511001900298C068013000905C
:10F3300000980730C008009000980199484303B036
:10F34000704700000000000082B001900091019819
:10F35000006843F20001C4F2010188420AD1FFE7CC
:10F36000019840F2E441C2F2004108600098C1F8FF
:10F37000100127E00198006843F60001C4F2000183
:10F3800088420AD1FFE7019840F2F851C2F20041E9
:10F3900008600098C1F8100113E00198006843F676
:10F3A0000041C4F2000188420AD1FFE7019840F20F
:10F3B0000C71C2F2004108600098C1F81001FFE72B
:10F3C000FFE7FFE702B0704780B586B08446089833
:10F3D000CDF810C00391ADF80A20ADF80830ADF8B3
:10F3E00006000498006843F20001C4F2010188425B
:10F3F0001FD1FFE7039840F2E442C2F2004250609E
:10F40000BDF80A001081BDF80800A2F80A01BDF895
:10F410000600A2F80C0104986B464FF47A7119604B
:10F4200002F10A018A320123FBF78AFD8DF81700E9
:10F4300054E00498006843F60001C4F200018842D9
:10F440001FD1FFE7039840F2F852C2F20042506029
:10F45000BDF80A001081BDF80800A2F80A01BDF845
:10F460000600A2F80C0104986B464FF47A711960FB
:10F4700002F10A018A320123FBF762FD8DF81700C1
:10F480002CE00498006843F60041C4F20001884271
:10F4900020D1FFE7039840F20C72C2F200425060A4
:10F4A000BDF80A001081BDF80800A2F80A01BDF8F5
:10F4B0000600A2F80C010498BDF80810BDF806304B
:10F4C00019448BB202F10A018A32FCF7BDF88DF8BB
:10F4D000170003E000208DF81700FFE79DF81700E4
:10F4E00006B080BD0000000080B586B0DDF820C009
:10F4F000049003918DF80B200193FFE704980068B6
:10F50000406903990840401AB0FA80F040099DF81C
:10F510000B10884214D1FFE7F7F74AFA0899401A0E
:10F520000199884204D3FFE70198013018B9FFE739
:10F53000019820B9FFE703208DF8170004E0DDE70C
:10F5400000208DF81700FFE79DF8170006B080BD7A
:10F55000704700000000000084B003900398009002
:10F5600000980078ADF808000098013000900098ED
:10F570000078ADF80600BDF80610BDF8080040EAB6
:10F580000120ADF80A00BDF80A0004B07047000081
:10F5900080B582B0009000980138B0F1807F03D32D
:10F5A000FFE70120019019E0009801384EF21401A4
:10F5B000CEF2000108604FF0FF300F210EF0D8FDB1
:10F5C0004EF21801CEF20001002008604EF2100247
:10F5D000CEF20002072111600190FFE7019802B00E
:10F5E00080BD00000000000080B5F7F7E9F980BD9C
:10F5F00080B59EB00BA84C21F1F77BF8002001905C
:10F600000A90099008900790069005900490039046
:10F610000220F8F765FCFFE70020029044F618008E
:10F62000C5F60200016821F440410160006800F461
:10F63000404002900298FFE7FFE744F61800C5F645
:10F640000200006800F40050B0F5005F01D0FFE751
:10F65000F3E729200B904FF480300C90012110919A
:10F66000119102201490159016902822179218914B
:10F67000042119911A900C201B9000201C901D90C1
:10F680000BA8FAF751FB18B1FFE7F2F719F9FFE7FA
:10F690003F2003900321049100200590082006904C
:10F6A0004020079008904FF4806209920A9003A8C6
:10F6B000F9F71AFF18B1FFE7F2F702F9FFE71EB0FA
:10F6C00080BD0000000000004EF68851CEF200011F
:10F6D000086840F47000086042F20000C5F20020A3
:10F6E000006800F00F0006280AD8FFE742F2000188
:10F6F000C5F200210868072262F303000860FFE7F3
:10F7000044F20041C5F60201086840F001000860BB
:10F7100044F21042C5F602020020106008684EF65E
:10F720007F52CEF6F6221040086042F20000C5F289
:10F730000020006800F00F0008280AD3FFE742F21B
:10F740000001C5F200210868072262F30300086087
:10F75000FFE744F21841C5F602010020086044F2B8
:10F760001C41C5F60201086044F22041C5F60201C1
:10F77000086044F22842C5F6020240F20021C0F2BD
:10F780000221116044F22C42C5F602020021C0F2AF
:10F79000FF11116044F23042C5F6020240F28021AE
:10F7A000C0F20111116044F23442C5F60202106049
:10F7B00044F23842C5F60202116044F23C42C5F6FA
:10F7C0000202106044F24042C5F60202116044F2A7
:10F7D0004441C5F60201086044F20042C5F6020247
:10F7E000116821F48021116044F26041C5F60201E4
:10F7F000086044F20001C5F2002143F2D200086023
:10F80000704700000000000080B545F2F830C2F2F9
:10F810000040FCF769FC80BD80B545F24440C2F26F
:10F820000040FCF761FC80BD83B00290019102981A
:10F830000068009002980021C4F20101884225D09E
:10F84000FFE70298B0F1804F20D0FFE7029840F226
:10F850000041C4F20001884218D0FFE7029840F648
:10F860000001C4F20001884210D0FFE7029840F680
:10F870000041C4F20001884208D0FFE7029840F23C
:10F880000041C4F2010188420AD1FFE7009820F04C
:10F890007000009001984168009808430090FFE7CD
:10F8A00002980021C4F2010188424DD0FFE702987E
:10F8B000B0F1804F48D0FFE7029840F20041C4F217
:10F8C0000001884240D0FFE7029840F60001C4F2F0
:10F8D0000001884238D0FFE7029840F60041C4F2A8
:10F8E0000001884230D0FFE7029840F20041C4F2A4
:10F8F0000101884228D0FFE7029844F20001C4F2D7
:10F900000101884220D0FFE7029844F20041C4F28E
:10F910000101884218D0FFE7029844F60001C4F2C2
:10F920000101884210D0FFE702984EF20001C4F2B4
:10F930000001884208D0FFE702984EF20041C4F26D
:10F94000000188420AD1FFE7009820F4407000903F
:10F950000198C168009808430090FFE7009820F0E4
:10F9600080000199496908430090019880680299D4
:10F97000C862019800680299886202980021C4F266
:10F980000101884220D0FFE7029840F20041C4F212
:10F990000101884218D0FFE7029844F20001C4F246
:10F9A0000101884210D0FFE7029844F20041C4F2FE
:10F9B0000101884208D0FFE7029844F60001C4F232
:10F9C0000101884205D1FFE70198006902990863A7
:10F9D000FFE70299086840F00400086002990120DE
:10F9E000486100980299086003B070470000000069
:10F9F00080B584B042F2AD70C2F2004001780131AE
:10FA0000017042F2AC72C2F2004211780131117001
:10FA100042F2AE72C2F200421178013111700078E8
:10FA2000052844D1FFE742F2AD71C2F20041002047
:10FA3000087044F60050C2F20040009040F2C82224
:10FA4000C2F200424FF4FF7108230393F1F738F834
:10FA5000039B009840F2D022C2F2004240F2FF1114
:10FA6000F1F72EF8039B44F6A050C2F2004001903B
:10FA700040F27032C2F200424FF400710291F1F78D
:10FA80001FF8039B019840F28032C2F200427721B6
:10FA9000F1F716F80299039B44F66040C2F2004069
:10FAA00040F23822C2F20042F1F70AF8FFE742F2D0
:10FAB000AC70C2F200400078042807D1FFE742F2A0
:10FAC000AC71C2F2004100200870FFE742F2AE7054
:10FAD000C2F200400078142807D1FFE742F2AE716D
:10FAE000C2F2004100200870FFE704B080BD0000B2
:10FAF00084B0039002910192029800F01F0101204E
:10FB000088400090009A0399086A9043086201981F
:10FB1000029901F01F0100FA01F20399086A1043EB
:10FB2000086204B07047000085B00490039102920F
:10FB30000193049880680090009820F47F40009022
:10FB400003980299019A41EA02210143009808436F
:10FB5000009000980499886005B07047000000008C
:10FB600083B00290019102988068009000984FF64F
:10FB70008F71CFF6CF71084000900198009908432B
:10FB800040F00700009000980299886003B0704729
:10FB900082B001900091019800680021C4F2010137
:10FBA000884209D1FFE7019840F62C01C2F20041DA
:10FBB00008600098486081E001980068B0F1804FCB
:10FBC00009D1FFE7019840F63401C2F20041086014
:10FBD0000098486071E00198006840F20041C4F26A
:10FBE0000001884209D1FFE7019840F63C01C2F2CA
:10FBF00000410860009848605EE00198006840F6A7
:10FC00000001C4F20001884209D1FFE7019840F6E3
:10FC10004401C2F200410860009848604BE001983E
:10FC2000006840F60041C4F20001884209D1FFE7B4
:10FC3000019840F64C01C2F200410860009848600B
:10FC400038E00198006841F20001C4F200018842E6
:10FC500009D1FFE7019840F65401C2F20041086063
:10FC60000098486025E00198006841F20041C4F224
:10FC70000001884209D1FFE7019840F65C01C2F219
:10FC8000004108600098486012E00198006840F266
:10FC90000041C4F20101884209D1FFE7019840F612
:10FCA0006401C2F20041086000984860FFE7FFE786
:10FCB000FFE7FFE7FFE7FFE7FFE7FFE702B0704777
:10FCC00085B0049003910498006A01900499086A31
:10FCD00020F0010008620498406800900498806950
:10FCE000029002984FF68F71CFF6FE710840029095
:10FCF000029820F0030002900398016802980843DC
:10FD00000290019820F00200019003988168019808
:10FD10000843019004980021C4F20101884220D0D8
:10FD2000FFE7049840F20041C4F20101884218D074
:10FD3000FFE7049844F20001C4F20101884210D0A8
:10FD4000FFE7049844F20041C4F20101884208D060
:10FD5000FFE7049844F60001C4F2010188420ED185
:10FD6000FFE7019820F0080001900398C16801980E
:10FD700008430190019820F004000190FFE70498E7
:10FD80000021C4F20101884220D0FFE7049840F22C
:10FD90000041C4F20101884218D0FFE7049844F200
:10FDA0000001C4F20101884210D0FFE7049844F238
:10FDB0000041C4F20101884208D0FFE7049844F6EC
:10FDC0000001C4F20101884213D1FFE7009820F43A
:10FDD00080700090009820F40070009003984169B2
:10FDE00000980843009003988169009808430090A8
:10FDF000FFE7009804994860029804998861039885
:10FE000040680499486301980499086205B07047F6
:10FE100085B0049003910498006A01900499086ADF
:10FE200020F01000086204984068009004988069EF
:10FE30000290029848F6FF71CFF6FF6108400290E9
:10FE4000029820F44070029003980168029840EAFA
:10FE500001200290019820F0200001900398816811
:10FE6000019840EA0110019004980021C4F20101B8
:10FE7000884229D0FFE7049840F20041C4F2010112
:10FE8000884221D0FFE7049844F20001C4F2010146
:10FE9000884203D1FFE70020B0B9FFE7049844F29D
:10FEA0000041C4F20101884203D1FFE7002058B9A4
:10FEB000FFE7049844F60001C4F20101884212D120
:10FEC000FFE7012078B9FFE7019820F0800001905A
:10FED0000398C168019840EA01100190019820F050
:10FEE00040000190FFE704980021C4F2010188421C
:10FEF00020D0FFE7049840F20041C4F2010188429B
:10FF000018D0FFE7049844F20001C4F201018842CE
:10FF100010D0FFE7049844F20041C4F20101884286
:10FF200008D0FFE7049844F60001C4F201018842BA
:10FF300015D1FFE7009820F480600090009820F42D
:10FF40000060009003984169009840EA81000090A9
:10FF500003988169009840EA81000090FFE70098CB
:10FF6000049948600298049988610398406804994C
:10FF7000886301980499086205B07047000000008A
:10FF800085B0049003910498006A01900499086A6E
:10FF900020F4807008620498406800900498C0695A
:10FFA000029002984FF68F71CFF6FE7108400290D2
:10FFB000029820F003000290039801680298084319
:10FFC0000290019820F400700190039881680198D4
:10FFD00040EA0120019004980021C4F20101884206
:10FFE00029D0FFE7049840F20041C4F201018842A1
:10FFF00021D0FFE7049844F20001C4F201018842D5
:020000040801F1
:1000000003D1FFE70020B0B9FFE7049844F20041B4
:10001000C4F20101884203D1FFE7002058B9FFE78D
:10002000049844F60001C4F20101884212D1FFE7AE
:10003000012078B9FFE7019820F40060019003984F
:10004000C168019840EA01200190019820F4806085
:100050000190FFE704980021C4F20101884220D0FA
:10006000FFE7049840F20041C4F20101884218D031
:10007000FFE7049844F20001C4F20101884210D065
:10008000FFE7049844F20041C4F20101884208D01D
:10009000FFE7049844F60001C4F20101884215D13B
:1000A000FFE7009820F480500090009820F4005062
:1000B000009003984169009840EA0110009003986D
:1000C0008169009840EA01100090FFE700980499C8
:1000D000486002980499C861039840680499C8630D
:1000E00001980499086205B0704700000000000004
:1000F00085B0049003910498006A01900499086AFD
:1001000020F4805008620498406800900498C06908
:100110000290029848F6FF71CFF6FF610840029006
:10012000029820F44070029003980168029840EA17
:1001300001200290019820F40050019003988168FA
:10014000019840EA0130019004980021C4F20101B5
:10015000884220D0FFE7049840F20041C4F2010138
:10016000884218D0FFE7049844F20001C4F201016C
:10017000884210D0FFE7049844F20041C4F2010124
:10018000884208D0FFE7049844F60001C4F2010158
:1001900088420BD1FFE7009820F48040009003983C
:1001A0004169009840EA81100090FFE700980499A7
:1001B000486002980499C8610398406804990864EB
:1001C00001980499086205B0704700000000000023
:1001D00085B0049003910498006A01900499086A1C
:1001E00020F4803008620498406800900498406DC4
:1001F000029002984FF68F71CFF6FE710840029080
:1002000003980168029808430290019820F4003096
:10021000019003988168019840EA01400190049898
:100220000021C4F20101884220D0FFE7049840F287
:100230000041C4F20101884218D0FFE7049844F25B
:100240000001C4F20101884210D0FFE7049844F293
:100250000041C4F20101884208D0FFE7049844F647
:100260000001C4F2010188420BD1FFE7009820F49D
:100270008030009003984169009840EA0120009086
:10028000FFE700980499486002980499486503982C
:1002900040680499886501980499086205B0704720
:1002A00085B0049003910498006A01900499086A4B
:1002B00020F4801008620498406800900498406D13
:1002C0000290029848F6FF71CFF6FF610840029055
:1002D00003980168029840EA01200290019820F4F6
:1002E0000010019003988168019840EA0150019044
:1002F00004980021C4F20101884220D0FFE704984D
:1003000040F20041C4F20101884218D0FFE704988E
:1003100044F20001C4F20101884210D0FFE70498C2
:1003200044F20041C4F20101884208D0FFE704987A
:1003300044F60001C4F2010188420BD1FFE70098A6
:1003400020F48020009003984169009840EA8120C1
:100350000090FFE700980499486002980499486566
:10036000039840680499C86501980499086205B02B
:10037000704700000000000085B0049003910292D5
:100380000498006A00900499086A20F0010008624D
:10039000049880690190019820F0F0000190029982
:1003A000019840EA01100190009820F00A000090A6
:1003B0000399009808430090019804998861009877
:1003C0000499086205B0704785B0049003910292C9
:1003D0000498006A00900499086A20F010000862EE
:1003E000049880690190019820F47040019002996E
:1003F000019840EA01300190009820F0A0000090A0
:100400000399009840EA01100090019804998861CE
:1004100000980499086205B07047000000000000D1
:1004200080B582B001900198B0F86210023189B2B3
:10043000F0F726FC02B080BD80B584B04FF4F070B8
:10044000F1F7DEF944F66040C2F2004047F2A9013C
:10045000C0F60101F0F79CFA44F60050C2F20040E9
:1004600047F2D901C0F60101F0F792FA44F6A05024
:10047000C2F2004047F20911C0F60101F0F788FA14
:1004800045F22430C2F2004046F28931C0F6010143
:10049000FEF75AFF45F2B850C2F2004046F29931D9
:1004A000C0F60101402200F077FB45F27470C2F201
:1004B000004046F26931C0F601011E2200F06CFBDB
:1004C00045F2F830C2F20040019046F65111C0F6F4
:1004D0000101FFF75DFB45F24440C2F2004002908B
:1004E00046F2F951C0F60101FFF752FBEFF310801D
:1004F00072B6039042F60000C2F200409FED060A79
:1005000009F07AFA019862B6FBF76EFC0298FBF7E5
:100510006BFC04B080BD00BFCDCC4C3D00000000A2
:10052000704700000000000080B545F2B850C2F2EC
:100530000040FCF759FD80BD80B545F24C60C2F229
:100540000040FCF751FD80BD80B545F2E060C2F28D
:100550000040FCF749FD80BD80B545F27470C2F2E1
:100560000040FCF741FD80BD82B001900198406ED3
:1005700040B9FFE701990120A1F86A000199A1F8AB
:10058000680032E010208DF803008DF80200019819
:1005900000688068C0F342608DF80100019800682F
:1005A0008068400F8DF800009DF802009DF8002043
:1005B0004FF25033C0F60103995C48434FF2483183
:1005C000C0F601018A5CB0FBF2F0019AA2F86A0061
:1005D0009DF803009DF801209B5C5843895CB0FBAB
:1005E000F1F00199A1F86800FFE702B07047000040
:1005F00081B00090009890F82800000700280BD5E3
:10060000FFE700980068406820F40040009A1168F5
:10061000926B10434860FFE7009890F82800C007ED
:1006200058B1FFE700980068406820F40030009A55
:100630001168D26A10434860FFE7009890F82800DC
:10064000800700280BD5FFE700980068406820F479
:100650008030009A1168126B10434860FFE70098E1
:1006600090F82800400700280BD5FFE700980068A5
:10067000406820F48020009A1168526B1043486053
:10068000FFE7009890F82800C00600280BD5FFE788
:1006900000980068806820F48050009A1168D26B3E
:1006A00010438860FFE7009890F828008006002833
:1006B0000BD5FFE700980068806820F40050009A8E
:1006C0001168126C10438860FFE7009890F82800CA
:1006D000400600281CD5FFE700980068406820F419
:1006E0008010009A1168526C104348600098406C6A
:1006F000B0F5801F0BD1FFE700980068406820F438
:10070000C000009A1168926C10434860FFE7FFE751
:10071000009890F82800000600280BD5FFE7009805
:100720000068406820F40020009A1168D26C1043E1
:100730004860FFE701B0704780B588B00690069921
:100740000020C1F89000F6F733F90590069800688C
:100750000068000700282FD5FFE70698059B6A462A
:100760006FF07E4111604FF40011002201F064F936
:1007700008B3FFE7FFE7FFE70698006850E8000FBF
:1007800020F080000490FFE704990698026842E890
:1007900000100028F0D1FFE7FFE706992020C1F8FC
:1007A0008800FFE70699002081F88400FFE7032016
:1007B0008DF81F005FE0FFE70698006800684007BB
:1007C000002842D5FFE70698059B6A466FF07E41F8
:1007D00011604FF48001002201F02EF9A0B3FFE771
:1007E000FFE7FFE70698006850E8000F20F49070DC
:1007F0000390FFE703990698026842E8001000287A
:10080000F0D1FFE7FFE7FFE7FFE70698006850E851
:10081000020F20F001000290FFE70299069802689B
:1008200042E802100028F0D1FFE7FFE706992020F8
:10083000C1F88C00FFE70699002081F88400FFE7EB
:1008400003208DF81F0016E0FFE706992020C1F86D
:1008500088000699C1F88C0006990020C8660699A0
:100860000867FFE70699002081F88400FFE7002071
:100870008DF81F00FFE79DF81F0008B080BD000045
:1008800080B582B001900198806B009000990020A3
:10089000A1F85E000098FCF797FB02B080BD000055
:1008A00080B584B003900398806B02900298D0F8D2
:1008B000880001900298D0F88C000090029800689F
:1008C0008068000600280CD5FFE70198212808D190
:1008D000FFE702990020A1F85600029800F02CF9D9
:1008E000FFE7029800688068400600280CD5FFE703
:1008F0000098222808D1FFE702990020A1F85E00A5
:10090000029800F0A5F8FFE70299D1F8900040F0B6
:100910001000C1F890000298FCF756FB04B080BDAF
:1009200080B586B005900598806B04900598C069E5
:10093000B0F5807F5BD0FFE704990020A1F85E004E
:10094000FFE7FFE70498006850E8000F20F480708C
:100950000390FFE703990498026842E8001000281A
:10096000F0D1FFE7FFE7FFE7FFE70498006850E8F2
:10097000020F20F001000290FFE70299049802683C
:1009800042E802100028F0D1FFE7FFE7FFE7FFE7AA
:100990000498006850E8020F20F040000190FFE743
:1009A00001990498026842E802100028F0D1FFE79C
:1009B000FFE704992020C1F88C000498C06E01283C
:1009C00014D1FFE7FFE7FFE70498006850E8000F45
:1009D00020F010000090FFE700990498026842E8B8
:1009E00000100028F0D1FFE7FFE7FFE7FFE70499D9
:1009F000002008670498C06E012806D1FFE704981C
:100A0000B0F85C10FCF77CF803E00498FDF740FABE
:100A1000FFE706B080BD000080B582B0019001986C
:100A2000806B00900099012008670098C06E012833
:100A300007D1FFE70098B0F85C104908FCF760F8B0
:100A400003E00098FDF728FAFFE702B080BD000040
:100A500084B00390FFE7FFE70398006850E8000FB9
:100A600020F490700290FFE702990398026842E830
:100A700000100028F0D1FFE7FFE7FFE7FFE703984A
:100A8000006850E8020F4FF6FE71CEF6FF71084085
:100A90000190FFE701990398026842E802100028DC
:100AA000EDD1FFE7FFE70398C06E012814D1FFE7FF
:100AB000FFE7FFE70398006850E8000F20F0100000
:100AC0000090FFE700990398026842E800100028B0
:100AD000F0D1FFE7FFE7FFE703992020C1F88C0082
:100AE00003990020C8660399486704B07047000066
:100AF00080B582B00190FFE7FFE70198006850E8F9
:100B0000000F20F040000090FFE700990198026874
:100B100042E800100028F0D1FFE7FFE7019920200C
:100B2000C1F888000199002088670198FDF7B8F99D
:100B300002B080BD0000000083B00290FFE7FFE735
:100B40000298006850E8000F20F0C0000190FFE715
:100B500001990298026842E800100028F0D1FFE7EE
:100B6000FFE7FFE7FFE70298006850E8020F20F474
:100B700000000090FFE700990298026842E8021026
:100B80000028F0D1FFE7FFE702992020C1F8880094
:100B900003B070470000000080B584B0039002915C
:100BA000ADF806200398006841F20001C4F201018B
:100BB000884214D1FFE7039840F67C11C2F200414D
:100BC00008600298C1F80C01BDF80600A1F8040104
:100BD0000398B1F804218431FBF73AFF69E10398E7
:100BE000006845F20001C4F20001884240F0E8804C
:100BF000FFE7039840F6BC51C2F20041086002983A
:100C0000C1F80C01BDF80600A1F804010398B1F881
:100C100004215200843192B2FBF71AFF44F6A0007F
:100C2000C2F2004000681021C4F20201884200F0C4
:100C3000B280FFE744F6A000C2F20040006828211D
:100C4000C4F20201884200F0A680FFE744F6A0004B
:100C5000C2F2004000684021C4F20201884200F064
:100C60009A80FFE744F6A000C2F2004000685821D5
:100C7000C4F20201884200F08E80FFE744F6A00033
:100C8000C2F2004000687021C4F20201884200F004
:100C90008280FFE744F6A000C2F20040006888218D
:100CA000C4F20201884276D0FFE744F6A000C2F207
:100CB00000400068A021C4F2020188426BD0FFE727
:100CC00044F6A000C2F200400068B821C4F202015C
:100CD000884260D0FFE744F6A000C2F200400068FE
:100CE00040F21041C4F20201884254D0FFE744F6BA
:100CF000A000C2F20040006840F22841C4F20201A4
:100D0000884248D0FFE744F6A000C2F200400068E5
:100D100040F24041C4F2020188423CD0FFE744F671
:100D2000A000C2F20040006840F25841C4F2020143
:100D3000884230D0FFE744F6A000C2F200400068CD
:100D400040F27041C4F20201884224D0FFE744F629
:100D5000A000C2F20040006840F28841C4F20201E3
:100D6000884218D0FFE744F6A000C2F200400068B5
:100D700040F2A041C4F2020188420CD0FFE744F6E1
:100D8000A000C2F20040006840F2B841C4F2020183
:100D900088420AD1FFE744F6A000C2F20040016891
:100DA000086820F00800086009E044F6A000C2F2DC
:100DB00000400168086820F004000860FFE777E061
:100DC0000398006847F60001C4F20001884214D17C
:100DD000FFE7039840F6DC71C2F200410860029818
:100DE000C1F80C01BDF80600A1F804010398B1F8A0
:100DF00004218431FBF72CFE59E00398006847F684
:100E00000041C4F20001884214D1FFE7039841F287
:100E1000EC01C2F2004108600298C1F80C01BDF873
:100E20000600A1F804010398B1F804218431FBF70E
:100E30000FFE3BE00398006841F60001C4F2010197
:100E4000884214D1FFE7039841F2FC11C2F200413D
:100E500008600298C1F80C01BDF80600A1F8040171
:100E60000398B1F804218431FBF7F2FD1DE00398EB
:100E7000006841F60041C4F20101884214D1FFE745
:100E8000039840F66C01C2F2004108600298C1F874
:100E90000C01BDF80600A1F804010398B1F8042183
:100EA0008431FBF7D5FDFFE7FFE7FFE7FFE7FFE74B
:100EB000FFE704B080BD000080B59EB01D9000200B
:100EC0008DF867001D98006840F60041C5F60001E6
:100ED000884201D1FFE700E0FFE71D9988680B69B0
:100EE0004A69C9691843104308431C901D9800685B
:100EF000006846F6F311CCF6FF7108401C990843D0
:100F00001D99096808601D980068406820F44050E9
:100F10001D9A1168D268104348601D9880691C9022
:100F20001D98006840F60041C5F60001884206D0D1
:100F3000FFE71D98016A1C9808431C90FFE71D9865
:100F4000006880684FF2FF41C1F2FF1108401C9910
:100F500008431D99096888601D980068C06A20F0E0
:100F60000F001D9A1168526A1043C862FFE71D986E
:100F7000006841F20001C4F20101884240F0418062
:100F8000FFE744F25440C5F60200006800F0380064
:100F90000146109128282FD81099DFE801F0152D6F
:100FA0002D2D2D2D2D2D192D2D2D2D2D2D2D1D2D95
:100FB0002D2D2D2D2D2D212D2D2D2D2D2D2D252D75
:100FC0002D2D2D2D2D2D290001208DF86D0017E0E0
:100FD00004208DF86D0013E008208DF86D000FE0FF
:100FE00010208DF86D000BE020208DF86D0007E0DB
:100FF00040208DF86D0003E080208DF86D00FFE744
:101000006CE21D98006844F20041C4F2000188427D
:101010002ED1FFE744F25440C5F60200006800F00C
:10102000070001460F9105281DD80F99DFE801F050
:1010300003070B0F131700208DF86D0017E0042035
:101040008DF86D0013E008208DF86D000FE0102082
:101050008DF86D000BE020208DF86D0007E040203A
:101060008DF86D0003E080208DF86D00FFE734E21D
:101070001D98006844F60001C4F2000188422ED198
:10108000FFE744F25440C5F60200006800F0070094
:1010900001460E9105281DD80E99DFE801F00307DF
:1010A0000B0F131700208DF86D0017E004208DF84A
:1010B0006D0013E008208DF86D000FE010208DF812
:1010C0006D000BE020208DF86D0007E040208DF8CA
:1010D0006D0003E080208DF86D00FFE7FCE11D98B6
:1010E000006844F60041C4F2000188422ED1FFE7B7
:1010F00044F25440C5F60200006800F007000146C3
:101100000D9105281DD80D99DFE801F003070B0F9D
:10111000131700208DF86D0017E004208DF86D0086
:1011200013E008208DF86D000FE010208DF86D00A1
:101130000BE020208DF86D0007E040208DF86D0059
:1011400003E080208DF86D00FFE7C4E11D98006882
:1011500045F20001C4F2000188422ED1FFE744F2BB
:101160005440C5F60200006800F0070001460C91EB
:1011700005281DD80C99DFE801F003070B0F1317A2
:1011800000208DF86D0017E004208DF86D0013E04D
:1011900008208DF86D000FE010208DF86D000BE039
:1011A00020208DF86D0007E040208DF86D0003E0F1
:1011B00080208DF86D00FFE78CE11D98006841F2FA
:1011C0000041C4F20101884240F04180FFE744F24F
:1011D0005440C5F60200006800F0380001460B914B
:1011E00028282FD80B99DFE801F0152D2D2D2D2D56
:1011F0002D2D192D2D2D2D2D2D2D1D2D2D2D2D2D43
:101200002D2D212D2D2D2D2D2D2D252D2D2D2D2D22
:101210002D2D290001208DF86D0017E004208DF898
:101220006D0013E008208DF86D000FE010208DF8A0
:101230006D000BE020208DF86D0007E040208DF858
:101240006D0003E080208DF86D00FFE741E11D98FF
:10125000006847F60001C4F2000188422ED1FFE782
:1012600044F25440C5F60200006800F00700014651
:101270000A9105281DD80A99DFE801F003070B0F32
:10128000131700208DF86D0017E004208DF86D0015
:1012900013E008208DF86D000FE010208DF86D0030
:1012A0000BE020208DF86D0007E040208DF86D00E8
:1012B00003E080208DF86D00FFE709E11D980068CC
:1012C00047F60041C4F2000188422ED1FFE744F204
:1012D0005440C5F60200006800F00700014609917D
:1012E00005281DD80999DFE801F003070B0F131734
:1012F00000208DF86D0017E004208DF86D0013E0DC
:1013000008208DF86D000FE010208DF86D000BE0C7
:1013100020208DF86D0007E040208DF86D0003E07F
:1013200080208DF86D00FFE7D1E01D98006841F640
:101330000001C4F20101884240F04180FFE744F21D
:101340005440C5F60200006800F0380001460891DC
:1013500028282FD80899DFE801F0152D2D2D2D2DE7
:101360002D2D192D2D2D2D2D2D2D1D2D2D2D2D2DD1
:101370002D2D212D2D2D2D2D2D2D252D2D2D2D2DB1
:101380002D2D290001208DF86D0017E004208DF827
:101390006D0013E008208DF86D000FE010208DF82F
:1013A0006D000BE020208DF86D0007E040208DF8E7
:1013B0006D0003E080208DF86D00FFE786E01D984A
:1013C000006841F60041C4F20101884240F04180CA
:1013D000FFE744F25440C5F60200006800F0380010
:1013E0000146079128282FD80799DFE801F0152D2D
:1013F0002D2D2D2D2D2D192D2D2D2D2D2D2D1D2D41
:101400002D2D2D2D2D2D212D2D2D2D2D2D2D252D20
:101410002D2D2D2D2D2D290001208DF86D0017E08B
:1014200004208DF86D0013E008208DF86D000FE0AA
:1014300010208DF86D000BE020208DF86D0007E086
:1014400040208DF86D0003E080208DF86D00FFE7EF
:101450003BE01D98006840F60041C5F60001884257
:101460002ED1FFE744F25840C5F60200006800F0B4
:1014700007000146069105281DD80699DFE801F00E
:1014800003070B0F131702208DF86D0017E00420DF
:101490008DF86D0013E008208DF86D000FE010202E
:1014A0008DF86D000BE020208DF86D0007E04020E6
:1014B0008DF86D0003E080208DF86D00FFE703E0FC
:1014C00080208DF86D00FFE7FFE7FFE7FFE7FFE70C
:1014D000FFE7FFE7FFE7FFE7FFE7FFE7FFE71D980D
:1014E000006840F60041C5F60001884240F0B48033
:1014F000FFE79DF86D0001460591022814D0FFE733
:101500000598042814D0FFE70598082816D0FFE7AF
:101510000598102818D0FFE70598202835D0FFE758
:101520000598402837D03AE0F6F73AFD11903CE0B4
:1015300015A8F6F749FD1698119036E012A8F6F7AF
:101540008FFE1398119030E044F20040C5F602007F
:10155000006800F020010020B0EB511F0ED0FFE723
:1015600044F20040C5F602000068C0F3C10149F230
:101570000000C0F2D030C840119005E049F20000F0
:10158000C0F2D0301190FFE70FE040F60010C0F23B
:101590003D00119009E04FF40040119005E000205B
:1015A000119001208DF86700FFE71198002852D0B4
:1015B000FFE711981D994A6A4FF25831C0F60101B0
:1015C00031F81210B0FBF1F0189018981D99496885
:1015D00001EB4101884207D3FFE718981D9949683C
:1015E000B0EB013F04D9FFE701208DF8670031E03F
:1015F00011981D994A6803924A6A4FF25831C0F611
:10160000010131F81220002304931946EEF760FF20
:10161000039A049B090241EA1061000210EB520098
:1016200041F10001EEF754FF1A901A98B0F5407F8F
:101630000BD3FFE71A990020B0EB115F05D1FFE74C
:101640001A981D990968C86003E001208DF86700A9
:10165000FFE7FFE7FFE746E11D98C069B0F5004FDF
:1016600040F0A880FFE79DF86D00014602914028F8
:1016700000F263800299DFE801F0212560602960B3
:1016800060602F60606060606060356060606060B6
:101690006060606060606060606056606060606054
:1016A000606060606060606060606060606060603A
:1016B000606060606060606060605C00F8F78CF99A
:1016C000119040E0F8F79CF911903CE015A8F6F76E
:1016D0007BFC1698119036E012A8F6F7C1FD13981E
:1016E000119030E044F20040C5F60200006800F0BE
:1016F00020010020B0EB511F0ED0FFE744F2004064
:10170000C5F602000068C0F3C10149F20000C0F252
:10171000D030C840119005E049F20000C0F2D0304E
:101720001190FFE70FE040F60010C0F23D0011906D
:1017300009E04FF40040119005E0002011900120D5
:101740008DF86700FFE7119898B3FFE711981D9A8D
:101750005168536A4FF25832C0F6010232F8132032
:10176000B0FBF2F0400000EB5100B0FBF1F01A903A
:101770001A98102818D3FFE7BDF86A00A0B9FFE750
:101780001A9820F00F00ADF86E001A9800F00E01C4
:10179000BDF86E0040EA5100ADF86E00BDF86E0075
:1017A0001D990968C86003E001208DF86700FFE714
:1017B000FFE797E09DF86D0001460191402800F297
:1017C00063800199DFE801F0212560602960606095
:1017D0002F60606060606060356060606060606065
:1017E0006060606060606060566060606060606003
:1017F00060606060606060606060606060606060E9
:1018000060606060606060605C00F8F7E5F811900F
:1018100040E0F8F7F5F811903CE015A8F6F7D4FB96
:101820001698119036E012A8F6F71AFD1398119049
:1018300030E044F20040C5F60200006800F02001EC
:101840000020B0EB511F0ED0FFE744F20040C5F678
:1018500002000068C0F3C10149F20000C0F2D030BC
:10186000C840119005E049F20000C0F2D03011905C
:10187000FFE70FE040F60010C0F23D00119009E0D4
:101880004FF40040119005E00020119001208DF8E8
:101890006700FFE7119820B3FFE711981D9A516880
:1018A000536A4FF25832C0F6010232F81320B0FBEF
:1018B000F2F000EB5100B0FBF1F01A901A981028EA
:1018C0000AD3FFE7BDF86A0030B9FFE7BDF868004A
:1018D0001D990968C86003E001208DF86700FFE7E3
:1018E000FFE7FFE7FFE71D990120A1F86A001D99B6
:1018F000A1F868001D99002048671D9988679DF828
:1019000067001EB080BD000080B588B006900591CC
:10191000ADF81220059806998865BDF81200069961
:10192000A1F85C0006990020C1F8900006992220D9
:10193000C1F88C000698D0F88000B0B3FFE7069895
:10194000D0F8801040F62110C0F60100C863069858
:10195000D0F8801040F61920C0F6010008640698FF
:10196000D0F8801040F6A100C0F60100C8640698C7
:10197000D0F880100020086506980168826DD0F8C4
:1019800080002431BDF81230F2F756FF60B1FFE756
:1019900006991020C1F8900006992020C1F88C000B
:1019A00001208DF81F0042E0FFE706980069A0B112
:1019B000FFE7FFE7FFE70698006850E8000F40F4F4
:1019C00080700390FFE703990698026842E80010D0
:1019D0000028F0D1FFE7FFE7FFE7FFE7FFE7069802
:1019E000006850E8020F40F001000290FFE7029902
:1019F0000698026842E802100028F0D1FFE7FFE7EE
:101A0000FFE7FFE70698006850E8020F40F040004B
:101A10000190FFE701990698026842E80210002849
:101A2000F0D1FFE7FFE700208DF81F00FFE79DF8EA
:101A30001F0008B080BD000080B586B0DDF820C072
:101A4000049003918DF80B200193FFE70498006840
:101A5000C06903990840401AB0FA80F040099DF827
:101A60000B10884266D1FFE708980130002860D04B
:101A7000FFE7F4F79DFF0199401A0899884203D8BF
:101A8000FFE7089820B9FFE703208DF8170055E01D
:101A90000498006800684007002849D5FFE70398CC
:101AA000802845D0FFE70398402841D0FFE70498FD
:101AB0000068C06900F008010120B0EBD10F16D119
:101AC000FFE7049801680820009008620498FEF778
:101AD000BFFF00980499C1F89000FFE70499002027
:101AE00081F88400FFE701208DF8170026E00498B4
:101AF0000068C06900F400610120B0EBD12F16D15D
:101B0000FFE7049801684FF4006008620498FEF74C
:101B10009FFF04992020C1F89000FFE7049900205E
:101B200081F88400FFE703208DF8170006E0FFE747
:101B3000FFE78BE700208DF81700FFE79DF81700FF
:101B400006B080BD0000000080B545F22450C2F20E
:101B50000040FBF749FA80BD80B545F29040C2F2E3
:101B60000040FBF741FA80BD80B586B004908DF847
:101B70000F100498D0F8C80201900498D0F8D4123D
:101B800000EB8100D0F8C00220B9FFE703208DF8F8
:101B900017005FE00498D0F8D41200EB8100D0F871
:101BA000C002029004989DF80F1001F00F0101EBA4
:101BB000810100EB8100806940B3FFE704989DF844
:101BC0000F1001F00F0101EB810200EB820082692E
:101BD000019801EBC10100EB8100C169B2FBF1F09A
:101BE00000FB112090B9FFE704989DF80F1001F059
:101BF0000F0101EB810100EB810000238361049858
:101C00009DF80F101A4601F003FE1FE00299002014
:101C1000C1F814020498D0F8D41200EB8100D0F877
:101C2000C402006988B1FFE70498D0F8D41200EB31
:101C30008100D0F8C40203690299D1F8080201F5C5
:101C400004719DF80F209847FFE7FFE700208DF80B
:101C50001700FFE79DF8170006B080BD00000000E8
:101C600080B584B002908DF807100298D0F8D41295
:101C700000EB8100D0F8C00200900298D0F8D41296
:101C800000EB8100D0F8C00220B9FFE703208DF8F7
:101C90000F0019E002989DF8071001F029FB009948
:101CA000C1F80C020298D0F8D41200EB8100D0F8F1
:101CB000C402C2680099D1F8040201F5037190478B
:101CC00000208DF80F00FFE79DF80F0004B080BDE5
:101CD00080B586B005908DF81310059840F2090183
:101CE000C2F200410091097801F016F900990598B7
:101CF000097801F00F0101EB810100EB8101002067
:101D000003908884059840F20A01C2F200410191D3
:101D1000097801F001F9019A03980599127802F007
:101D20000F0202EB820201EB8201A1F86401059827
:101D300040F20801C2F200410291097801F0ECF88A
:101D4000029A03980599137803F00F0303EB8303BA
:101D500001EB830188840599127802F00F0202EBEF
:101D6000820201EB8201C8840598D0F8D41200EBFE
:101D70008100D0F8C002F0B1FFE70598D0F8D41286
:101D800000EB8100D0F8C402406880470598D0F885
:101D9000D41200EB8100D0F8C00202F0E5F90598FA
:101DA000D0F8D41200EB81010020C1F8C0020599DF
:101DB000C1F8BC02FFE7002006B080BD00000000B3
:101DC00080B584B002900298D0F8D41200EB810064
:101DD000D0F8C0020190019820B9FFE703208DF8E8
:101DE0000F0025E00298D0F8D41200EB8100D0F863
:101DF000C402C8B1FFE7019890F80002FF2813D091
:101E0000FFE70298D0F8D41200EB8100D0F8C402AA
:101E10008368019991F8000291F80122984701998D
:101E2000FF2081F80002FFE700208DF80F00FFE798
:101E30009DF80F0004B080BD81B0009000990A2089
:101E4000088040F25010C2F2004001B0704700001C
:101E500080B586B0059040F20C10C2F200400190AF
:101E6000822100F019FE014601980491012100F041
:101E700013FE014601980391812100F00DFE0290AE
:101E8000049820B1FFE7049910208871FFE70398B8
:101E900020B1FFE7039940208880FFE7029820B136
:101EA000FFE7029940208880FFE7059943200880DA
:101EB00040F20C10C2F2004006B080BD00000000ED
:101EC00080B586B0059040F20C10C2F2004001903F
:101ED000822100F0E1FD014601980491012100F00A
:101EE000DBFD014601980391812100F0D5FD0290B0
:101EF000049820B1FFE7049910208871FFE7039848
:101F000028B1FFE703994FF400708880FFE702983B
:101F100028B1FFE702994FF400708880FFE7059928
:101F20004320088040F20C10C2F2004006B080BD91
:101F300080B586B0059040F20C10C2F200400190CE
:101F4000822100F0A9FD014601980491012100F0D1
:101F5000A3FD014601980391812100F09DFD0290AF
:101F6000049820B1FFE7049910208871FFE70398D7
:101F700020B1FFE7039940208880FFE7029820B155
:101F8000FFE7029940208880FFE7059943200880F9
:101F900040F20C10C2F2004006B080BD000000000C
:101FA00080B590B00E908DF837104FF4077002F0A6
:101FB000DFF80C900C9860B9FFE70E98D0F8D412B7
:101FC00000EB81010020C1F8C00202208DF83F0023
:101FD000F0E00C984FF40771EEF78BFB0C980E991C
:101FE000D1F8D42201EB8201C1F8C0020E99D1F8D8
:101FF000D40201EB8000D0F8C002C1F8BC020E98F8
:10200000007C002840D1FFE70E9840F20901C2F29F
:10201000004107910978022208924FF40073099356
:1020200001F05AFA0799089A099B0E98097801F06D
:102030000F0101EB810100EB810101200B908884ED
:102040000E9840F20A01C2F200410A91097801F0AB
:1020500043FA0A9A0B980E99127802F00F0202EBDB
:10206000820201EB8201A1F864010E9840F208019E
:10207000C2F20041097801F00F0101EB810100EB90
:1020800081011020C8843EE00E9840F20901C2F29E
:10209000004102910978022203924023049301F047
:1020A0001BFA0299039A049B0E98097801F00F011C
:1020B00001EB810100EB81010120069088840E98DC
:1020C00040F20A01C2F200410591097801F004FAD8
:1020D000059A06980E99127802F00F0202EB82021E
:1020E00001EB8201A1F864010E9840F20801C2F2EE
:1020F0000041097801F00F0101EB810100EB810142
:102100001020C884FFE70E9840F20801C2F2004197
:10211000009109780322082301F0DEF900990E9856
:10212000097801F00F0101EB810100EB8101012031
:1021300088840C9900200190C1F804020E98D0F810
:10214000D41200EB8100D0F8C402006880470198E7
:102150000C99C1F814020C99C1F818020C98D0F827
:10216000040220B9FFE702208DF83F0022E00E981C
:10217000007C70B9FFE70E9840F20A01C2F20041FC
:1021800009780C9AD2F804224FF4007301F0CCF9CC
:102190000CE00E9840F20A01C2F2004109780C9A54
:1021A000D2F80422402301F0BFF9FFE700208DF8A8
:1021B0003F00FFE79DF83F0010B080BD0000000029
:1021C00080B584B002900298D0F8D41200EB810060
:1021D000D0F8C00201900298D0F8D41200EB810030
:1021E000D0F8C00220B9FFE703208DF80F0022E0ED
:1021F0000298007C70B9FFE7029840F20A01C2F22F
:1022000000410978019AD2F804224FF4007301F0DA
:102210008BF90CE0029840F20A01C2F20041097801
:10222000019AD2F80422402301F07EF9FFE7002052
:102230008DF80F00FFE79DF80F0004B080BD00008F
:1022400083B001900091009820B9FFE703208DF83A
:102250000B000BE000980199D1F8D42201EB820128
:10226000C1F8C40200208DF80B00FFE79DF80B00B9
:1022700003B070470000000084B002900191029802
:10228000D0F8D41200EB8100D0F8C0020090009882
:1022900020B9FFE703208DF80F0007E001980099AF
:1022A000C1F8040200208DF80F00FFE79DF80F0031
:1022B00004B070470000000085B0039002910192C5
:1022C0000398D0F8D41200EB8100D0F8C00200903F
:1022D000009820B9FFE703208DF813000BE0029867
:1022E0000099C1F8080201980099C1F81002002075
:1022F0008DF81300FFE79DF8130005B0704700004C
:1023000080B58AB0089007910898D0F8D41200EBF5
:102310008100D0F8C002069000208DF81500ADF8BD
:1023200012008DF81100069820B9FFE703208DF800
:102330002700C7E00798007800F06000014603918D
:1023400000285ED0FFE70398202840F0AE80FFE72A
:102350000798C088002846D0FFE707980078000655
:10236000002823D5FFE70898D0F8D41200EB8100AD
:10237000D0F8C4028368079A50780699D2889847A3
:102380000798C088082803D3FFE70720029003E0DE
:102390000798C0880290FFE70298ADF816000898E9
:1023A0000699BDF8162000F083F91BE007984078E5
:1023B000069981F800020798C0883F2804D8FFE7F3
:1023C0000798C088019002E040200190FFE7019843
:1023D000069981F801020898069991F8012200F007
:1023E00037F9FFE70CE00898D0F8D41200EB810031
:1023F000D0F8C40283680799487800229847FFE71D
:102400005BE007984078014600910B2844D800997A
:10241000DFE801F0064142424242424242421C325F
:10242000089890F89C02032807D1FFE708980DF15F
:102430001201022200F03CF907E00898079900F029
:10244000F7F803208DF81100FFE72DE0089890F8C9
:102450009C02032807D1FFE708980DF1150101221E
:1024600000F026F907E00898079900F0E1F803204A
:102470008DF81100FFE717E0089890F89C020328F8
:1024800008D0FFE70898079900F0D2F803208DF8EC
:102490001100FFE708E007E00898079900F0C8F886
:1024A00003208DF81100FFE707E00898079900F076
:1024B000BFF803208DF81100FFE79DF811008DF89B
:1024C0002700FFE79DF827000AB080BD000000004C
:1024D00080B584B002900298D0F8D41200EB81004D
:1024E000D0F8C002019001208DF80300019820B9B6
:1024F000FFE703208DF80F002AE00198D0F81402BE
:1025000008BBFFE701990120C1F814020198D0F837
:102510001002029A40F20901C2F200410B7803F066
:102520000F0303EB830302EB8302906102980978A7
:10253000019BD3F80822D3F8103201F069F900208A
:102540008DF80300FFE79DF803008DF80F00FFE70B
:102550009DF80F0004B080BD80B582B001908DF869
:10256000031000208DF802000198D0F8B8124A68D4
:102570009DF80310904720B1FFE703208DF802007B
:10258000FFE79DF8020002B080BD000000000000DF
:1025900080B582B001900091019890F89C020138BA
:1025A00002280ED8FFE700984088012808D1FFE7ED
:1025B00001990020C1F8A402019800F095F8FFE706
:1025C00004E00198009900F033F8FFE702B080BD05
:1025D00082B001908DF80310002002B07047000017
:1025E00082B001908DF80310002002B07047000007
:1025F00080B584B00390029101920398029A019BE6
:102600000021009100F090FF009804B080BD000010
:1026100080B584B00390029101920398029A019BC5
:102620000021009101F0F4F8009804B080BD000092
:1026300080B582B0019000910198802101F094F85A
:102640000198002101F090F802B080BD0000000068
:1026500080B584B003900291019203990320C1F8E0
:10266000940201980399C1F8580101980399C1F89F
:102670005C010398029A019B0021009100F054FF35
:10268000009804B080BD000080B582B0019001992F
:102690000520C1F8940201980023009319461A46B8
:1026A00000F042FF009802B080BD00000000000072
:1026B00080B584B003900291019203990220C1F881
:1026C000940201980399886101980399C86103985D
:1026D000029A019B0021009101F09AF8009804B041
:1026E00080BD00000000000080B582B0019001991B
:1026F0000420C1F8940201980023009319461A4659
:1027000001F086F8009802B080BD000000000000D3
:1027100080B584B0039002910298C088012805D04A
:10272000FFE703980299FFF783FF21E0039890F8F1
:102730009C12481E0191022804D3FFE70198032848
:102740000AD00FE0039900208860039800F1080187
:102750000122FFF7ADFF0AE00398011D0122FFF7F8
:10276000A7FF04E003980299FFF762FFFFE7FFE786
:1027700004B080BD0000000080B588B007900691CD
:102780000020ADF8160004908DF80F000698C07870
:102790000138014602910E2800F241810299DFE8DA
:1027A00011F02A00340051003E013E010B012301CB
:1027B0003E013E013E013E013E013E013E010F0051
:1027C0000798D0F8B402C06950B1FFE70798D0F875
:1027D000B412CA69007C0DF116019047049009E01B
:1027E00007980699FFF724FF9DF80F0001308DF838
:1027F0000F00FFE71DE10798D0F8B4120A68007CCB
:102800000DF116019047049013E10798007C60B920
:10281000FFE70798D0F8B802816A0DF116008847E3
:1028200004900499022048700BE00798D0F8B80291
:10283000C16A0DF11600884704900499022048707F
:10284000FFE7F6E00698807801460191052800F23E
:10285000A8800199DFE801F0031E39546F8A0798B8
:10286000D0F8B402406850B1FFE70798D0F8B4122E
:102870004A68007C0DF116019047049009E0079822
:102880000699FFF7D5FE9DF80F0001308DF80F0077
:10289000FFE790E00798D0F8B402806850B1FFE7F6
:1028A0000798D0F8B4128A68007C0DF116019047A1
:1028B000049009E007980699FFF7BAFE9DF80F000B
:1028C00001308DF80F00FFE775E00798D0F8B402EB
:1028D000C06850B1FFE70798D0F8B412CA68007C0E
:1028E0000DF116019047049009E007980699FFF74B
:1028F0009FFE9DF80F0001308DF80F00FFE75AE0B2
:102900000798D0F8B402006950B1FFE70798D0F8F3
:10291000B4120A69007C0DF116019047049009E099
:1029200007980699FFF784FE9DF80F0001308DF897
:102930000F00FFE73FE00798D0F8B402406950B1BC
:10294000FFE70798D0F8B4124A69007C0DF1160130
:102950009047049009E007980699FFF769FE9DF8F3
:102960000F0001308DF80F00FFE724E00798D0F842
:10297000B402806950B1FFE70798D0F8B4128A69B1
:10298000007C0DF116019047049009E00798069924
:10299000FFF74EFE9DF80F0001308DF80F00FFE7A6
:1029A00009E007980699FFF743FE9DF80F000130F4
:1029B0008DF80F00FFE73CE00798007C48B9FFE77F
:1029C0000798D0F8B802416B0DF1160088470490C3
:1029D00009E007980699FFF72BFE9DF80F000130DC
:1029E0008DF80F00FFE724E00798007C60B9FFE74F
:1029F0000798D0F8B802016B0DF1160088470490D3
:102A000004990720487009E007980699FFF710FE1F
:102A10009DF80F0001308DF80F00FFE709E00798DF
:102A20000699FFF705FE9DF80F0001308DF80F00A5
:102A3000FFE79DF80F0008B1FFE72AE00698C0887D
:102A400018B3FFE7BDF81600C8B1FFE7BDF81600E0
:102A50000699C988884204DAFFE7BDF8160000909D
:102A600003E00698C0880090FFE70098ADF81600D4
:102A700007980499BDF81620FFF71AFE04E007989E
:102A80000699FFF7D5FDFFE703E00798FFF72CFE57
:102A9000FFE708B080BD000080B586B005908DF8D6
:102AA0001310059803900598029000200190029958
:102AB00048880978884227DDFFE702980078ADF85A
:102AC0000200FFE7BDF802000299498888421ADA3D
:102AD000FFE703980DF1020100F036F80390039828
:102AE000407805280ED1FFE703980190019880787F
:102AF0009DF81310884201D1FFE704E00020019007
:102B0000FFE7FFE7DEE7FFE7019806B080BD0000C2
:102B100083B0029000208DF8070002980090FFE734
:102B20000098007848B1FFE79DF8070001308DF864
:102B30000700009801300090F2E79DF8070003B00D
:102B4000704700000000000083B0029001910298DD
:102B50000090009802780199088810440880029833
:102B60000099097808440090009803B0704700006D
:102B700080B582B001900091019890F89C020138D4
:102B800002281FD8FFE70098C088022805D0FFE779
:102B900001980099FFF74CFD19E001990120C860E8
:102BA0000198D0F8A40230B1FFE70199C86840F05D
:102BB0000200C860FFE7019800F10C010222FFF754
:102BC00077FD04E001980099FFF732FDFFE702B0BE
:102BD00080BD00000000000080B586B00590049123
:102BE000039200208DF80B00059808B9FFE74FE02D
:102BF000059801900198FFF78BFF0146022000EB3A
:102C00004100B0F5007F04D9FFE74FF40070009059
:102C100008E00198FFF77CFF0146022000EB41002D
:102C20000090FFE7009803990880039800780499C2
:102C30009DF80B2088549DF80B0001308DF80B0097
:102C400004999DF80B20032088549DF80B00013057
:102C50008DF80B00FFE701980078C8B1FFE70198F5
:102C6000007804999DF80B20885401980130019058
:102C70009DF80B0001308DF80B0004999DF80B2096
:102C8000002088549DF80B0001308DF80B00E2E71E
:102C900006B080BD0000000082B08DF80700002063
:102CA0008DF806009DF8070001460091032814D80E
:102CB0000099DFE801F002060A0E00208DF80600F8
:102CC0000FE003208DF806000BE001208DF80600D0
:102CD00007E003208DF8060003E003208DF80600CE
:102CE000FFE79DF8060002B07047000000000000FA
:102CF00080B582B08DF8070000919DF8070060B99B
:102D0000FFE7009A4FF23860C0F6010041F210313F
:102D1000C2F20041FFF760FF0BE0009A4FF238600B
:102D2000C0F6010041F21031C2F20041FFF754FF3A
:102D3000FFE741F21030C2F2004002B080BD000057
:102D400082B08DF80700009100991220088040F2AF
:102D50005C10C2F2004002B07047000000000000AA
:102D600080B582B08DF8070000919DF8070060B92A
:102D7000FFE7009A4FF22A60C0F6010041F21031DD
:102D8000C2F20041FFF728FF0BE0009A4FF22A60E1
:102D9000C0F6010041F21031C2F20041FFF71CFF02
:102DA000FFE741F21030C2F2004002B080BD0000E7
:102DB00082B08DF80700009100990420088040F24D
:102DC0008410C2F2004002B0704700000000000012
:102DD00080B584B08DF80F000291029A4FF24360E3
:102DE000C0F6010041F21031C2F200410191FFF73B
:102DF000F3FE019804B080BD80B582B08DF8070065
:102E000000919DF8070060B9FFE7009A4FF2566005
:102E1000C0F6010041F21031C2F20041FFF7DCFEC2
:102E20000BE0009A4FF25660C0F6010041F21031FB
:102E3000C2F20041FFF7D0FEFFE741F21030C2F2CC
:102E4000004002B080BD000080B582B08DF8070060
:102E5000009100991A200880EEF712FF40F28810C6
:102E6000C2F2004002B080BD80B584B002900191F2
:102E70008DF80320029820B9FFE703208DF80F009A
:102E800023E002990020C1F8B8020299C1F8C402F7
:102E90000299C1F8D002019828B1FFE70198029980
:102EA000C1F8B402FFE70299012081F89C029DF865
:102EB000030002990870029800F02AFA8DF80200C7
:102EC0009DF802008DF80F00FFE79DF80F0004B099
:102ED00080BD00000000000080B582B001908DF838
:102EE000031000208DF802008DF801000198D0F841
:102EF000C8029DF80310F3F77FFF8DF802009DF8DC
:102F00000200FFF7C9FE8DF801009DF8010002B034
:102F100080BD00000000000080B582B001908DF8F7
:102F2000031000208DF802008DF801000198D0F800
:102F3000C8029DF80310F3F70BFF8DF802009DF80F
:102F40000200FFF7A9FE8DF801009DF8010002B014
:102F500080BD00000000000080B588B006908DF8AC
:102F6000171004929DF81700002874D1FFE7069807
:102F7000143003900698D0F8940202285DD1FFE740
:102F800003998868C968884212D9FFE7039988685D
:102F9000CA68801A886006980499039A9268FFF7B5
:102FA00037FB0698002319461A4600F0BDFA43E0A5
:102FB00003988168C06888421ED1FFE7039948687A
:102FC000C968884218D3FFE7039840680699D1F88A
:102FD0009812884210D2FFE706980022019211460B
:102FE000FFF716FB019B0698C0F898320698194621
:102FF0001A4600F099FA1EE0069890F89C02032801
:1030000011D1FFE70698D0F8B802C06850B1FFE7C9
:1030100006990020C1F8D4020698D0F8B812C96801
:103020008847FFE7FFE70698802100F09DFB0698A0
:10303000FFF72AFBFFE7FFE7FFE7069890F8A002FB
:1030400040B1FFE7069800F077FC0699002081F870
:10305000A002FFE740E006989DF8171041F08001BC
:10306000FFF7B6FA8DF80A009DF80A00FF2832D063
:10307000FFE79DF80A0070BBFFE7069890F89C02F6
:10308000032827D1FFE706989DF80A1000EB81007E
:10309000D0F8B8024069E0B1FFE79DF80A00069950
:1030A000C1F8D40206989DF80A1000EB8101D1F80E
:1030B000B8124A699DF8171090478DF80B009DF8DB
:1030C0000B0028B1FFE79DF80B008DF81F0007E00B
:1030D000FFE7FFE7FFE7FFE700208DF81F00FFE7AE
:1030E0009DF81F0008B080BD80B58AB008908DF8AB
:1030F0001F10069200208DF813009DF81F00002875
:1031000040F08280FFE7089800F5AA7005900898C3
:10311000D0F89402032876D1FFE705998868C9683A
:1031200088421DD9FFE705998868CA68801A8860B7
:10313000089802900698039005998868C9688842A3
:1031400004D2FFE705988068019003E00598C06805
:103150000190FFE703990298019AFFF749FA51E0BD
:10316000089890F8AA0200F01F000146009140B1B3
:10317000FFE70098012808D0FFE7009802280CD04C
:1031800013E000208DF8120013E0089890F8AE12BA
:10319000FFF726FA8DF812000BE0089890F8AE12AF
:1031A000FFF716FA8DF8120003E000208DF81200E8
:1031B000FFE79DF8120008BBFFE7089890F89C0213
:1031C00003281AD1FFE708989DF8121000EB810040
:1031D000D0F8B802006978B1FFE79DF812000899AD
:1031E000C1F8D40208989DF8121000EB8101D1F8C3
:1031F000B81209698847FFE7FFE7FFE70898FFF77C
:1032000073FAFFE7FFE740E008989DF81F1001F010
:103210007F01FFF7DDF98DF812009DF81200FF28FD
:1032200032D0FFE79DF8120070BBFFE7089890F8D6
:103230009C0203281ED1FFE708989DF8121000EBAE
:103240008100D0F8B802806998B1FFE79DF81200BC
:103250000899C1F8D40208989DF8121000EB81017A
:10326000D1F8B8128A699DF81F1090478DF81300A5
:10327000FFE7FFE79DF8130028B1FFE79DF8130073
:103280008DF8270005E0FFE7FFE700208DF8270015
:10329000FFE79DF827000AB080BD00000000000095
:1032A00081B00090002001B07047000000000000D5
:1032B00080B582B0019000208DF8030001990120B3
:1032C00081F89C020198D0F8B80268B1FFE7019834
:1032D000D0F8B8124A680179904720B1FFE703207F
:1032E0008DF80300FFE7FFE79DF8030002B080BD03
:1032F00080B582B001908DF803100198D0F8C80213
:103300009DF80310F3F7DCFD02B080BD0000000063
:1033100080B584B0039003980078012838D1FFE786
:10332000039944F64060C2F200400290C0F8E014F5
:103330000399C1F8C8020021C4F204010160092107
:1033400001710222C2710021817142728172C172C7
:1033500001738173C1730174F4F786FB18B1FFE741
:10336000EEF7AEFAFFE744F64060C2F2004001908B
:1033700080210091F3F720FC009A01980021F3F7D7
:1033800027FC019801214FF4BA72F3F721FCFFE703
:10339000002004B080BD000084B002908DF80710BA
:1033A0000298D0F8C80200909DF807000006002897
:1033B0000DD5FFE700989DF8071001F07F0101EBA4
:1033C000C10100EB8100807D8DF80F000DE00098B9
:1033D0009DF8071001F07F0101EBC10100EB8100B6
:1033E00090F856028DF80F00FFE79DF80F0004B02B
:1033F000704700000000000080B584B002908DF896
:1034000007100298D0F8D41200EB8100D0F8B8026F
:1034100020B9FFE703208DF80F0020E0029890F814
:103420009C02032817D1FFE70298D0F8D41200EBD2
:103430008100D0F8B802006A60B1FFE70298D0F8C6
:10344000D41200EB8101D1F8B8120A6A9DF8071076
:103450009047FFE7FFE700208DF80F00FFE79DF89A
:103460000F0004B080BD000080B584B002908DF8DC
:1034700007100298D0F8D41200EB8100D0F8B802FF
:1034800020B9FFE703208DF80F0020E0029890F8A4
:103490009C02032817D1FFE70298D0F8D41200EB62
:1034A0008100D0F8B802406A60B1FFE70298D0F816
:1034B000D41200EB8101D1F8B8124A6A9DF80710C6
:1034C0009047FFE7FFE700208DF80F00FFE79DF82A
:1034D0000F0004B080BD000080B584B003908DF86B
:1034E0000B108DF80A20ADF8083000208DF8070089
:1034F0008DF806000398D0F8C8029DF80B10BDF8AF
:1035000008209DF80A30F3F7EFFC8DF807009DF8CE
:103510000700FFF7C1FB8DF806009DF8060004B018
:1035200080BD00000000000080B586B005908DF8D9
:1035300013100392029300208DF807008DF8060007
:103540000598D0F8C8029DF81310039A029BF3F770
:1035500043FD8DF807009DF80700FFF79DFB8DF8F0
:1035600006009DF8060006B080BD000000000000C7
:1035700080B586B0059000208DF81300059A0121D2
:1035800082F89C120599C1F8940205994860059942
:10359000C1F8A402059981F8A0020598D0F8B802F4
:1035A000A0B1FFE70598D0F8B802406868B1FFE71E
:1035B0000598D0F8B8124A680179904720B1FFE722
:1035C00003208DF81300FFE7FFE7FFE705980022CF
:1035D0000192402303931146FFF77EFF019A039B5C
:1035E000059901200290A1F864010598C0F86031A6
:1035F00005988021FFF770FF02990398059A91843E
:10360000059908629DF8130006B080BD0000000017
:1036100081B00090009890F89C02042807D1FFE741
:10362000009890F89D02009981F89C02FFE7002025
:1036300001B070470000000080B582B00190019891
:1036400090F89C02032813D1FFE70198D0F8B80244
:1036500068B1FFE70198D0F8B802C06930B1FFE760
:103660000198D0F8B812C9698847FFE7FFE7FFE77C
:10367000002002B080BD000082B001908DF80310E0
:103680009DF8030001990874002002B07047000003
:1036900080B582B001908DF8031000208DF80200F3
:1036A0008DF801000198D0F8C8029DF80310F4F7D6
:1036B0007BFB8DF802009DF80200FFF7EDFA8DF814
:1036C00001009DF8010002B080BD00000000000074
:1036D00080B584B003900291039800F2AA20029969
:1036E00000F0BAF803990120C1F894020399B1F8E7
:1036F000B002C1F89802039890F8AA0200F01F00E7
:103700000146009140B1FFE7009801280CD0FFE787
:103710000098022810D017E0039800F2AA2100F0C8
:1037200067FA8DF8070019E0039800F2AA2100F06B
:103730009FFC8DF8070011E0039800F2AA2100F029
:10374000BFFA8DF8070009E0039890F8AA1201F07B
:10375000800100F009F88DF80700FFE79DF80700E9
:1037600004B080BD0000000080B582B001908DF8EB
:10377000031000208DF802008DF801000198D0F8A8
:10378000C8029DF80310F3F75FFC8DF802009DF866
:103790000200FFF781FA8DF801009DF8010002B0E8
:1037A00080BD00000000000080B582B001900020C4
:1037B0008DF803008DF802000198D0F8C802F4F7E4
:1037C0002FFB8DF803009DF80300FFF765FA8DF8D5
:1037D00002009DF8020002B080BD00000000000061
:1037E00081B00090009890F89C02042807D0FFE771
:1037F000009890F89C02009981F89D02FFE70099DB
:10380000042081F89C02002001B0704700000000F5
:1038100080B586B005908DF81310039202930020B6
:103820008DF807008DF806000598D0F8C8029DF8BD
:103830001310039A029BF3F777FC8DF807009DF8AD
:103840000700FFF729FA8DF806009DF8060006B07C
:1038500080BD00000000000080B584B0039002919C
:10386000029801900198007803990870019801303E
:1038700001900198007803994870019801300190F7
:103880000198FBF769FE0399488001980130019087
:103890000198013001900198FBF75EFE0399888042
:1038A0000198013001900198013001900198FBF7D7
:1038B00053FE0399C88004B080BD000000000000E2
:1038C00080B584B0029001910020ADF8020001980B
:1038D00020B9FFE703208DF80F0026E00198029938
:1038E000C1F8B8020298D0F8D41200EB8100D0F8E9
:1038F000B802C06A78B1FFE70298D0F8D41200EBA2
:103900008100D0F8B802C16A0DF10200884702991F
:10391000C1F8D002FFE70299D1F8D8020130C1F80E
:10392000D80200208DF80F00FFE79DF80F0004B0CB
:1039300080BD00000000000081B00090002001B0B8
:10394000704700000000000080B584B00390029131
:1039500002988088B8BBFFE70298C08898BBFFE751
:10396000029840887F282ED8FFE70298807800F0E0
:103970007F008DF80700039890F89C02032805D17A
:10398000FFE703980299FEF753FE1BE09DF807003E
:10399000039981F89E0203989DF80710FFF778FEBF
:1039A0000398FEF7A1FE9DF8070028B1FFE70399F1
:1039B000022081F89C0204E00399012081F89C0216
:1039C000FFE7FFE704E003980299FEF731FEFFE707
:1039D00004B080BD0000000080B582B001908DF879
:1039E000031000208DF802000198D0F8B80250B101
:1039F000FFE70198D0F8B8120A689DF803109047C5
:103A00008DF80200FFE79DF8020002B080BD0000C3
:103A100080B586B00490039100208DF80B000398C8
:103A2000817841F20C30C2F2004001700078022827
:103A300008D3FFE704980399FEF7FAFD03208DF8F9
:103A40001700A0E0049890F89C020146019102281A
:103A500004D0FFE7019803282FD07FE041F20C301B
:103A6000C2F20040007818B3FFE741F20C31C2F215
:103A700000410878049A506004980978FFF7ACFF79
:103A80008DF80B009DF80B0048B1FFE704980399EF
:103A9000FEF7CEFD0499022081F89C0207E004980D
:103AA000FEF722FE0499032081F89C02FFE703E061
:103AB0000498FEF719FEFFE760E041F20C30C2F215
:103AC0000040007898B9FFE70499022081F89C0231
:103AD00041F20C31C2F200410878049A5060049817
:103AE0000978FEF739FD0498FEF7FEFD35E041F256
:103AF0000C30C2F20040007804994968884227D00F
:103B0000FFE704980179FEF727FD41F20C31C2F27C
:103B100000410878049A506004980978FFF75CFF28
:103B20008DF80B009DF80B0068B1FFE7049803992E
:103B3000FEF77EFD04980179FEF70EFD0499022040
:103B400081F89C0203E00498FEF7CEFDFFE703E056
:103B50000498FEF7C9FDFFE7FFE70FE0049803991B
:103B6000FEF766FD049841F20C31C2F2004109787B
:103B7000FEF7F2FC03208DF80B00FFE79DF80B0029
:103B80008DF81700FFE79DF8170006B080BD000014
:103B900080B582B00190009100984088012808D13A
:103BA000FFE701990120C1F8A4020198FEF79CFDEE
:103BB00013E000984088022809D1FFE70098407977
:103BC000019981F8A0020198FEF78EFD04E00198AA
:103BD0000099FEF72DFDFFE7FFE702B080BD000072
:103BE00080B582B001900198FFF7DEFD02B080BD84
:103BF00080B586B00590049100208DF80F000498E0
:103C0000007800F0600001460291A8B1FFE7029839
:103C1000202804D0FFE70298402846D1FFE7059806
:103C2000D0F8D41200EB8101D1F8B8128A68049957
:103C300090478DF80F003DE00498407801460191CF
:103C400009282CD80199DFE801F01B252A202A0A2F
:103C5000052A160F05980499FEF78EFD24E00598B5
:103C60000499FFF771FE1FE005980499FFF7D0FE55
:103C70008DF80F0018E005980499FEF749FD13E050
:103C800005980499FEF774FF0EE005980499FFF774
:103C90007FFF09E005980499FEF77AFC04E0059897
:103CA0000499FEF7C5FCFFE704E005980499FEF7C8
:103CB000BFFCFFE79DF80F0006B080BD00000000CC
:103CC00080B58CB00B900A9100208DF821000A98E5
:103CD00080888DF823000A98007800F06000014683
:103CE0000791B8B3FFE70798202805D0FFE70798AA
:103CF000402840F0B281FFE70B989DF82310FEF7B3
:103D000067FC8DF822009DF82200FF2821D0FFE7F4
:103D10009DF82200E8B9FFE79DF822000B99C1F851
:103D2000D4020B989DF8221000EB8100D0F8B80265
:103D3000806868B1FFE70B989DF8221000EB8101C5
:103D4000D1F8B8128A680A9990478DF82100FFE7E8
:103D5000FFE787E10A98407801460691002800F0C5
:103D6000BD80FFE7069801284CD0FFE7069803289E
:103D700040F06D81FFE70B9890F89C020146059199
:103D8000022804D0FFE70598032819D034E09DF8F5
:103D9000230078B1FFE79DF8230080280AD0FFE7D1
:103DA0000B989DF82310FFF7DFFC0B988021FFF79D
:103DB000DBFC04E00B980A99FEF73AFCFFE720E0F1
:103DC0000A984088A0B9FFE79DF8230078B1FFE783
:103DD0009DF8230080280AD0FFE70A98C08830B9F0
:103DE000FFE70B989DF82310FFF7BEFCFFE7FFE706
:103DF0000B98FEF779FC04E00B980A99FEF718FC83
:103E0000FFE729E10B9890F89C02014604910228F3
:103E100004D0FFE70498032819D059E09DF8230047
:103E200078B1FFE79DF8230080280AD0FFE70B98C0
:103E30009DF82310FFF798FC0B988021FFF794FC66
:103E400004E00B980A99FEF7F3FBFFE745E00A98B8
:103E50004088E0BBFFE79DF82300400630B1FFE754
:103E60000B989DF82310FFF737F8FFE70B98FEF744
:103E70003BFC0B989DF82310FEF7AAFB8DF822005F
:103E80009DF82200FF2821D0FFE79DF82200E8B925
:103E9000FFE79DF822000B99C1F8D4020B989DF81A
:103EA000221000EB8100D0F8B802806868B1FFE70B
:103EB0000B989DF8221000EB8101D1F8B8128A68A6
:103EC0000A9990478DF82100FFE7FFE7FFE704E03C
:103ED0000B980A99FEF7ACFBFFE7BDE00B9890F852
:103EE0009C0201460391022804D0FFE703980328AF
:103EF00038D0A6E09DF8230050B1FFE79DF82300DD
:103F0000802805D0FFE70B980A99FEF791FB9DE00A
:103F10009DF82300000600280CD5FFE70B989DF8BC
:103F2000231001F07F0101EB810100EB81001430CF
:103F300002900CE00B989DF8231001F07F0101EB3B
:103F4000810100EB810000F5AA700290FFE7029862
:103F500009900999002008600B9809990222FEF740
:103F6000A7FB73E09DF823000006002812D5FFE7A9
:103F70000B989DF8231001F00F0101EB810100EB7C
:103F80008100808C28B9FFE70B980A99FEF750FB57
:103F90005CE012E00B989DF8231001F00F0101EB9B
:103FA000810100EB8100B0F8640128B9FFE70B98AC
:103FB0000A99FEF73DFB49E0FFE79DF82300000664
:103FC00000280CD5FFE70B989DF8231001F07F0126
:103FD00001EB810100EB8100143001900CE00B98A3
:103FE0009DF8231001F07F0101EB810100EB8100BE
:103FF00000F5AA700190FFE7019809909DF8230051
:1040000028B1FFE79DF82300802804D1FFE7099934
:10401000002008600FE00B989DF82310FFF7BCF913
:1040200020B1FFE709990120086003E00999002009
:104030000860FFE7FFE70B9809990222FEF738FBBB
:1040400004E00B980A99FEF7F3FAFFE704E00B98F7
:104050000A99FEF7EDFAFFE704E00B980A99FEF7DC
:10406000E7FAFFE79DF821000CB080BD00000000DA
:1040700080B584B00390029100208DF8070002986B
:10408000007800F060000146009140B1FFE7009821
:10409000202804D0FFE7009840285AD1FFE7039872
:1040A00090F89C02013802284DD8FFE70298007969
:1040B000012842D8FFE7039802990979FEF790FAA0
:1040C0008DF806009DF80600FF2825D0FFE79DF833
:1040D000060008BBFFE703989DF8061000EB81007F
:1040E000D0F8B802806890B1FFE79DF80600039908
:1040F000C1F8D40203989DF8061000EB8101D1F8B5
:10410000B8128A68029990478DF8070003E00320EF
:104110008DF80700FFE703E003208DF80700FFE7B5
:104120000298C08840B9FFE79DF8070020B9FFE773
:104130000398FEF7D9FAFFE704E003980299FEF727
:1041400077FAFFE704E003980299FEF771FAFFE7B8
:1041500004E003980299FEF76BFAFFE79DF8070069
:1041600004B080BD0000000081B0009001B0704735
:1041700081B0009041F21050C2F2004001B070478F
:1041800084B0039002910398019002980078009007
:1041900002984078012830D1FFE70298007800F0BB
:1041A0000F01012000FA01F20199D1F81C08104317
:1041B000C1F81C080198009900EB4110D0F80009E3
:1041C0000004002818D4FFE7029988686FF3DF2005
:1041D000097940EA8140009A40EA8250019901EB56
:1041E0004211D1F80029104348F20002C1F2000246
:1041F0001043C1F80009FFE72EE00298007800F0B4
:104200000F01012000FA01F20199D1F81C0840EADF
:104210000240C1F81C080198009900EB4110D0F849
:10422000000B0004002816D4FFE7029988686FF39A
:10423000DF20097940EA81400199009A01EB42119F
:10424000D1F8002B104348F20002C1F200021043E3
:10425000C1F8000BFFE7FFE7002004B07047000043
:1042600082B00190019800900099D1F8000940F2C5
:10427000FF729043C1F800090099D1F8040840F496
:104280008070C1F80408002002B0704700000000F0
:1042900080B58AB0DDF830C0CDF814C00493039225
:1042A00002919DF814108DF824100299039A049B32
:1042B00008930792069101909DF81D00012823D1D3
:1042C000FFE70199886B20F4803088630199C86802
:1042D0004FF6BF72CFF6BD721040C8600199C86832
:1042E00020F44010C8609DF82400012806D1FFE7A3
:1042F0000199C86840F48010C860FFE7019800F099
:104300003FF88DF803001AE00199C86840F04000BA
:10431000C860019800F034F88DF803009DF8210082
:1043200030B9FFE70199886B40F48030886305E07D
:104330000199886B20F480308863FFE7FFE79DF8E0
:104340001A00012816D1FFE70199C86D80B2C8652F
:104350000199C86D0022C0F2EE321043C865019980
:10436000886840F0060088600199886840F0200065
:104370008860FFE79DF803000AB080BD00000000E0
:1043800083B0019000200090FFE70098013000907A
:104390000098B0F1706F04D9FFE703208DF80B008F
:1043A00026E0FFE701980069C00F0028EDD0FFE785
:1043B000002000900199086940F001000861FFE7C2
:1043C0000098013000900098B0F1706F04D9FFE7B9
:1043D00003208DF80B000BE0FFE70198006900F067
:1043E00001000128ECD0FFE700208DF80B00FFE76B
:1043F0009DF80B0003B0704784B0039002910398BE
:10440000019002980078009002984078012845D1E8
:10441000FFE70198009900EB4110D0F80009C00FA8
:10442000A8B1FFE70198009900EB4111D1F800090C
:1044300040F00060C1F800090198009900EB4111BB
:10444000D1F8000940F08040C1F80009FFE7029868
:10445000007800F00F01012000FA01F3019AD2F870
:104460003C189943C2F83C180299097801F00F01F1
:1044700000FA01F20199D1F81C089043C1F81C0818
:104480000198009900EB4111D1F8000947F60002AC
:10449000CEF633421040C1F8000946E00198009979
:1044A00000EB4110D0F8000BC00FA8B1FFE7019856
:1044B000009900EB4111D1F8000B40F00060C1F809
:1044C000000B0198009900EB4111D1F8000B40F06E
:1044D0008040C1F8000BFFE70298007800F00F0160
:1044E000012000FA01F3019AD2F83C1821EA0341B5
:1044F000C2F83C180299097801F00F0100FA01F2A4
:104500000199D1F81C0820EA0240C1F81C08019862
:10451000009900EB4111D1F8000B47F60002CEF6EE
:10452000F3721040C1F8000BFFE7002004B07047A1
:1045300082B00190019800900099D1F8000E20F00F
:104540000300C1F8000E0099D1F8040820F0020021
:10455000C1F80408002002B070470000000000000D
:1045600082B00190019800900099D1F8000E20F0DF
:104570000300C1F8000E0099D1F8040840F00200D1
:10458000C1F80408002002B07047000000000000DD
:1045900080B58CB0DDF838C0CDF81CC0069305920C
:1045A00004919DF81C108DF82C100499059A069B17
:1045B0000A9309920891039000208DF80B0003994B
:1045C00001910090FFE700980E280CD8FFE70398B0
:1045D000009900EB81010020C1F80401FFE7009879
:1045E00001300090EFE79DF82A00B8B9FFE7019984
:1045F000D1F8040840F00200C1F804080399886B60
:1046000020F4001088630399086840F040000860B7
:104610000399086840F08000086005E00399886B02
:1046200040F400108863FFE701990020C1F8000EF4
:104630009DF8250001280FD1FFE79DF8230028B938
:10464000FFE70398002100F08FFE04E003980121AA
:1046500000F08AFEFFE704E00398032100F084FEE7
:10466000FFE70398102100F0AFFC20B1FFE7012025
:104670008DF80B00FFE7039800F06AFC20B1FFE71C
:1046800001208DF80B00FFE701990020C1F8100808
:104690000199C1F814080199C1F81C080090FFE7BE
:1046A00000989DF8201088423BD2FFE701980099BE
:1046B00000EB4110D0F80009C00FB0B1FFE700983F
:1046C00048B9FFE70198009900EB41114FF00060F5
:1046D000C1F8000908E00198009900EB41114FF082
:1046E0009040C1F80009FFE707E00198009900EB4E
:1046F00041110020C1F80009FFE70198009900EB83
:1047000041110020C1F810090198009900EB4111F6
:104710004FF67F30C1F80809FFE70098013000909C
:10472000BEE700200090FFE700989DF82010884227
:104730003BD2FFE70198009900EB4110D0F8000B45
:10474000C00FB0B1FFE7009848B9FFE701980099A2
:1047500000EB41114FF00060C1F8000B08E0019838
:10476000009900EB41114FF09040C1F8000BFFE7BA
:1047700007E00198009900EB41110020C1F8000BFF
:10478000FFE70198009900EB41110020C1F8100BE0
:104790000198009900EB41114FF67F30C1F8080BEA
:1047A000FFE7009801300090BEE70199D1F81008AA
:1047B00020F48070C1F810080399002088610399E3
:1047C0006FF0804048619DF8220030B9FFE70399FF
:1047D000886940F010008861FFE70399886943F613
:1047E0000002C8F23C02104388619DF8260030B1F7
:1047F000FFE70399886940F008008861FFE79DF8AA
:104800002A00012808D1FFE7039988690422C4F22D
:10481000000210438861FFE79DF80B000CB080BDDB
:1048200081B000900099886820F001008860002025
:1048300001B070470000000086B004908DF80F10A2
:104840000292049801900498006C0090009843F242
:104850000B01C4F6547188420BD3FFE70198D0F8DE
:10486000000BC00F20B1FFE700208DF817002EE0ED
:10487000FFE701990020C1F8100B0199D1F8100B46
:1048800040F40020C1F8100B0199D1F8100B40F052
:104890001800C1F8100B0199D1F8100B40F0C0407E
:1048A000C1F8100B9DF80F0001280CD1FFE702980A
:1048B0000199C1F8140B0199D1F8000B40F0802048
:1048C000C1F8000BFFE700208DF81700FFE79DF807
:1048D000170006B07047000084B00390029103985F
:1048E000019002980078009002984078012820D129
:1048F000FFE70198009900EB4111D1F8000920F47D
:104900000010C1F8000902980079032805D0FFE7DC
:104910000298007902280BD1FFE70198009900EB7B
:104920004111D1F8000940F08050C1F80009FFE7BB
:104930001FE00198009900EB4111D1F8000B20F421
:104940000010C1F8000B02980079032805D0FFE79A
:104950000298007902280BD1FFE70198009900EB3B
:104960004111D1F8000B40F08050C1F8000BFFE777
:10497000FFE7002004B0704784B0039002910398D1
:10498000019002980078009002984078012822D186
:10499000FFE70198009900EB4110D0F80009C00F23
:1049A00070B9FFE7009858B1FFE70198009900EB54
:1049B0004111D1F8000920F08040C1F80009FFE75B
:1049C0000198009900EB4111D1F8000940F4001062
:1049D000C1F8000921E00198009900EB4110D0F8DE
:1049E000000BC00F70B9FFE7009858B1FFE70198BE
:1049F000009900EB4111D1F8000B20F08040C1F884
:104A0000000BFFE70198009900EB4111D1F8000B72
:104A100040F40010C1F8000BFFE7002004B070471D
:104A200080B588B0079006918DF8172007980490FC
:104A300006980078039006984078012840F0248179
:104A4000FFE706980069F8B9FFE70498039900EBBF
:104A50004111D1F810096FF3DC40C1F81009049836
:104A6000039900EB4111D1F8100940F40020C1F87E
:104A700010090498039900EB4111D1F810096FF364
:104A80001200C1F8100971E00498039900EB41117C
:104A9000D1F810096FF31200C1F8100904980399B6
:104AA00000EB4111D1F810096FF3DC40C1F8100997
:104AB0000398A8B9FFE7069881680069884204D97D
:104AC000FFE7069988680861FFE70498039900EBFF
:104AD0004111D1F8100940F40020C1F8100937E065
:104AE00006988168006908440138B0FBF1F0ADF820
:104AF0000A00BDF80A100020C1F6F87000EAC142B1
:104B00000498039900EB4111D1F810091043C1F842
:104B1000100906980079012819D1FFE70498039934
:104B200000EB4111D1F8100920F0C040C1F8100984
:104B3000BDF80A0000F003020498039900EB41114C
:104B4000D1F8100940EA4270C1F81009FFE7FFE709
:104B5000069802696FF3DF420498039900EB411154
:104B6000D1F810091043C1F81009FFE79DF81700AC
:104B700001283BD1FFE70698C06948B1FFE70698D6
:104B8000C0690499039A01EB4211C1F81409FFE7C7
:104B90000698007901281ED1FFE70498D0F808088C
:104BA000C00500280BD4FFE70498039900EB4111DE
:104BB000D1F8000940F00050C1F800090AE004985B
:104BC000039900EB4111D1F8000940F08050C1F881
:104BD0000009FFE7FFE70498039900EB4111D1F8C2
:104BE000000940F00440C1F800094CE00498039922
:104BF00000EB4111D1F8000940F00440C1F8000970
:104C000006980079012813D0FFE70698006970B173
:104C1000FFE70698007800F00F01012000FA01F28A
:104C20000499D1F834081043C1F83408FFE729E0AB
:104C30000498D0F80808C00500280BD4FFE70498B2
:104C4000039900EB4111D1F8000940F00050C1F880
:104C500000090AE00498039900EB4111D1F800091A
:104C600040F08050C1F80009FFE70798069BD9681B
:104C70001A781B8A9DF817C0EE46CEF800C000F0E7
:104C800067FCFFE7FFE7C4E00498039900EB4111DC
:104C9000D1F8100B6FF31200C1F8100B04980399B0
:104CA00000EB4111D1F8100B6FF3DC40C1F8100B91
:104CB000039818BBFFE70698006920B1FFE7069943
:104CC00088680861FFE70699886808620698026AA2
:104CD0006FF3DF420498039900EB4111D1F8100BF8
:104CE0001043C1F8100B0498039900EB4111D1F85F
:104CF000100B40F40020C1F8100B49E00698006941
:104D0000C0B9FFE7069882686FF3DF420498039901
:104D100000EB4111D1F8100B1043C1F8100B0498AF
:104D2000039900EB4111D1F8100B40F40020C1F8B9
:104D3000100B2CE006988168006908440138B0FB2C
:104D4000F1F0ADF80A0006998868BDF80A205043D2
:104D50000862BDF80A100020C1F6F87000EAC142EE
:104D60000498039900EB4111D1F8100B1043C1F8DE
:104D7000100B0698026A6FF3DF420498039900EB68
:104D80004111D1F8100B1043C1F8100BFFE7FFE7FA
:104D90009DF8170001280ED1FFE70698C06848B1BA
:104DA000FFE70698C0680499039A01EB4211C1F825
:104DB000140BFFE7FFE70698007901281ED1FFE7F3
:104DC0000498D0F80808C00500280BD4FFE7049821
:104DD000039900EB4111D1F8000B40F00050C1F8ED
:104DE000000B0AE00498039900EB4111D1F8000B85
:104DF00040F08050C1F8000BFFE7FFE704980399EB
:104E000000EB4111D1F8000B40F00440C1F8000B59
:104E1000FFE7002008B080BD85B00490039100201A
:104E200002908DF8070004980090039840780128BC
:104E30003ED1FFE700980399097800EB4110D0F8C4
:104E40000009C00F98B3FFE700980399097800EBB9
:104E50004111D1F8000940F00060C1F80009009844
:104E60000399097800EB4111D1F8000940F0804026
:104E7000C1F80009FFE7029801300290029842F25F
:104E80001171884204D3FFE701208DF807000DE07F
:104E9000FFE700980399097800EB4110D0F800096A
:104EA00000F00040B0F1004FE5D0FFE7FFE73DE044
:104EB00000980399097800EB4110D0F8000BC00F5F
:104EC00098B3FFE700980399097800EB4111D1F8F6
:104ED000000B40F00060C1F8000B009803990978BE
:104EE00000EB4111D1F8000B40F08040C1F8000BFD
:104EF000FFE7029801300290029842F21171884255
:104F000004D3FFE701208DF807000DE0FFE70098CC
:104F10000399097800EB4110D0F8000B00F0004035
:104F2000B0F1004FE5D0FFE7FFE7FFE79DF807008E
:104F300005B070470000000081B0009000998868BB
:104F400040F001008860002001B0704700000000C0
:104F500083B0019000200090FFE70098013000909E
:104F60000098B0F1706F04D9FFE703208DF80B00B3
:104F700024E0FFE701980069C00F0028EDD0FFE7AB
:104F800000200090019910200861FFE7009801308F
:104F900000900098B0F1706F04D9FFE703208DF8FE
:104FA0000B000BE0FFE70198006900F010001028EB
:104FB000ECD0FFE700208DF80B00FFE79DF80B0019
:104FC00003B070470000000084B0029001910020FF
:104FD0000090FFE70098013000900098B0F1706FEA
:104FE00004D9FFE703208DF80F0026E0FFE70298C1
:104FF0000069C00F0028EDD0FFE700200090019865
:105000008001203002990861FFE70098013000908C
:105010000098B0F1706F04D9FFE703208DF80F00FE
:105020000BE0FFE70298006900F020002028ECD098
:10503000FFE700208DF80F00FFE79DF80F0004B098
:10504000704700000000000084B0039003980290B5
:105050000298D0F8080800F006000090009820B9E7
:10506000FFE700208DF8070010E00098022804D028
:10507000FFE70098062804D1FFE702208DF807001B
:1050800003E00F208DF80700FFE7FFE79DF807001A
:1050900004B070470000000081B0009000984069A3
:1050A00000F0010001B0704783B0029002980190B7
:1050B0000198D0F8180800900198D0F81C180098B2
:1050C00008400090BDF8000003B0704700000000E9
:1050D00083B00290029801900198D0F818080090CF
:1050E0000198D0F81C18009808400090BDF8020004
:1050F00003B070470000000086B005908DF81310D3
:10510000059803900398D0F8100801900398D0F800
:105110003408009000989DF8131001F00F01C8406A
:1051200000F00101019840EAC110019003989DF838
:10513000131000EB4110D0F80809019908400290C3
:10514000029806B07047000084B003908DF80B10F1
:105150000398019001989DF80B1000EB4110D0F8D6
:10516000080B00900198D0F814180098084000909F
:10517000009804B07047000082B001900198406927
:10518000009001988169009808400090009802B052
:10519000704700000000000089B008900791ADF84A
:1051A0001A200898059007980490BDF81A00800806
:1051B0000190BDF81A0000F00300ADF802000020D5
:1051C0000290FFE702980199884217D2FFE70598FD
:1051D0004FF48051405804990860049801300490BD
:1051E0000498013004900498013004900498013030
:1051F0000490FFE7029801300290E3E7BDF8020057
:1052000008B3FFE70020029005984FF48051405802
:105210000390FFE703989DF80810C900C84004995F
:105220000870029801300290049801300490BDF893
:1052300002000138ADF80200FFE7BDF802000028C7
:10524000E8D1FFE7FFE7049809B0704700000000CD
:1052500080B586B004908DF80F100020029004995C
:10526000C86820F0C040C8609DF80F00012823D115
:10527000FFE70499C86840F00050C860FFE70A20C3
:10528000EFF75EFE02980A300290FFE70498FFF7FE
:1052900003FF014600200129019007D0FFE7029992
:1052A0000020C82938BF01200190FFE70198C007FE
:1052B0000028E4D1FFE72AE09DF80F0010BBFFE7CC
:1052C0000499C86840F08040C860FFE70A20EFF703
:1052D00037FE02980A300290FFE70498FFF7DCFEE1
:1052E00001460020009039B1FFE702990020C8294B
:1052F00038BF01200090FFE70098C0070028E5D1E3
:10530000FFE703E001208DF817000CE0FFE70298AB
:10531000C82804D1FFE701208DF8170003E0002022
:105320008DF81700FFE79DF8170006B080BD00005C
:1053300083B002908DF80710029800900099D1F880
:10534000000820F4FE60C1F800089DF8070000F096
:105350007F020099D1F8000840EA0210C1F8000865
:10536000002003B07047000083B002908DF8071052
:10537000029800909DF807200099D1F8000810438A
:10538000C1F80008002003B07047000000000000D2
:1053900084B0039002918DF807209DF80700022841
:1053A00040F0B880FFE702984AF6C041C0F2D80149
:1053B00088420BD3FFE702984EF2BF11C0F2E4011E
:1053C000884203D8FFE70F200090A2E002984EF237
:1053D000C011C0F2E40188420BD3FFE7029842F209
:1053E000FF31C0F2F401884203D8FFE70E2000909D
:1053F0008EE0029842F20041C0F2F40188420BD3E1
:10540000FFE7029847F27F31C0F20611884203D8C5
:10541000FFE70D2000907AE0029847F28031C0F259
:10542000061188420BD3FFE7029844F69F11C0F2A1
:105430001A11884203D8FFE70C20009066E002981A
:1054400044F6A011C0F21A1188420BD3FFE702986C
:1054500042F6FF41C0F23111884203D8FFE70B202A
:10546000009052E0029842F60051C0F23111884299
:105470000BD3FFE702984AF23F41C0F24C11884239
:1054800003D8FFE70A2000903EE002984AF240412C
:10549000C0F24C1188420BD3FFE7029843F2FF5150
:1054A000C0F26E11884203D8FFE7092000902AE07D
:1054B000029843F20061C0F26E1188420BD3FFE7FD
:1054C00002984AF61F31C0F2A611884203D8FFE7BE
:1054D0000820009016E002984AF62031C0F2A6118A
:1054E00088420BD3FFE7029844F2FF71C0F2E81143
:1054F000884203D8FFE70720009002E006200090D2
:10550000FFE7FFE7FFE7FFE7FFE7FFE7FFE7FFE76B
:10551000FFE70AE09DF8070018B9FFE709200090AF
:1055200002E009200090FFE7FFE70399C86820F434
:105530007050C860009800F00F020399C86840EAF4
:105540008220C860002004B0704700000000000006
:1055500080B588B084460A98CDF81CC006918DF8B5
:105560001720ADF814308DF81300079803900698B3
:1055700002909DF8130048BBFFE7BDF8140003300C
:105580008008019000200090FFE700980199884270
:105590001BD2FFE70298006803999DF8172001EBE2
:1055A00002314FF4805288500298013002900298E4
:1055B000013002900298013002900298013002906E
:1055C000FFE7009801300090DFE7FFE7002008B018
:1055D00080BD000000000000FFE7FEE700000000C3
:1055E00080B508F059FE08F0EFFE80BD0000000015
:1055F00080B508F0A1FE08F007FF08F01DFF80BD90
:1056000080B508F071FE08F0EFFE80BD00000000DC
:1056100080B508F019FE08F0C7FE80BD000000004C
:1056200080B508F0E9FD08F0AFFE08F0FDFE80BD92
:1056300080B584B0039041F20400CEF2000000680F
:105640000290029803990968401A00EE100AB8EE19
:10565000400A40F2C030C2F2004090ED001AB8EEAD
:10566000411A80EE010A8DED010A02980399086043
:1056700001F042FE9DED010A04B080BD0000000073
:1056800083B002908DED010ACDED000A029890EDF5
:10569000000A9DED011AB4EE410AF1EE10FA04DAA7
:1056A000FFE70198029908600FE0029890ED000A68
:1056B0009DED001AB4EE410AF1EE10FA04DDFFE7A9
:1056C000009802990860FFE7FFE703B07047000009
:1056D00085B004908DF80F10049844F66041C2F232
:1056E000004188423FD1FFE79DF80F000138014695
:1056F0000191072836D80199DFE801F0040A101655
:105700001C22282E40F24820C2F20040029029E0DC
:1057100040F25020C2F20040029023E040F25820B4
:10572000C2F2004002901DE040F26020C2F2004050
:10573000029017E040F26820C2F20040029011E0AF
:1057400040F27020C2F2004002900BE040F278205C
:10575000C2F20040029005E040F28020C2F2004018
:105760000290FFE747E0049844F60051C2F200417E
:1057700088423FD1FFE79DF80F00013801460091B4
:10578000072836D80099DFE801F0040A10161C2219
:10579000282E40F2E820C2F20040029029E040F2B8
:1057A000F020C2F20040029023E040F2F820C2F262
:1057B000004002901DE040F20030C2F20040029032
:1057C00017E040F20830C2F20040029011E040F2CF
:1057D0001030C2F2004002900BE040F21830C2F2EA
:1057E0000040029005E040F22030C2F200400290FA
:1057F000FFE7FFE7FFE7029805B0704700000000F1
:1058000086B005908DF81310059844F66041C2F2F9
:10581000004188425BD1FFE79DF813000138014643
:1058200002910A2852D80299DFE801F0060C131AF7
:1058300021272E353C42490040F23820C2F2004078
:10584000039043E040F23820C2F20040023003905F
:105850003CE040F23820C2F200400430039035E0D2
:1058600040F23820C2F20040063003902EE040F2B1
:105870003020C2F20040039028E040F23020C2F213
:1058800000400230039021E040F23020C2F200409C
:10589000043003901AE040F23020C2F2004006309B
:1058A000039013E040F24020C2F2004003900DE06C
:1058B00040F24020C2F200400230039006E040F285
:1058C0004020C2F2004004300390FFE7C7E0059893
:1058D00044F60051C2F2004188425BD1FFE79DF8D7
:1058E00013000138014601910A2852D80199DFE8D6
:1058F00001F0060C131A21272E353C42490040F2D4
:10590000D820C2F20040039043E040F2D820C2F217
:105910000040023003903CE040F2D820C2F2004048
:105920000430039035E040F2D820C2F20040063047
:1059300003902EE040F2C820C2F20040039028E01D
:1059400040F2C820C2F200400230039021E040F251
:10595000C820C2F20040043003901AE040F2C82090
:10596000C2F200400630039013E040F2E020C2F2A1
:10597000004003900DE040F2E020C2F2004002300F
:10598000039006E040F2E020C2F2004004300390B1
:10599000FFE763E0059844F6A051C2F20041884257
:1059A0005BD1FFE79DF813000138014600910A28FA
:1059B00052D80099DFE801F0060C131A21272E3582
:1059C0003C42490040F27030C2F20040039043E094
:1059D00040F27030C2F20040023003903CE040F2EE
:1059E0007030C2F200400430039035E040F2703075
:1059F000C2F20040063003902EE040F26830C2F25E
:105A00000040039028E040F26830C2F200400230CB
:105A1000039021E040F26830C2F20040043003906D
:105A20001AE040F26830C2F200400630039013E002
:105A300040F27830C2F2004003900DE040F278303E
:105A4000C2F200400230039006E040F27830C2F229
:105A5000004004300390FFE7FFE7FFE7FFE703980C
:105A600006B070470000000080B582B000F024F856
:105A700040F62400C2F2004090ED000AB8EE400A61
:105A8000818801EE101AB8EEC11A9FED092AA1EE25
:105A9000020AC08801EE100AB8EEC11A9FED052A6D
:105AA000A1EE020A8DED010A9DED010A02B080BD52
:105AB0006F12833ABD378635B0B586B001F01CFC55
:105AC00041F20400CEF200000068059040F2DC30A4
:105AD000C2F2004001680598002302934FF0FF3C9A
:105AE0001A46E1FB0C0240F2D031C2F200410091B3
:105AF0004A6008600868496840F2C034C2F2004455
:105B00002268EAF7E5FC029B02468C46009942F2C5
:105B10008070C2F20040C0F804C00260D1F800C03A
:105B20004968D0F800E042682468AEFB04E502FB57
:105B30000452BCEB0E0C61EB020242F28871C2F21D
:105B400000410391C1F800C04A60006840F6240299
:105B5000C2F20042049210600868496840F2C43200
:105B6000C2F2004201921268EAF7B2FCDDF804C00A
:105B7000029B049A014603989180016840689288CC
:105B8000DCF800C002FB0CF28A1A60F1000042F25D
:105B90009071C2F200410A6048600868496840F2AA
:105BA000C832C2F200421268EAF792FC0499C88037
:105BB00006B0B0BD0000000087B08DED060ACDED47
:105BC000050A8DED041A039002919DED060A9DEDE4
:105BD000052A30EE420A9DED041A31EE421A80EE9B
:105BE000010A8DED010A9DED011A02990398091A27
:105BF00000EE101AB8EEC02A00EE100AB8EEC00A85
:105C0000A1EE020ABDEEC00A8DED000A009807B0B1
:105C1000704700000000000087B0069005910492D4
:105C20008DED030ACDED020A06980599401A00EEA3
:105C3000100AB8EEC00A0498401A01EE100AB8EE35
:105C4000C11A80EE010A8DED010A9DED011A9DED4C
:105C5000022A9DED030A32EE402AA1EE020A8DEDE2
:105C6000000A9DED000A07B0704700000000000028
:105C700080B58AB009908DF823108DF822208DF818
:105C8000213045F61201C2F200410691042008803D
:105C900045F61001C2F20041082008809DF823005B
:105CA000099908739DF82200099948739DF821000D
:105CB000099988730999002008749DF82100EAF772
:105CC000B1FB09994861099840699DF82110EAF7EC
:105CD000EEFC069800889DF821104843EAF7A2FBE5
:105CE0000699099A90610998806909889DF8212090
:105CF0005143EAF7FEFC069800889DF821104843BE
:105D0000EAF790FB0699099AD0610998C069098859
:105D10009DF821205143EAF7ECFC069800889DF895
:105D200023104843EAF77EFB0699099A1062099806
:105D3000006A09889DF823205143EAF7DAFC9DF8B0
:105D40002100EAF76FFB099948620998406A9DF8BB
:105D50002110EAF7ACFC069800889DF82310484310
:105D6000EAF760FB0699099A1060099800680988AB
:105D70009DF823205143EAF7BCFC069800889DF863
:105D800021104843EAF74EFB0699099A506009989A
:105D9000406809889DF821205143EAF7AAFC06983B
:105DA00000889DF822104843EAF73CFB0699099ABF
:105DB00090600998806809889DF822205143EAF78D
:105DC00098FC069800889DF823104843EAF72AFBC0
:105DD0000699099AC2F8E8000998D0F8E8000988FD
:105DE0009DF823205143EAF784FC099A02F1300020
:105DF000117BD2F8E8300122079208F05DFB06988B
:105E000000889DF823104843EAF70CFB0699099A8D
:105E1000C2F8EC000998D0F8EC0009889DF823201E
:105E20005143EAF766FC079A099B03F13800197B96
:105E3000D3F8EC3008F040FB9DF8220010B3FFE7E8
:105E400045F61200C2F20040059000889DF822102D
:105E50004843EAF7E7FA0599099AC2F8F000099869
:105E6000D0F8F00009889DF822205143EAF741FC60
:105E7000099A02F14000517BD2F8F030012208F07B
:105E80001BFBFFE745F61200C2F2004004900088B9
:105E90009DF821104843EAF7C5FA0499099AC2F817
:105EA000F4000998D0F8F40009889DF821205143A6
:105EB000EAF71FFC099A02F14800917BD2F8F4300E
:105EC000012208F0F9FA049800889DF8231048434D
:105ED0004843EAF7A7FA0499099AC2F8F800099822
:105EE000D0F8F80009889DF8232051435143EAF780
:105EF00000FC099901F150000A7BD1F8F8301146F5
:105F000008F0DAFA049800889DF8231048434843C3
:105F1000EAF788FA0499099AC2F8FC000998D0F8BF
:105F2000FC0009889DF8232051435143EAF7E1FB27
:105F3000099901F158000A7BD1F8FC30114608F0AC
:105F4000BBFA049800889DF8231048434843EAF7B9
:105F500069FA01460498099AC2F8001100889DF870
:105F6000231048434843EAF75DFA0499099AC2F8B6
:105F700004010998D0F8000109889DF823205143B5
:105F80005143EAF7B6FB04990998D0F8040109884F
:105F90009DF8232051435143EAF7ABFB099901F1E6
:105FA00060000A7BD1F80031114608F085FA0999A2
:105FB00001F168000A7BD1F80431114608F07CFA3F
:105FC0009DF8220040B3FFE745F61200C2F2004000
:105FD000039000889DF8231048439DF82210484301
:105FE000EAF720FA0399099AC2F808010998D0F84B
:105FF000080109889DF8232051439DF82220514330
:10600000EAF777FB099B03F17000197B5A7BD3F801
:10601000083108F051FAFFE745F61200C2F20040DD
:10602000019000889DF8211048439DF823104843B3
:10603000EAF7F8F901460198099AC2F80C110088AC
:106040009DF8231048439DF821104843EAF7EAF9E8
:106050000199099AC2F810010998D0F80C01098831
:106060009DF8212051439DF823205143EAF741FB3D
:1060700001990998D0F8100109889DF8232051430F
:106080009DF821205143EAF734FB099B03F1780086
:106090001A7B997BD3F80C3108F00EFA099B03F1B7
:1060A0008000197B9A7BD3F8103108F005FA01982B
:1060B00000889DF8231048434843EAF7B3F9019953
:1060C000099AC2F814010998D0F8140109889DF8BA
:1060D000232051435143EAF70CFB099901F1880051
:1060E0000A7BD1F81431114608F0E6F901980088CE
:1060F0009DF8211048434843EAF794F90199099A19
:10610000C2F818010998D0F8180109889DF82120D3
:1061100051435143EAF7EDFA099901F190008A7B66
:10612000D1F81831114608F0C7F9019800889DF898
:10613000231048439DF821104843EAF773F9019969
:10614000099AC2F81C010998D0F81C0109889DF829
:10615000232051439DF821205143EAF7CAFA099BB5
:1061600003F19800197B9A7BD3F81C3108F0A4F94D
:10617000019800880999097B48434843EAF752F996
:1061800001460198099AC2F8201100880999097BF3
:1061900048434843EAF746F901460198099AC2F88C
:1061A000241100880999097B48434843EAF73AF9E2
:1061B00001460198099AC2F8281100880999097BBB
:1061C0004843EAF72FF901460198099AC2F82C11C1
:1061D00000880999097B4843EAF724F90999C1F82D
:1061E0003001099901F1A0000A7BD1F82031114654
:1061F00008F062F9099901F1A8000A7BD1F824316D
:10620000114608F059F9099901F1B0000A7BD1F85B
:106210002831114608F050F9099A02F1B800117BB3
:10622000D2F82C310122029208F046F9029A099B19
:1062300003F1C000197BD3F8303108F03DF909991A
:10624000002081F82800099981F82900099981F82E
:106250002A00099981F82B00099981F82C000AB0CD
:1062600080BD00000000000080B582B00190019860
:1062700090F82A00002872D1FFE7019901F1780017
:10628000803108F0C5FC019981F8C8000199B1F886
:106290007800A1F8A8000199B1F85A00A1F8AA0065
:1062A000019A02F1780002F15801A83208F0F4FBDB
:1062B000019981F8C8000199B1F8A800A1F8B000CF
:1062C0000199B1F88200A1F8B200019A02F1A80088
:1062D00002F18001B03208F0DFFB019981F8C800BB
:1062E0000199B1F89000A1F8A0000199B1F89200CD
:1062F000A1F8A200019A02F1B00002F19001A032CF
:1063000008F0A6F8019981F8C800019901F1A000F0
:10631000B03108F0E5F8019981F8C8000199B1F8A9
:106320005800A1F8A8000199B1F88200A1F8AA00CC
:10633000019A02F1580002F18001A83208F0ACFB8A
:10634000019981F8C800019A02F1A80002F1B00198
:10635000983208F0A1FB019981F8C800FFE702B06C
:1063600080BD00000000000080B582B00190ADF853
:106370000210019942F60000C2F2004000F674706B
:1063800002F01EF802B080BD83B002900191ADF81A
:10639000022003B07047000080B582B00190ADF8D4
:1063A00002100199BDF8022042F60000C2F200403E
:1063B00000F5716002F018FA8DF801009DF80100F7
:1063C000C00750B9FFE742F60000C2F2004000F5F6
:1063D000716007F089FE38B9FFE742F60000C2F2AB
:1063E000004003F0D1F8FFE702B080BD00000000DC
:1063F00080B584B003900291039800F0C9F8039827
:10640000D0F8CC0030B1FFE70398D0F8CC20029947
:106410009047FFE7039800F08FFE0398D0F8D00074
:1064200030B1FFE70398D0F8D02002999047FFE7FA
:10643000039800F0F9FD0398D0F8D40030B1FFE7DD
:106440000398D0F8D42002999047FFE70398007C86
:1064500020B9FFE70398C07B00BBFFE70398FFF775
:1064600003FF0398D0F8D80030B1FFE70398D0F8C5
:10647000D82002999047FFE7039800F07DFD03982C
:10648000D0F8DC0030B1FFE70398D0F8DC200299A7
:106490009047FFE7039800F0AFF91BE0039BD3F8A8
:1064A000E800D3F8EC1045F61202C2F20042009266
:1064B00012881B7B5A43EAF7C8F8009A039BD3F86B
:1064C000F800D3F8FC1012881B7B5A435A43EAF7B2
:1064D000BCF8FFE70398D0F8E00030B1FFE703987D
:1064E000D0F8E02002999047FFE700208DF80700E0
:1064F000FFE79DF807000399097B88422CDAFFE744
:106500000398D0F8F8209DF80710037B11FB0313C4
:1065100002EB830292ED000A006A00EB810090ED2D
:10652000001AB4EE410AF1EE10FA0EDAFFE7039B0F
:10653000186A9DF8072050F82200D3F8F8101B7B4A
:1065400012FB032241F82200FFE7FFE79DF8070056
:1065500001308DF80700CCE7039B1868D3F8E810EA
:1065600045F61202C2F2004212881B7B5A43EAF738
:106570006CF80398D0F8E40030B1FFE70398D0F846
:10658000E42002999047FFE70398006804B080BDBB
:1065900080B582B001900198C07B20B1FFE70198DF
:1065A00000F0CAFE16E0019BD3F8F400596845F6E6
:1065B0001202C2F20042009212889B7B5A43EAF711
:1065C00044F80099019A50680988927B5143EAF790
:1065D00090F8FFE7019BD3F8F000996845F61202A6
:1065E000C2F2004212885B7B5A43EAF72EF802B0EF
:1065F00080BD00000000000080B545F60800C2F232
:1066000000400168013101600068B0F5FA6F0FD9F0
:10661000FFE745F61400C2F200400078C00738B921
:10662000FFE745F61401C2F2004101200870FFE7C0
:1066300042F60000C2F2004003F05AF945F6140099
:10664000C2F200400078C00738B3FFE742F600000E
:10665000C2F2004003F030F9F9F7CAF940F27C4089
:10666000C2F20040F9F7DCFE42F29870C2F200403C
:1066700001680131016000680A280DD1FFE742F688
:106680000000C2F2004003F02FF842F29871C2F20B
:10669000004100200860FFE7FFE780BD0000000028
:1066A00080B58AB08DED090ACDED080A8DED071A87
:1066B000CDED061A8DED052ACDED042A0390039940
:1066C0000120087009980399C1F8B401089803994A
:1066D000C1F8B80107980399C1F8BC0103994CF6B9
:1066E0007740C3F22B20C1F8D0010399002081F834
:1066F00038010399C1F84401C1F840010399C1F878
:106700004C01C1F8480104980399C1F8AC019DED12
:10671000060AB7EE001AB4EE410AF1EE10FA04DDF3
:10672000FFE74FF07E500690FFE706980399C1F807
:10673000D40105980399C1F890010398043006210B
:10674000002200920323FFF793FA039901F5E27008
:1067500001F5E67301220192114607F0ADFE0099A2
:106760000198039AD2F8EC304FF07E521A60039AE7
:10677000D2F8EC205160039AD2F8EC209160039A91
:10678000D2F8EC20D160039A47F2A161C0F6010172
:10679000C2F8D010039A47F6D141C0F60101C2F801
:1067A000D410039A47F23951C0F60101C2F8D8104B
:1067B000039A47F2F161C0F60101C2F8DC100399B7
:1067C00081F82E00039981F82F000398D0F8040176
:1067D0004FF27031C0F6010190220292E9F735FFC5
:1067E000029A0398D0F8FC0040F23C01C2F200414A
:1067F000E9F72BFF0AB080BD80B582B00190019807
:1068000090F82C00B0BBFFE70199B1F89800A1F80F
:10681000A8000199B1F87A00A1F8AA000199B1F88D
:10682000A800A1F8B0000199B1F85A00A1F8B2008F
:10683000019A02F1980002F17801A83208F02CF9CF
:10684000019981F8C800019A02F1A80002F15801EB
:10685000B03208F021F9019981F8C800019A02F1DB
:10686000580002F1B001503208F09EF9019981F808
:10687000C800FFE702B080BD83B00290029801908B
:106880000298009001980178407840EA0120009930
:10689000088003B07047000084B003900291039811
:1068A0000190029800900198407800990870019832
:1068B00000780099487004B07047000000000000A4
:1068C00080B584B00290ADF806100020ADF8040049
:1068D000029828B1FFE7BDF80600022804DCFFE7B4
:1068E00000208DF80F002EE00298BDF80610023946
:1068F00040F2A212C2F20042128889B200F0E4FD16
:10690000ADF804009DF80410029ABDF8060010448A
:1069100010F8022C0020914200900ED1FFE79DF864
:106920000500029ABDF80610114411F8011C401A26
:10693000B0FA80F040090090FFE7009800F00100F5
:106940008DF80F00FFE79DF80F0004B080BD000038
:1069500080B542F60000C2F2004041F2A8010844AE
:1069600006F012FF80BD000080B590B009A9069125
:1069700081ED060AC1ED050A81ED041AC1ED031A85
:1069800081ED022AC1ED012A81ED003A08900898B4
:10699000007880B9FFE70898B2EE040ADFEDD20A6A
:1069A0009FEDD21AF7EE001ADFEDD12AB0EE622A7F
:1069B000FFF776FEFFE706980999089AC2F8C0111A
:1069C00090ED060A089991ED581A30EE410A81EDD2
:1069D0005B0A90ED050A089991ED591A30EE410ACB
:1069E00081ED5C0A90ED040A089991ED5A1A30EE97
:1069F000410A81ED5D0A089991ED5B0AB6EE001A35
:106A000020EE010A90ED002A20EE020A42F2A07167
:106A1000C2F20041059181ED000A089991ED5C0AEE
:106A200020EE010A90ED002A20EE020A42F2A47143
:106A3000C2F20041049181ED000A089991ED5D0ACE
:106A400020EE010A90ED001A20EE010A42F2A87031
:106A5000C2F20040039080ED000A0898D0F80401CB
:106A60004FF27031C0F601019022E9F7EEFD039A72
:106A70000499059890ED000AB1EE400A089BD3F8FE
:106A8000043183ED010A91ED000AB1EE400A089B42
:106A9000D3F8043183ED020A92ED000AB1EE400A08
:106AA000089BD3F8043183ED030A0368DDF820C0A6
:106AB000DCF804C1CCF818301368DDF820C0DCF82D
:106AC00004C1CCF8203091ED000AB1EE400A089BD9
:106AD000D3F8043183ED090A0B68DDF820C0DCF837
:106AE00004C1CCF8303092ED000AB1EE400A089BA8
:106AF000D3F8043183ED0D0A0368DDF820C0DCF81B
:106B000004C1CCF83C301268089BD3F804319A6475
:106B10000968089AD2F80421D16490ED000AB1EE18
:106B2000400A0898D0F8040180ED140A0899D1F8B9
:106B30004801D1F84C11084368B9FFE70C9808994F
:106B4000C1F878010B980899C1F87C010A98089956
:106B5000C1F88001FFE70699089890ED5E0A90ED74
:106B6000641A90ED703A20EE010A33EE012A80EEAD
:106B7000020A91ED031A21EE031A81EE021A30EE99
:106B8000010A80ED5E0A089890ED5F0A90ED641AA4
:106B900090ED703A20EE010A33EE012A80EE020AEF
:106BA00091ED021A21EE031A81EE021A30EE010A6B
:106BB00080ED5F0A089890ED600A90ED641A90ED00
:106BC000703A20EE010A33EE012A80EE020A91EDBE
:106BD000011A21EE031A81EE021A30EE010A80ED4D
:106BE000600A089890ED5E2A90ED5F0A90ED601AB9
:106BF00020EE000AA2EE020AA1EE010A01F0A0F9BD
:106C000042F29C70C2F2004080ED000A00208DF834
:106C10001F00FFE79DF81F0002281BDCFFE7089814
:106C20009DF81F1000EB810292ED5E0A42F29C7209
:106C3000C2F2004292ED001A20EE010A806800EBD9
:106C4000810080ED000AFFE79DF81F0001308DF8FC
:106C50001F00DFE7089890ED5B2A90ED5C0A90ED4D
:106C60005D1A20EE000AA2EE020AA1EE010A01F06E
:106C700067F9B0EE401AB7EE000A80EE011A0898E4
:106C800080ED651A42F29C70C2F2004090ED001A4D
:106C900080EE010A089880ED660A089890ED650A72
:106CA0009FEDAE1AB4EE410AF1EE10FA22DAFFE7D8
:106CB000089890ED660A9FEDAA1AB4EE410AF1EE2B
:106CC00010FA17DDFFE7089890ED660A9FEDA51A08
:106CD000B4EE410AF1EE10FA0CDAFFE70899012050
:106CE00081F839010BE000BF6F12833A8096184B90
:106CF000000000000899002081F83901FFE708989A
:106D000090ED6D0A90ED701A20EE010AD0F818018E
:106D100080ED000A089890ED6D0A90ED701A20EE53
:106D2000010AD0F8180180ED070A089890ED6D0A65
:106D300090ED701A20EE010AD0F8180180ED0E0ACD
:106D4000089890ED6D0A90ED701A20EE010AD0F8C7
:106D5000180180ED150A089890ED6E0A90ED701AF2
:106D600020EE010AD0F8180180ED1C0A089890ED79
:106D70006E0A90ED701A20EE010AD0F8180180ED2D
:106D8000230A0898D0F81C11D0F8BC0108600898B4
:106D9000D0F81C11D0F8BC0108610898D0F81C117B
:106DA000D0F8BC0108620899081DFFF721FB08997B
:106DB00048680068C1F85001089948684068C1F8FF
:106DC0005401089948688068C1F8580108994868D2
:106DD000C068C1F85C01089948680069C1F86001A1
:106DE000089948684069C1F864010899D1F8AC0174
:106DF000C1F86801089890ED542A90ED551A90ED6D
:106E0000560A90ED573A21EE000AA2EE030A30EE40
:106E1000000A21EE011AA2EE021AB0EE002A8DED50
:106E2000012AFFEE000ACDED000AE1EE020A08F0A9
:106E30009BF8DDED000A9DED012A9FED4B1A8DEDCB
:106E4000021A20EE010A089880ED6A0A089890ED6F
:106E5000543A90ED554A90ED560A90ED571A20EEAF
:106E6000010AA3EE040A30EE000A21EE011AA3EE95
:106E7000031AE1EE020A08F077F89DED021A20EEFF
:106E8000010A089880ED690A089890ED540A90ED7F
:106E9000551A90ED563A90ED572A20EE030A91EEDE
:106EA000020AB8EE001A20EE010A07F0C7FF9DEDB6
:106EB000021A20EE010A089880ED680A089890ED01
:106EC0006A0A90ED771A30EE410A9FED281AB4EE67
:106ED000410AF1EE10FA07DDFFE70899B1F8D80191
:106EE0000138A1F8D80116E0089890ED6A0A90EDF3
:106EF000771A30EE410A9FED1E1AB4EE410AF1EE08
:106F000010FA07DAFFE70899B1F8D8010130A1F8C3
:106F1000D801FFE7FFE70898B0F9D81100EE101A82
:106F2000B8EEC01A90ED6A0A9FED122AA1EE020A8D
:106F300080ED6C0A0899D1F8A801C1F8DC01089924
:106F4000D1F84821D1F84C01013240F10000C1F8DC
:106F50004821C1F84C0110B080BD00BF9A99993EFC
:106F6000CDCC1441CDCC2441E12E65420000344308
:106F7000000034C30000B44380B582B00190019892
:106F800090F82B0000284BD1FFE70199B1F8780069
:106F9000A1F8B800019901200090A1F8BA00019A67
:106FA00002F1780002F13801B83207F075FD0146B0
:106FB0000098019A82F8C810019AB2F84810A2F815
:106FC000C0100199A1F8C200019A02F1480002F133
:106FD000B801C03207F0E8FD01460098019A82F836
:106FE000C810019AB2F89810A2F8B8100199A1F847
:106FF000BA00019A02F1980002F1C001B83207F01C
:107000004BFD019981F8C800019A02F1380002F1A4
:10701000B801303207F01CFA019981F8C800FFE787
:1070200002B080BD0000000080B582B001900198E0
:1070300090F82900A8BBFFE7019901F160006831D1
:1070400007F0E6FD019981F8C800019A02F160009D
:1070500002F15001583207F01FFD019981F8C80074
:107060000199B1F85800A1F8A8000199B1F86A0097
:10707000A1F8AA00019A02F1580002F16801A832B1
:1070800007F00AFD019981F8C800019A02F1A800F1
:1070900002F18801583207F0DBF9019981F8C80044
:1070A000FFE702B080BD000080B582B0019001987A
:1070B0000068B0F5017F0DD1FFE7019800F12801CC
:1070C00042F60000C2F2004041F27442104402F065
:1070D00097FFFFE702B080BD80B582B001900198B4
:1070E000006816280DD1FFE7019800F1280142F64B
:1070F0000000C2F2004041F27442104402F08CFFE2
:10710000FFE702B080BD000080B582B00190019819
:10711000006811280DD1FFE7019800F1280142F61F
:107120000000C2F2004041F65032104401F058FC19
:10713000FFE702B080BD000080B582B001900198E9
:1071400090F82800002846D1FFE70198407B0128ED
:1071500034DBFFE70199087BA1F8B8000199012011
:107160000090A1F8BA00019A02F1600002F130012A
:10717000B83207F091FC01460098019A82F8C810D5
:10718000019A117BA2F8C0100199A1F8C200019ADE
:1071900002F1700002F14001C03207F07DFC01995C
:1071A00081F8C800019A02F1B80002F1C00138323A
:1071B00007F04EF9019981F8C8000BE0019A02F13D
:1071C000600002F13001383207F066FC019981F865
:1071D000C800FFE7FFE702B080BD0000000000002C
:1071E00081B08DED000AFFE79DED000A9FED141AB6
:1071F000B4EE410AF1EE10FA09DDFFE79DED000A59
:107200009FED121A30EE010A8DED000AECE7FFE760
:107210009DED000A9FED0B1AB4EE410AF1EE10FA53
:1072200009DAFFE79DED000A9FED071A30EE010A2B
:107230008DED000AECE79DED000A01B0704700BF3C
:10724000DB0F4940DB0F49C0DB0FC940DB0FC9C072
:1072500081B08DED000A9DED000AB0EEC00A01B0CC
:10726000704700000000000082B08DED010A9DED26
:10727000010AB5EE400AF1EE10FA05DDFFE79DEDDB
:10728000010A8DED000A06E09DED010AB1EE400A0B
:107290008DED000AFFE79DED000A02B07047000087
:1072A00083B08DED020A41F20400CEF200000068C6
:1072B000019002980090FFE741F20400CEF2000036
:1072C00000680199401A00EE100AB8EE400A9DEDE0
:1072D000001A40F2C030C2F2004090ED002AB8EE31
:1072E000422A21EE021AB4EE410AF1EE10FA01DA56
:1072F000FFE7E1E703B0704781B041F20400CEF24E
:10730000000000680090009840F2D831C2F20041BD
:107310000968884208D2FFE740F2DC31C2F200413E
:10732000086801300860FFE7009840F2D831C2F2E7
:107330000041086001B0704780B584B003900399A4
:10734000002001900874039BD3F8F400596845F6B7
:107350001202C2F20042009212889B7B5A43E9F764
:1073600074F90099039A50680988927B5143E9F7B0
:10737000C0F90099039AD2F818010988927B514309
:107380005143E9F7B6F90099039AD2F80C0109883C
:10739000137B927B59435143E9F7ABF901988DF880
:1073A0000B00FFE79DF80B000399897B884243DAC5
:1073B000FFE70398D0F8F4009DF80B1000EB810074
:1073C00090ED000AB5EE400AF1EE10FA2DD0FFE77D
:1073D000039AD2F8F4109DF80B0051F82000127CAB
:1073E00041F822009DF80B00039A516A127C8854E0
:1073F000DDF80CC0DCF818009DF80BE050F82E000A
:10740000DCF80C119CF80C209CF81030DCF814C04F
:107410001CF80EC012FB03C201EB820141F8040C00
:107420000399087C01300874FFE7FFE79DF80B0023
:1074300001308DF80B00B5E700208DF80A00FFE75A
:107440009DF80A000399097C884216DAFFE7039B3E
:10745000D869596A9DF80A20895C50F82100D3F850
:1074600018111B7C12FB032241F82200FFE79DF854
:107470000A0001308DF80A00E2E70399087CA1F8C0
:1074800078000399087BA1F87A000399087BA1F89A
:1074900080000399087CA1F882000399087CA1F878
:1074A00090000399087CA1F892000399087BA1F849
:1074B00098000399087CA1F89A000399087CA1F828
:1074C000480004B080BD000084B00290ADF8061002
:1074D000ADF80420029828B9FFE74FF6FF70ADF829
:1074E0000E0023E0FFE7BDF80600411EADF80610D0
:1074F000B8B1FFE70298411C029100788DF80300B3
:10750000BDF804109DF803004840C2B24FF200409D
:10751000C0F6010030F8120080EA1120ADF8040036
:10752000E1E7BDF80400ADF80E00FFE7BDF80E007E
:1075300004B070470000000080B588B00790069145
:10754000069805900798D0F8EC0090ED000A30EE10
:10755000000A42F2B070C2F20040019080ED000AD1
:107560000798D0F8EC0090ED010A30EE000A42F2E4
:10757000B470C2F20040029080ED000A0798D0F883
:10758000EC0090ED020A30EE000A42F2B870C2F24E
:107590000040039080ED000A0798D0F8EC0090EDD1
:1075A000030A30EE000A42F2BC70C2F200400490BE
:1075B00080ED000A079BD3F80C0145F61201C2F2D8
:1075C000004109881A7B9B7B59435143E9F791F8A5
:1075D000019B029A0399049891ED000AB1EE400ACA
:1075E000DDF81CC0DCF80CC18CED000AD0F800C03E
:1075F000DDF81CE0DEF80CE1CEF804C093ED000AE3
:10760000B1EE400ADDF81CC0DCF80CC18CED020ABA
:10761000D2F800C0DDF81CE0DEF80CE1CEF80CC0BA
:10762000D2F800C0DDF81CE0DEF80CE1CEF818C09E
:10763000D3F800C0DDF81CE0DEF80CE1CEF81CC089
:10764000D0F800C0DDF81CE0DEF80CE1CEF820C078
:10765000D1F800C0DDF81CE0DEF80CE1CEF824C063
:107660001B68DDF81CC0DCF80CC1CCF8303092EDA2
:10767000000AB1EE400A079AD2F80C2182ED0D0AF9
:1076800091ED000AB1EE400A0799D1F80C1181ED95
:107690000E0A00680799D1F80C11C86308B080BDC4
:1076A00080B584B003900291029801900398D0F8BD
:1076B000F81040F23C00C2F200409022E8F7C5FF0B
:1076C0000398D0F81C1140F23040C2F2004048222A
:1076D0000092E8F7BAFF009A0398D0F80C1140F234
:1076E000E830C2F20040E8F7B0FF04B080BD00000F
:1076F00080B588B00790069106980590079901F12A
:107700007800803107F084FA079981F8C80007995A
:10771000B1F87800A1F8A8000799B1F85A00A1F8CB
:10772000AA00079A02F1780002F15801A83207F086
:10773000B3F9079981F8C8000799B1F8A800A1F832
:10774000B0000799B1F88200A1F8B200079A02F1DF
:10775000A80002F18001B03207F09EF9079981F884
:10776000C8000799B1F89000A1F8A0000799B1F8F6
:107770009200A1F8A200079A02F1B00002F1900174
:10778000A03206F065FE079981F8C800079901F15B
:10779000A000B03106F0A4FE079981F8C800079850
:1077A000D0F8EC00006842F2C073C2F200431860E7
:1077B0000798D0F8EC00406842F2C472C2F200426E
:1077C00010600798D0F8EC00806842F2C871C2F2ED
:1077D000004108600798D0F8EC00D0F80CC042F2E5
:1077E000CC70C2F20040C0F800C0DDF81CE0BEF86A
:1077F00078C0AEF8B8C0DDF81CE04FF0010CAEF870
:10780000BAC092ED001A90ED002A93ED000A91EDB6
:10781000003A20EE030A91EE020A30EE000ADDF88B
:107820001CC0DCF82CC18CED000A93ED001A92ED1F
:10783000002A91ED000A90ED003A20EE030AA1EE35
:10784000020A30EE000ADDF81CC0DCF82CC18CED19
:10785000010A93ED001A92ED000A20EE000A91EE63
:10786000010A91ED001AA1EE410A90ED001AA1EE75
:10787000010A0798D0F82C0180ED020A00208DF84B
:107880001300FFE79DF8130002281BDCFFE70798B1
:10789000D0F82C019DF8131000EB810090ED000A48
:1078A000B0EEC00A07F03EFA05989DF8131000EB01
:1078B000810080ED610AFFE79DF8130001308DF82B
:1078C0001300DFE70799B1F84800A1F8C000079955
:1078D00001200290A1F8C200079A02F1480002F1CB
:1078E000B801C03207F060F901460298079A82F8A1
:1078F000C810079AB2F8C010A2F8A8100799A1F80A
:10790000AA00079A02F1B00002F1C001A83207F004
:10791000C3F801460298079A82F8C8100799A1F89F
:10792000B8000799B1F8C000A1F8BA00079901F1B1
:10793000C000B83107F06CF9079981F8C8000799C1
:1079400001F1B800A831059A02F5E27207F0A4F837
:10795000079981F8C800059890ED730A90ED741AA4
:10796000B6EE002A21EE021AB4EE410AF1EE10FA48
:1079700005DAFFE70599012081F83801FFE705984E
:1079800090ED730A90ED741AB4EE410AF1EE10FA1C
:1079900052DDFFE7059890F8380100284CD0FFE74A
:1079A000059890F8390168B1FFE70599D1F84021B1
:1079B000D1F84401013240F10000C1F84021C1F882
:1079C000440106E005990020C1F84401C1F84001D6
:1079D000FFE70598D0F84011D0F84401333970F131
:1079E000000008D3FFE70599002081F838010799C6
:1079F00081F82C001FE0079BD3F8E800D3F8EC10C7
:107A000045F61202C2F20042019212881B7B5A43D1
:107A1000E8F71BFE019A079BD3F8F800D3F8FC1097
:107A200012881B7B5A435A43E8F70FFE079901203F
:107A300081F82C003FE133E0059890ED730A90ED5A
:107A4000741A9FED9E2A21EE021AB4EE410AF1EE5D
:107A500010FA15DDFFE7059890F8380180B1FFE7CF
:107A6000059890ED730A90ED741A31EE400A9FED7F
:107A7000942A21EE021A80EE010A80ED670A05E0E1
:107A800005994FF07E50C1F89C01FFE70599002051
:107A9000C1F84401C1F84001079981F82C00FFE7C3
:107AA0000799B1F85800A1F8A8000799B1F8820029
:107AB000A1F8AA00079A02F1580002F18001A83249
:107AC00006F0EAFF079981F8C800079A02F1A800BA
:107AD00002F1B001983206F0DFFF079981F8C80083
:107AE00000208DF81200FFE79DF81200079AB2F807
:107AF0009810B2F89A205143884217DAFFE70598A8
:107B000090ED671A0798D0F81C019DF8121000EB51
:107B1000810090ED000A20EE010A80ED000AFFE7E7
:107B20009DF8120001308DF81200DDE704208DF879
:107B30001100FFE79DF81100052832DCFFE7002067
:107B40008DF81000FFE79DF81000022822DCFFE707
:107B500005989DF8111000EB810090ED5D0A9FEDF6
:107B60005B1A80EE011A0798D0F81C0101EB410165
:107B70009DF81020114400EB810090ED000A20EEEA
:107B8000010A80ED000AFFE79DF8100001308DF832
:107B90001000D8E7FFE79DF8110001308DF81100C3
:107BA000C8E70799B1F89800A1F8B8000799012033
:107BB000A1F8BA00079A02F1980002F1C001B832A8
:107BC00006F06AFF079981F8C800059890F8380117
:107BD00000285FD0FFE704208DF80F00FFE79DF835
:107BE0000F00052855DCFFE70798D0F8BC009DF88A
:107BF0000F1000EB810090ED000A059890ED701ACF
:107C00009FED302A21EE021AB4EE410AF1EE10FA8D
:107C100011DDFFE7059890ED700A9FED2A1A20EE1E
:107C2000010A0798D0F8BC009DF80F1000EB810006
:107C300080ED000AFFE70798D0F8BC009DF80F1010
:107C400000EB810090ED000A059890ED701A9FED11
:107C50001E2A21EE021AB4EE410AF1EE10FA11DAF0
:107C6000FFE7059890ED700A9FED171A20EE010AC4
:107C70000798D0F8BC009DF80F1000EB810080ED54
:107C8000000AFFE7FFE79DF80F0001308DF80F00B5
:107C9000A5E7FFE70798D0F8BC100020C860079A56
:107CA00002F1380002F1B801303206F0D1FB079939
:107CB00081F8C800FFE708B080BD00BFCDCCCC3D47
:107CC0006666663F0AD7233C0AD723BCDA0FC93F52
:107CD00080B584B003900291029801900398D0F887
:107CE000EC00006842F2D073C2F2004318600398BF
:107CF000D0F8EC00406842F2D472C2F20042106048
:107D00000398D0F8EC00806842F2D871C2F20041CA
:107D100008600398D0F8EC00D0F80CC042F2DC7098
:107D2000C2F20040C0F800C093ED001A92ED000AC4
:107D300020EE000AA1EE010A91ED001AA1EE010A5F
:107D400090ED001AA1EE010A00F0FAF842F2E0709C
:107D5000C2F2004080ED000A00208DF80300FFE72A
:107D60009DF8030003281ADCFFE742F2E070C2F23C
:107D7000004090ED001A0398D0F8EC009DF8031035
:107D800000EB810090ED000A20EE010A80ED000A70
:107D9000FFE79DF8030001308DF80300E0E742F2B1
:107DA000D470C2F2004090ED000A019991ED701A72
:107DB00020EE010AB6EE002A20EE020A0399D1F85D
:107DC000001181ED040A42F2D871C2F2004191ED36
:107DD000000A019A92ED701A20EE010A20EE020AC2
:107DE000039AD2F8002182ED050A42F2D072C2F263
:107DF000004292ED000A019B93ED701A20EE010AF9
:107E0000BEEE001A20EE010A039BD3F8003183ED89
:107E10000A0A42F2DC73C2F2004393ED000ADDF875
:107E200004C09CED703A20EE030A20EE020ADDF851
:107E30000CC0DCF800C18CED0B0A93ED000A019B2D
:107E400093ED703A20EE030A20EE010A039BD3F86B
:107E5000003183ED100A92ED000A019A92ED703A1A
:107E600020EE030A20EE010A039AD2F8002182EDE7
:107E7000110A91ED000A019991ED703A20EE030A82
:107E800020EE020A0399D1F8001181ED160A90ED57
:107E9000000A019890ED702A20EE020A20EE010AF5
:107EA0000398D0F8000180ED170A019890ED751A3B
:107EB0000398D0F8F80090ED1C0A80EE010A80EDDE
:107EC0001C0A019890ED751A0398D0F8F80090ED0F
:107ED000230A80EE010A80ED230A0398D0F8F80007
:107EE00090ED1C0A9FED141AB4EE410AF1EE10FA5F
:107EF00009DDFFE70398D0F8F81044F20000C4F25F
:107F00001C600867FFE70398D0F8F80090ED230A9B
:107F10009FED091AB4EE410AF1EE10FA0ADDFFE70F
:107F20000398D0F8F81044F20000C4F21C60C1F8C5
:107F30008C00FFE704B080BD00401C46000000003C
:107F400084B08DED030A9DED030AB6EE001A20EE13
:107F5000010A8DED020A03980190019800900099A2
:107F600045F68620C5F63770A0EB610000900098BA
:107F700001909DED011A9DED020A20EE012ABFEE4F
:107F8000080AA2EE010A20EE410A8DED010A9DEDDC
:107F9000010A04B07047000081B0009000984FF0D3
:107FA000894181600021C4F22541C1600021C16482
:107FB000016541658165A0F85C10A0F85E104DF286
:107FC0000A72C3F6A332026680F8641080F8651066
:107FD00080F8661080F8671001B07047000000005C
:107FE00086B0059004918DF80F208DF80E309DF825
:107FF0000E000146029120B1FFE70298012813D03C
:1080000025E09DF80F000146019120B1FFE701989E
:10801000012804D007E004990020087003E00499C7
:1080200002200870FFE712E09DF80F000146009162
:1080300040B1FFE70098012808D1FFE7049901202B
:10804000087003E0049903200870FFE7FFE706B01B
:10805000704700000000000087B0069005918DF881
:1080600013208DF812309DF812000146039140B1A3
:10807000FFE7039801281FD0FFE70398022836D0B6
:1080800050E09DF813000146029140B1FFE70298CD
:10809000012808D0FFE70298022808D00BE00599D4
:1080A0000020087007E005990320087003E0059997
:1080B00007200870FFE735E09DF8130001460191A5
:1080C00060B1FFE70198012804D0FFE7019802287A
:1080D00008D00BE005990120087007E005990420FD
:1080E000087003E0059905200870FFE71AE09DF885
:1080F00013000146009180B1FFE70098012808D0E5
:10810000FFE7009802280CD1FFE7059902200870CC
:1081100007E005990620087003E00599082008701B
:10812000FFE7FFE707B0704786B0059004918DF830
:108130000F208DF80E309DF80E000146029120B1FF
:10814000FFE70298012813D025E09DF80F000146B3
:10815000019120B1FFE70198012804D007E00499BC
:108160000020087003E0049902200870FFE712E085
:108170009DF80F000146009140B1FFE700980128EB
:1081800008D1FFE704990120087003E00499032057
:108190000870FFE7FFE706B070470000000000002E
:1081A00080B584B003900291039800901930029931
:1081B0001522E8F705FA0098D0F81B106FF3DF21BD
:1081C00000EE101AB8EEC00A90ED012A90ED021AE6
:1081D00030EE420A80EE010A80ED130AD0F81B103F
:1081E000C1F3CA2100EE101AB8EEC00A90ED012AC0
:1081F00090ED021A30EE420A80EE010A80ED140A78
:10820000B0F81F20D0F81B10890D41EA82216FF3CE
:10821000DF2100EE101AB8EEC00A90ED012A90EDB1
:10822000021A30EE420A80EE010A80ED120AB0F81E
:108230001F10C1F34A0100EE101AB8EEC00A90ED0B
:10824000012A90ED021A30EE420A80EE010A80ED1A
:10825000110AB0F82110C1F34A0100EE101AB8EE6D
:10826000C00A90ED012A90ED021A30EE420A80EE2B
:10827000010A80ED150A00F15B01B0F82120C2F37C
:108280000032C38EC3F30033FFF74EFF009800F1B6
:108290005A01B0F81F20838EC2F38032C3F38033BB
:1082A000FFF79EFE009800F15801B0F81F20D20B96
:1082B000838EDB0BFFF794FE009800F15901B0F8B4
:1082C0002120C38E02F0010203F00103FFF788FEB4
:1082D000009800F15C01B0F81F20838EC2F30132D8
:1082E000C3F30133FFF7B8FE0098B0F9231000EE96
:1082F000101AB8EEC00A9FED301A20EE010A80ED88
:10830000180AB0F9251000EE101AB8EEC00A20EED7
:10831000010A80ED190AB0F9271000EE101AB8EE24
:10832000C00A20EE010A80ED1A0A00F16C0190F8F3
:10833000292090F83E3002F0030203F0030300F01E
:1083400067F8009800F16D0190F8292090F83E3010
:10835000C2F38102C3F3810300F05AF8009800F1E0
:108360006E0190F8292090F83E30C2F30112C3F359
:10837000011300F04DF800200190FFE701980F284D
:1083800018DCFFE70098DDF804C000EB0C016F314A
:10839000428D22FA0CF202F00102B0F83F3023FACB
:1083A0000CF303F0010300F033F8FFE7019801300C
:1083B0000190E3E704B080BD000000380000000039
:1083C00080B584B0039002910398019002980078E0
:1083D000A92805D1FFE702984078532801D0FFE78C
:1083E00014E002981521FEF76BFA08B9FFE70DE0DB
:1083F00001980169013101610299FFF7D1FE0198ED
:108400002E3002991522E8F7DBF8FFE704B080BDB3
:1084100086B0059004918DF80F208DF80E309DF8F0
:108420000E000146029120B1FFE70298012813D007
:1084300025E09DF80F000146019120B1FFE701986A
:10844000012804D007E004990020087003E0049993
:1084500002200870FFE712E09DF80F00014600912E
:1084600040B1FFE70098012808D1FFE704990120F7
:10847000087003E0049903200870FFE7FFE706B0E7
:10848000704700000000000081B0009000984FF499
:10849000B671018040F2946141804FF089414160A2
:1084A0000021C4F2254181600021818101B0704723
:1084B00083B0029002990091002081F861008DF84C
:1084C0000700FFE79DF807000D2816D8FFE7009882
:1084D0009DF8071000EB4101888C8988884205D0FF
:1084E000FFE70099012081F8610006E0FFE79DF8B1
:1084F000070001308DF80700E4E703B07047000083
:1085000081B0ADF80000BDF80000B0F5966F04DA58
:10851000FFE700208DF803000DE0BDF80000B0F586
:10852000E16F04DDFFE706208DF8030003E0032080
:108530008DF80300FFE79DF8030001B070470000CD
:1085400082B001908DF803109DF80310022000EB1B
:1085500041008DF8020001989DF80210405A02B0C7
:10856000704700000000000084B00290ADF80610D3
:10857000029878B1FFE7BDF8060020280AD3FFE78C
:1085800002980078202805D1FFE70298407840281B
:1085900004D0FFE700208DF80F002EE04FF6FF70AB
:1085A000ADF8040000208DF80300FFE79DF80300FC
:1085B0001D2810D8FFE7BDF8040002999DF803209C
:1085C000895C401AADF80400FFE79DF80300013014
:1085D0008DF80300EAE70299887FC97F40EA01200D
:1085E000ADF80000BDF80400BDF80010401AB0FA64
:1085F00080F040098DF80F00FFE79DF80F0004B0F0
:10860000704700000000000082B0ADF80600BDF821
:10861000060000EE100AB8EE400A9FED151A30EE83
:10862000010A9FED141A80EE010A8DED000A9DEDFE
:10863000000AB7EE001AB4EE410AF1EE10FA04DDBA
:10864000FFE74FF07E500090FFE79DED000ABFEE80
:10865000001AB4EE410AF1EE10FA05DAFFE7002045
:10866000CBF680700090FFE79DED000A02B07047E6
:108670000080BBC40000FA4310B588B00690059195
:10868000ADF8122006980190059828B1FFE7BDF8D3
:1086900012001F2804D8FFE700208DF81F009CE07F
:1086A00000200390ADF80A00FFE7BDF80A00203073
:1086B000BDF81210884219D8FFE70598BDF80A20C6
:1086C0001044BDF81210891A89B2FFF74DFF30B17E
:1086D000FFE70598BDF80A100844039006E0FFE79D
:1086E000BDF80A000130ADF80A00DEE7039820B9B2
:1086F000FFE700208DF81F006FE000208DF80900D3
:10870000FFE79DF809000D2812D8FFE703989DF8B0
:108710000910FFF715FF01999DF8092001EB4201AF
:108720008880FFE79DF8090001308DF80900E8E72F
:1087300001980399097880F820100399497880F806
:108740002110039A917FD27F41EA022141848088DF
:10875000FFF75AFF019880ED110AC088FFF754FF18
:10876000019880ED120A0089FFF74EFF019880ED15
:10877000130A4089FFF748FF019880ED140A8089A9
:10878000FFF7BEFE0146019880F85410C089FFF73C
:10879000B7FE0146019880F85510FFF789FE019950
:1087A00048688A68CB68D1F810C0D1F814E08C69A9
:1087B0008C63C1F834E0C1F830C0CB628A62486291
:1087C000C8690A6A0A64C863886D01308865012037
:1087D00081F860008DF81F00FFE79DF81F0008B0CA
:1087E00010BD00000000000080B584B0039002912D
:1087F000ADF8062003980299BDF80620FFF73CFF6C
:1088000004B080BD0000000082B001900199009189
:10881000886DC96D884205D1FFE70099002081F875
:108820006000FFE70099886DC86502B070470000DE
:1088300083B00290019102980090019808B9FFE777
:1088400064E00198006841F20001C4F2010188422D
:1088500007D1FFE7009940F67C10C2F200400860A3
:1088600054E00198006844F20041C4F200018842DB
:1088700007D1FFE7009940F68C20C2F20040086063
:1088800043E00198006844F60001C4F20001884208
:1088900007D1FFE7009940F69C30C2F20040086023
:1088A00032E00198006844F60041C4F200018842B9
:1088B00007D1FFE7009940F6AC40C2F200400860E3
:1088C00021E00198006845F20001C4F200018842ED
:1088D00007D1FFE7009940F6BC50C2F200400860A3
:1088E00010E00198006841F20041C4F201018842A1
:1088F00007D1FFE7009940F6CC60C2F20040086063
:10890000FFE7FFE7FFE7FFE7FFE7FFE703B0704799
:1089100081B00090009800210160C16181614161D6
:108920000161C1608160416080F8201080F82110F1
:108930004184C163816341630163C16281624162B9
:1089400080F8401080F84110A0F842104164816422
:10895000C164016580F8541080F855108165C165C7
:1089600080F8601080F8611001B0704700000000CE
:1089700081B000900098002101614161816101B0E6
:10898000704700000000000087B0069005918DED53
:10899000040ACDED030A02929DED030A9DED041A2F
:1089A00030EE410A8DED010A049800909DED050A14
:1089B000B8EEC00A9DED011A20EE010A02990120CD
:1089C0008840013801EE100AB8EEC11A80EE010AA3
:1089D0009DED001A30EE010A07B07047000000005C
:1089E00080B584B0039002910398009002980078BB
:1089F000013801460191032818D80199DFE801F0F8
:108A000002070C110098029900F062F80EE000983D
:108A1000029900F00DF809E00098029900F0A8F81A
:108A200004E00098029900F0E7F8FFE704B080BD89
:108A300080B588B00790069107980390069A9178C0
:108A4000D27841EA0221ADF81210069A11795279D2
:108A500041EA0221ADF81410069A9179D27941EADF
:108A60000221ADF81610BDF812109FED160A8DED1B
:108A7000020ADFED150ACDED000A10220192FFF780
:108A800083FFDDED000A019A0398B0EE401A9DEDD8
:108A9000020A80ED031ABDF81410FFF775FFDDED33
:108AA000000A019A0398B0EE401A9DED020A80ED8B
:108AB000041ABDF81610FFF767FF039880ED050A4A
:108AC00008B080BD1F850BC21F850B42000000004F
:108AD00080B588B00790069107980390069A917820
:108AE000D27841EA0221ADF81210069A1179527932
:108AF00041EA0221ADF81410069A9179D27941EA3F
:108B00000221ADF81610BDF812109FED160A8DED7A
:108B1000020ADFED150ACDED000A10220192FFF7DF
:108B200033FFDDED000A019A0398B0EE401A9DED87
:108B3000020A80ED061ABDF81410FFF725FFDDEDDF
:108B4000000A019A0398B0EE401A9DED020A80EDEA
:108B5000071ABDF81610FFF717FF039880ED080AF3
:108B600008B080BD33336BC233336B42000000006A
:108B700080B58AB0099008910998049008994988AD
:108B800005910899898806910899C98807910599DE
:108B90009FED140ADFED140A10220292FFF7F4FE93
:108BA000029A049880ED000A06999FED100A8DED57
:108BB000030ADFED0F0ACDED010AFFF7E5FEDDED5B
:108BC000010A029A0498B0EE401A9DED030A80ED66
:108BD000021A0799FFF7D8FE049880ED010A0AB03F
:108BE00080BD00BF0000B4C20000B442000034C326
:108BF000000034430000000080B58AB0099008915D
:108C000009980390089A51789278890102F0F80245
:108C100041EA92010791089A9178D378127901F08C
:108C20000301090341EA031141EA12110691089A6E
:108C300011795379927901F00F01890241EA830198
:108C400041EA9211059108998A79C97902F03F02A7
:108C500041EA022104910799BFEE000A8DED020A54
:108C6000F7EE000ACDED000A0E220192FFF78CFE0E
:108C7000DDED000A019A0398B0EE401A9DED020A5C
:108C800080ED091A0699FFF77FFEDDED000A019AD3
:108C90000398B0EE401A9DED020A80ED0A1A05997C
:108CA000FFF772FEDDED000A019A0398B0EE401A5C
:108CB0009DED020A80ED0B1A0499FFF765FE0398FB
:108CC00080ED0C0A0AB080BD81B00090009890F849
:108CD0005C0601B07047000082B001908DF803106F
:108CE00001999DF8030081F85C0602B0704700000E
:108CF00080B582B001900198009000F019F80098BA
:108D000000F5737001F094F902B080BD000000001E
:108D100080B582B001900198009004F0B9FE0098EF
:108D200000F5737001F0A0FA02B080BD00000000F1
:108D300080B582B001900198009090F85C0638B937
:108D4000FFE7009800F57370002101F02DF92BE08A
:108D5000009890F85C06012807D1FFE7009800F51D
:108D60007370012101F020F91DE0009890F85C0675
:108D7000022808D1FFE70098D0F8C80300F044F8B3
:108D800008B9FFE70EE0009890F85C06022808D1C9
:108D9000FFE70098D0F8C80300F036F808B1FFE705
:108DA000FFE7FFE7FFE7FFE702B080BD000000003C
:108DB00080B582B001900198009004F065FF0098A2
:108DC00000F5737001F070FB00980021CCF2343193
:108DD000C0F844160021C4F23431C0F8481600210E
:108DE000CCF27011C0F854160021C4F2F011C0F892
:108DF0005816002180F85C16C0F86016C0F864169A
:108E000002B080BD0000000081B00090009890F892
:108E1000200001B07047000080B582B00190019839
:108E20000090006804F098FB009880ED1A0A006832
:108E300004F09AFB009880ED190A006804F084FBA6
:108E4000009880ED1B0A02B080BD00000000000009
:108E500080B582B0019001980090FFF7DDFF009887
:108E600000F04EF802B080BD82B0019001990091EF
:108E70008869C969884205D1FFE70099002081F817
:108E8000200004E00099012081F82000FFE700990C
:108E90008869C86102B0704783B00290019102985E
:108EA0000090019800684AF20001C4F20001884273
:108EB0000CD1FFE7009940F28820C2F20040C86060
:108EC00040F2C020C2F20040086515E00198006839
:108ED0004AF20041C4F2000188420CD1FFE7009938
:108EE00040F22830C2F20040C86040F26030C2F266
:108EF00000404865FFE7FFE703B07047000000004F
:108F000081B0009001B0704781B0009000980021BE
:108F10008161C16180F820104CF6CD41C4F21C1172
:108F2000C0F8841049F69A11C4F2AD11C0F8881047
:108F300001B070470000000082B001908DF803106E
:108F400001999DF8030081F8300402B070470000D9
:108F500081B00090009890F8310401B07047000093
:108F600082B001908DF8031001999DF8030081F8FB
:108F7000310402B07047000080B582B001900198C2
:108F8000009003F035FF00985C3003F0EDFD009891
:108F9000BC3002F0E9FE009800F5E67003F078F8C6
:108FA000009800F53A7003F073F802B080BD00003D
:108FB00080B592B01190119805904065032211463A
:108FC00004F03EFA059901F15C00C1F8B0100521EA
:108FD00000220A9204F034FA05980A99BC300290F3
:108FE000B3EE090ADFED612ADFED614ACDED084AF3
:108FF0009FED605A8DED095AF0EE450AB0EE451A24
:10900000F0EE451AB0EE622AB0EE453AF0EE453A7F
:10901000B0EE454A04F0F8FF0298059901F5867113
:10902000019102F041FE0146029800EE101AB8EEDE
:10903000400A8DED000A02F037FE9DED002ADDEDBD
:10904000084A9DED095A0A990246019800EE102A35
:10905000F8EE402A9FED480ADFED480AB0EE451AC7
:10906000F0EE451AB0EE453AF0EE453AB0EE454A1C
:1090700004F0CAFF029844F6A051C2F20041022354
:109080000E939FED3F0ADFED3F0A1A4602F018FFEC
:10909000059901F5E670049001F50871039102F05D
:1090A000CFFFDDED084A9DED095A0A990246039863
:1090B00000EE102AF8EE402A9FED330A8DED060AE5
:1090C0009FED322A8DED072AF0EE450AB0EE451AE3
:1090D000F0EE451AB0EE453AF0EE453AB0EE454AAC
:1090E00004F092FF04980E9B44F60051C2F2004136
:1090F0000D910722B7EE000A8DED0F0ADFED240A6D
:10910000CDED100A03F074F8059901F53A700C9052
:1091100001F54F710B9102F093FF9DED060A9DED55
:10912000072ADDED084A9DED095A0A9902460B9877
:1091300001EE102AF8EE412AF0EE450AB0EE451A8B
:10914000F0EE451AB0EE453AF0EE453AB0EE454A3B
:1091500004F05AFF0C980D990E9B9DED0F0ADDED62
:10916000100A082203F044F812B080BDD2537B41AC
:109170006F12833A0000000000401C450000FA43D3
:109180000000104200401C460000A0420000FA44CB
:10919000000080460000000080B594B01390139842
:1091A000109090F8300401461191042800F25F817C
:1091B0001199DFE801F0034961E2BA001098BC3070
:1091C0000C9000210B9102F0C3FD109800F5E670A1
:1091D0000D9002210A9102F04FFF0A99109800F5B4
:1091E0003A700E9002F048FF0B991098FFF7B8FE06
:1091F0000C989FEDB80A8DED0F0A04F0A5FD1098AC
:109200009DED0F0A00F5867004F09EFD10989DED0F
:109210000F0A00F5E87004F097FD10989DED0F0A15
:1092200000F53B7004F090FD0C989DED0F0A02F0E4
:10923000BBFE0D989DED0F0A02F012FF0E989DEDFA
:109240000F0A02F00DFF12E11098BC3002F05CFD35
:10925000032801D1FFE70EE01098BC3002F054FD66
:10926000022807D1FFE71098BC309FED9A0A02F060
:1092700063FDFFE7FFE7FAE01098BC30032102F03E
:1092800067FD109800F5E6700221099102F0F4FEE6
:109290001098099900F53A7002F0EEFE40F62000B1
:1092A000C2F200400078012810D1FFE71098BC30CE
:1092B00002F0EAFC109800F23C4080ED000A40F613
:1092C0002001C2F2004100200870FFE7109890EDE5
:1092D000160AB3EE041A30EE010A8DED080AD0F832
:1092E000B40001F035F99DED080A01EE100AB8EE60
:1092F000C11AB4EE410AF1EE10FA11DAFFE7109844
:1093000000F23C4191ED000A9FED711A30EE010A26
:1093100081ED000ABC3091ED000A02F0CDFCFFE7C0
:109320001099012081F83004A1E01098BC3007901A
:10933000032102F00DFD109800F5E6700221069160
:1093400002F09AFE0699109800F53A7002F094FE29
:109350000798109901F23C4191ED000A9FED5B1ACC
:1093600030EE010A81ED000A91ED000A02F0A4FC42
:109370001099012081F8300479E01098BC30022166
:10938000059102F0E5FC0599109800F5E67002F0F1
:1093900073FE0599109800F53A7002F06DFE109872
:1093A000D0F8B40001F0CCF8109900EE100AB8EE35
:1093B000C00AB2EE041A80EE010AB2EE021A80EE82
:1093C000010A30EE000A9FED401A20EE010A01F278
:1093D0002C4080ED000A01F5876191ED000A90EDC7
:1093E000001AB4EE410AF1EE10FA0ADCFFE7109918
:1093F00001F1BC0001F5876191ED000A02F09CFCCF
:109400002EE0109800F22C4191ED000A00F58761E2
:10941000049191ED001A30EE410A8DED030AD0F867
:10942000B40001F095F89DED030A049902461098E6
:1094300001EE102AB8EEC11A80EE011A90ED160A5C
:10944000B3EE042A30EE022A91ED000AA1EE020AE0
:109450008DED120ABC309DED120A02F06DFCFFE7A3
:1094600040F62001C2F2004101200870FFE7109889
:1094700090F83104A8B1FFE7109901F5E67001F208
:109480003441029191ED000A02F0EAFD1098029930
:1094900000F53A7091ED000AB1EE400A02F0E0FDED
:1094A00010E0109800F5E6709FED0A0A8DED010AB4
:1094B00002F0D6FD10989DED010A00F53A7002F019
:1094C000CFFDFFE714B080BDDB0F4940F4665F407D
:1094D000C3B8323F0000000080B582B0019001980F
:1094E000009003F071FD00985C3003F075FC00986B
:1094F000BC3002F069FD009800F5E67002F0ECFE69
:10950000009800F53A7002F0E7FE0098012380F819
:1095100004344FF4C871A0F806145021A0F80814C0
:109520000021C4F22011C0F80C1442F23411A0F84A
:1095300010144FF4FA61A0F812140021C4F216417D
:10954000C0F814140021C0F81C14C0F82014C0F88E
:109550002414C0F8281440F6DB72CCF24912C0F88B
:109560002C2480F8303480F8311448F20003C4F21F
:109570002243C0F83434C0F83824C0F83C1402B098
:1095800080BD00000000000080B586B00590059801
:10959000039000F5716004F0A7FD012808D1FFE7F2
:1095A000039800F5716004F0A7FD06280ED0FFE7D0
:1095B000039841F2A801084400210291FFF78CFBB7
:1095C000039902984FF4E352885485E0039841F2DE
:1095D000A80108440121FFF77FFB039841F2744181
:1095E000084400F0C1FC02280DD0FFE703984FF4B7
:1095F000E3520021815441F2744108449FED370A3F
:1096000000F0BAFC68E003984FF4E351405CC007F7
:1096100088B9FFE7039841F27441084400F070FBF9
:10962000039941F65C40084480ED000A4FF4E35290
:1096300001208854FFE7039800F5716004F04CFDA9
:109640008DED040A9DED040AFDF70EFE039841F628
:109650005441084490ED001AB4EE410AF1EE10FABC
:1096600003DCFFE700200490FFE7039841F65C412C
:109670000144019191ED000A9DED041A41F6584113
:10968000084490ED002AA1EE020AFDF7A9FD019918
:10969000039881ED000A41F27442104491ED000AF2
:1096A00000F052FC039800F5716004F02DFD0628CF
:1096B00009D1FFE7039841F2744108449FED080A7D
:1096C00000F05AFC08E0039841F2744108449FED11
:1096D000030A00F051FCFFE706B080BD0000000067
:1096E0006666E63F0000000080B596B00FA90991BC
:1096F00015901598029000210B9114911391ADF8DB
:109700004610ADF84410ADF84210ADF840100F917E
:1097100000F6F470FFF778FB0146029841F63C42F0
:109720000192815400F51A70059003F0A9FC059888
:10973000099981ED050A03F0AFFC0598099981EDBF
:10974000040A03F061FC0598099981ED000A03F011
:10975000AFFC014602988DF83B1041F2A801084485
:10976000FFF7B2FADDF804C0029B0999024605989A
:109770008DF83A2041F614329A5C8DF8392041F682
:109780003D429A5CD20113F80CC042EA8C129DF85B
:1097900039C042EA4C129DF83AC042EACC0241F686
:1097A000384C13F80C3042EA83029DF83B301A43E0
:1097B00044F2C043C2F200430D931A7091ED050AC2
:1097C0008DED040A03F02CFC0598B0EE401A9FEDD5
:1097D000380A8DED060A30EE410A8DED030A03F0DA
:1097E0001FFCDDED030A0B98B0EE401A9DED040A54
:1097F00047F6FF710A91FCF7DFF9099902460598CF
:10980000ADF8462040F28033C2F200430C93BDF81D
:1098100046201A8091ED040A8DED080A03F00CFC35
:109820000598B0EE401A9DED060A30EE410A8DED26
:10983000070A03F001FCDDED070A0B980A99B0EE68
:10984000401A9DED080AFCF7B7F909990C9B0246EE
:109850000B98ADF84420BDF844205A8091ED000AE1
:10986000FAEE000AB2EE001AFF21FCF7A5F9099AF8
:109870000A99DDF830C003460B98ADF842309DF8E8
:1098800042308CF8043092ED030AFBEE0E0AB3EE80
:109890000E1AFCF791F90C9902460D98ADF840208C
:1098A000BDF84020A1F805200078C87116B080BD31
:1098B000000000800000000080B582B00190019897
:1098C000009041F2A8010844FFF712FA009841F213
:1098D00010710844FFF750FB009800F6F470FFF792
:1098E000B7FA0098FFF700FF02B080BD000000004B
:1098F00080B584B003900398029042F2E570C2F202
:1099000000400178013101700078322871D1FFE701
:10991000029842F2E472C2F20042019211780131DF
:10992000117000F57160FEF76FFF019800784AF63C
:10993000AA22C2F6AA224AF6AB21CAF6AA2100FB45
:109940000120B0F1553F0AD2FFE7029800F0B0F8CD
:1099500042F2E471C2F2004100200870FFE7029871
:1099600000F5716004F0C0FBC8B9FFE7029841F24E
:10997000A801084400210091FFF7AEF90298009970
:109980004FF4E352815441F210721044FFF7D4FABD
:109990000298009900F51A7003F092FBFFE7029815
:1099A00041F2A801084404F003F8029841F274411E
:1099B000084400F015FB029841F2CC71084402F013
:1099C00053FA029841F6DC01084402F0E5FB0298E4
:1099D00041F6F811084402F0DFFB029800F6F4703B
:1099E000FFF742FA42F2E571C2F20041002008702E
:1099F000FFE704B080BD000080B58AB009908DED0E
:109A0000080A0998079000F51A700090B1EE000A54
:109A10008DED010A03F01CFB00989DED010A03F097
:109A200023FB079941F688300844416505210291DE
:109A30000022039203F004FD079800F5716045F2DF
:109A4000B851C2F20041FEF7F3FE0299039A079B58
:109A5000089841F6544C43F80C0003F5DF50436579
:109A600003F0EEFC079841F2A80108440690FFF7C6
:109A70004FF9069A079800F6F4710591C2F8C813D9
:109A800041F2107108440490FFF792FA0499059886
:109A9000C1F8B80044F6A051C2F20041FFF7FCF94A
:109AA00006990798C0F8F41FC0F8F80F0AB080BDF7
:109AB00082B001900199009141F6A440085841F606
:109AC000A8428958884206D1FFE7009941F6AC4286
:109AD0000020885405E0009941F6AC4201208854EA
:109AE000FFE7009941F6A440085841F6A842885083
:109AF00002B070470000000080B582B0019001986C
:109B0000009000F02DFD009800F51A7003F0E4FAC3
:109B1000009800F56760FEF73FFA009800F5716065
:109B2000FEF7F6FE009800F67470FEF7ADFC0098A4
:109B300000F6F470FFF7E8F9009841F2A801084434
:109B4000FFF736F9009841F210710844FFF7C4FCA2
:109B5000009841F68831084403F03AFB009800F57C
:109B6000DF5003F011FC009841F638420021815487
:109B700041F63942815441F63A42815441F63B4222
:109B8000815441F63C42815441F63D42815441F6B4
:109B90003E430122C25441F63F43C1544FF4E253C5
:109BA000C25441F64443C15041F64843C15440F2C7
:109BB0008833C2F2004341F64C4C40F80C3041F679
:109BC000544C4CF6CD43C3F64C5340F80C3041F6A0
:109BD000584C4DF20A73C3F6A34340F80C3041F6DB
:109BE0005C43C1504FF4E353C15441F6644C4FF011
:109BF000804340F80C3041F6684C4FF4C87320F8AD
:109C00000C3041F66C4C41F26F23C3F6832340F8CD
:109C10000C3041F6704C4DF20A73C3F6234340F802
:109C20000C3041F6744C45F2ED13C3F6B87340F8AE
:109C30000C3041F6784C43F67153C3F60A7340F882
:109C40000C3041F67C4C46F66323C3F61A4340F8C9
:109C50000C304FF4E45C40F80C3041F6844C43F295
:109C60003333C4F2673340F80C3041F6884C43F28A
:109C70003333C4F2672340F80C3041F68C4C49F67C
:109C8000A633C3F6443340F80C3041F6904C40F80C
:109C90000C3041F69443C15241F69643C15241F60D
:109CA000A443C15041F6A843C15041F6AC43C1544E
:109CB00041F6AD43C15441F6AE43C25441F6AF4301
:109CC000C25441F6B042815441F6B1430222C2541B
:109CD00041F6B243C25441F6B342815402B080BD52
:109CE00080B582B001908DF8031001989DF80310A3
:109CF00080F850129DF8031003F086FB02B080BD7F
:109D000081B00090009890ED900A01B0704700007B
:109D100080B58CB00B900B9807905430089002F0EF
:109D2000B7FB9FED831A30EE010AFDF759FA079948
:109D3000089881ED980A02F0EBFB012813D1FFE7A8
:109D4000079890F85E02C00768B9FFE70799D1F855
:109D50006002C1F86402D1F86002C1F86802012013
:109D600081F85E0226E00798543002F0D1FB01280A
:109D70001FD1FFE7079890F85E02C007C8B1FFE760
:109D8000079890ED980A90ED991A30EE410AFDF788
:109D900027FA07998DED0A0A9DED0A1A91ED9A0AA4
:109DA00030EE010A81ED9A0AD1F86002C1F864022E
:109DB000FFE7FFE70798C030039001F065FF0798C1
:109DC00080ED9B0A90ED9A0AB1EE400A80ED9C0A64
:109DD00090ED9A1A90ED9B0A9FED562A8DED052A7B
:109DE000A1EE020A80ED9D0A90ED9C0AFDF7F8F9BC
:109DF000079880ED900A5430049002F051FB0398CC
:109E00000799B1EE400A81ED910A01F08DFF0498A7
:109E10008DED060A02F044FB9DED052A0798B0EE91
:109E2000401A9DED060AA1EE020A80ED930A90F811
:109E3000500202280AD1FFE7079890ED951A90ED9D
:109E40009D0A30EE410A80ED920A04E00799002055
:109E5000C1F84802FFE7079890F85002022864D141
:109E6000FFE7079890F85E02C00700285DD0FFE783
:109E7000079890ED750AFDF7B3F9079880ED750A1C
:109E800000F5EE709FED2C0ADFED2C0AFBF7F8FBD6
:109E9000079890ED750A90ED901A30EE410AFDF7A3
:109EA0009FF907998DED090A91ED9A0A9DED091A1E
:109EB00030EE410A81ED790A91ED790AB1EE400A5E
:109EC00081ED780A91ED760AB1EE400A81ED7A0AC9
:109ED00001F5F870019091ED770A03F029FF0198E0
:109EE000079991ED920A04F0D3F8019803F038FF36
:109EF000019804F0C5F807988DED020A543002F07D
:109F0000CFFA0799B0EE401A9DED020A9FED0C2A98
:109F1000A1EE020A01F5F67081ED7B0ABBEE040AA0
:109F2000F3EE040AFBF7ACFBFFE70CB080BD00BF0B
:109F3000DB0F49C06666863F000000006666E63FAC
:109F4000666686BF0000000080B584B003908DED8A
:109F5000020A039801909DED020AFDF741F901986C
:109F600080ED750A04B080BD81B00090009890F833
:109F7000500201B07047000080B584B003908DEDB1
:109F8000020A0398019002A89FED050ADFED050A79
:109F9000FBF776FB01990298C1F8DC0104B080BDA3
:109FA000000000006666E63F82B001908DF8031065
:109FB00001999DF8030081F8D00102B070470000BC
:109FC00081B000900099002081F85E02C1F8600223
:109FD000C1F86402C1F86802C1F8700201B07047AC
:109FE00080B582B0019001980090543002F0B0FA30
:109FF0000098C03001F038FF02B080BD00000000C2
:10A0000080B582B0019000910198C030009901F0B4
:10A010006BFE02B080BD000080B582B0019000915F
:10A0200001985430009902F05BFA02B080BD000044
:10A0300080B582B0019001980090FFF769FE00980A
:10A0400000F00EF8009800F08BF90098C03001F095
:10A050008BFE0098543002F043FB02B080BD00003C
:10A0600080B586B005900598039090F8511000EBEC
:10A07000C102516801315160543002F049FA014681
:10A0800003980139B1FA81F149098DF81310C030F4
:10A0900001F042FE0138B0FA80F040098DF812005C
:10A0A0009DF81300C00728B1FFE79DF81200C00714
:10A0B000E8B9FFE703990020A1F85C029DF81300BE
:10A0C000C00748B9FFE79DF81200C00720B9FFE7B5
:10A0D0000398FFF775FFFFE7039890F8500228B147
:10A0E000FFE703980021FFF7FBFDFFE7B2E00398CD
:10A0F00090F8500201460291032800F2A6800299CE
:10A10000DFE801F0021B9798039890F8D00101282E
:10A1100012D1FFE7039890F85E02C00760B1FFE735
:10A120000398D0F86812C0F858120021A0F85C1209
:10A130000121FFF7D5FDFFE78CE0039890F8D001EF
:10A1400038B9FFE703980021A0F85C12FFF7C8FDBB
:10A1500080E0039890F8511000EBC100406865283A
:10A1600066D3FFE70398C03001F0DEFDFDF77CF811
:10A170009FED391AB4EE410AF1EE10FA15DAFFE755
:10A180000398C03001F088FDFDF76EF89FED331A9B
:10A19000B4EE410AF1EE10FA07DBFFE70399B1F8DC
:10A1A0005C020130A1F85C0204E003990020A1F8F0
:10A1B0005C02FFE70398B0F85C02642823DBFFE74A
:10A1C0000398D0F87412C0F85412D0F84012C0F8B6
:10A1D000D41100210191C0F8DC11D0F86822C0F838
:10A1E000E421C0F8E811C0F8EC1100F5F8709FED1B
:10A1F0001C0A03F0A9FD01990398A0F85C12022142
:10A20000FFF76EFD13E0039890F8511000EBC100CA
:10A21000406841F20501884208D3FFE70398002116
:10A22000A0F85C120321FFF75BFDFFE7FFE7FFE704
:10A2300010E00FE0039890F8D00128B9FFE70398E9
:10A240000021FFF74DFDFFE704E003980021FFF731
:10A2500047FDFFE706B080BDCDCC4C3D00C0284592
:10A26000000000000000000080B588B0079007984B
:10A27000049054306A4600210691116044F6005162
:10A28000C2F20041062203239FED2E0AF1EE040ADA
:10A2900002F00AFC0498069BC030019044F660412D
:10A2A000C2F20041042205929FED270ADFED270A42
:10A2B00001F006FE01989FED260A8DED030A01F0DC
:10A2C00073FE9DED035A0498069900F588709FED82
:10A2D000210ADFED212ADFED214ACDED024AF0EE21
:10A2E000450AB0EE451AF0EE451AB0EE452AB0EE3A
:10A2F000453AF0EE453AB0EE454A03F085FEDDED15
:10A30000024A9DED035A0498069900F5F870B2EEE2
:10A31000040AF3EE042AF0EE450AB0EE451AF0EE18
:10A32000451AB0EE452AB0EE453AF0EE453AB0EEA9
:10A33000454A03F069FE04980599069A03F080F8EF
:10A3400008B080BD000048420000104200401C469A
:10A350000000000000007A4400A00C466F12833A0F
:10A3600080B58CB00B900B980A9090F8D001012822
:10A3700044D1FFE70A9890F8500201283ED1FFE748
:10A380000A9854300990012102F0CAF80998032173
:10A3900002F0D2F809980A9991ED960A02F088F82D
:10A3A00009989FED3F0A02F08FF80A9890F8511033
:10A3B00000EBC100406865280CD3FFE70A98C03065
:10A3C0000890022101F0C4FC0898B8EE080A01F0D8
:10A3D000B3FC12E00A98C0300690002101F0B8FCEE
:10A3E00006989FED2F0A8DED070A01F071FC069883
:10A3F0009DED070A01F0D8FDFFE74EE00A9890F8BE
:10A40000D001012829D1FFE70A9890F850020228CC
:10A4100023D1FFE70A9854300490012102F080F81C
:10A420000498032102F088F804980A9991ED790ABA
:10A4300002F03EF804980A9991ED7A0A02F044F885
:10A440000A98C0300590022101F082FC0A99059813
:10A4500091ED7B0A01F070FC1EE00A9854300090E8
:10A460000021019102F05CF800989FED0D0A8DED3E
:10A47000030A02F029F80A980199C030029001F00D
:10A4800067FC02989DED030A01F022FC02989DED05
:10A49000030A01F089FDFFE7FFE70CB080BD00BFB4
:10A4A000000000000000000080B584B00390039815
:10A4B000019002F0F5FF0198543002F03DFB019845
:10A4C000C03001F081FD01980021029180F8D01187
:10A4D000C0F8D4110022C4F2A002C0F8D821C0F8FC
:10A4E000DC11C0F8E011C0F8E411C0F8E811C0F8C0
:10A4F000EC1100F5F87003F0D7FD01980299C0F84F
:10A500004012C0F84412C0F84812C0F84C1280F84B
:10A510005012C0F85412C0F85812A0F85C1280F81B
:10A520005E12C0F86012C0F86412C0F86812C0F879
:10A530006C12C0F87012C0F8741204B080BD000034
:10A5400081B000900098B0F8560001B0704700004C
:10A5500081B000900098B0F8580001B0704700003A
:10A5600080B582B001900198009000210170417285
:10A57000052282720222C27202730161416100F2FD
:10A58000331002F031FF009800F23B1002F00CFF94
:10A59000009800F5A87002F00FFF009800F5BA705F
:10A5A00002F012FF009800F2C51002F015FF0098AB
:10A5B00000F2252002F020FF009802B080BD0000CC
:10A5C00080B582B001900198009044F20001C4F27D
:10A5D0009C614160083002F063FF00980021016730
:10A5E000416780F8801080F88110022280F8822074
:10A5F00080F8831080F88410C0F8A410C0F8A81068
:10A60000C0F8AC10C0F8B010C0F8B41002B080BDF3
:10A6100081B00090009940F2CC00C2F20040026884
:10A620004DF68363C4F21B33A2FB0332920C8A60A3
:10A63000006844F6D352C1F26202A0FB02208009F6
:10A64000C86001B07047000080B584B003900291EB
:10A650000398019000F09CFE30B1FFE70199087962
:10A6600040F08000087108E0019800F019FA0199A3
:10A670000246087910430871FFE7019800F0E4FDF5
:10A6800030B1FFE70199087940F04000087108E017
:10A69000019800F06DF9019902460879104308719C
:10A6A000FFE70198407928B1FFE70198029900F08F
:10A6B0008FFA26E002994BF21F30C3F67B00486206
:10A6C00002994DF2C970C3F66B308862029944F664
:10A6D0002F70CBF6E220C86202994CF65830C4F2D3
:10A6E0001B100863029890ED0C1A9FED080A80EE8B
:10A6F000010A80ED080A02990020C4F22020886136
:10A70000FFE70198007904B080BD00BFC3F51C418C
:10A7100080B586B0059004910598029042F2E872E7
:10A72000C2F2004203921221062300F0E1FF0298D8
:10A73000039A1178537841EA032142F2E673C2F298
:10A7400000431980B3F9001000EE101AB8EEC00AE9
:10A7500040F20001C2F2004191ED001A20EE010A20
:10A76000DDF810C08CED000A92F802C092F803E008
:10A770004CEA0E2CA3F800C0B3F900C000EE10CADA
:10A78000B8EEC00A91ED001A20EE010ADDF810C003
:10A790008CED010A92F804C092F805E04CEA0E2C08
:10A7A000A3F800C0B3F9003000EE103AB8EEC00ACA
:10A7B00091ED001A20EE010A049981ED020A0021B0
:10A7C000082300F05DFF039800780F2840F0958083
:10A7D000FFE70298407900284AD0FFE742F2E87389
:10A7E000C2F200439878D97840EA012042F2E6713B
:10A7F000C2F200410880B1F9000000EE100AB8EE84
:10A80000C01A40F20400C2F2004090ED002A049AFF
:10A8100092ED090A91EE020A82ED030A1A7993F881
:10A8200005C042EA0C220A80B1F9002000EE102A8D
:10A83000B8EEC01A90ED002A049A92ED0A0A91EE41
:10A84000020A82ED040A9A79DB7942EA03220A803D
:10A85000B1F9001000EE101AB8EEC01A90ED002AFF
:10A86000049890ED0B0A91EE020A80ED050A43E090
:10A8700042F2E873C2F200439878D97840EA0120A6
:10A8800042F2E671C2F200410880B1F9000000EE28
:10A89000100AB8EEC00A40F20400C2F2004090ED87
:10A8A000001A20EE010A049A82ED030A1A7993F83D
:10A8B00005C042EA0C220A80B1F9002000EE102AFD
:10A8C000B8EEC00A90ED001A20EE010A049A82ED5B
:10A8D000040A9A79DB7942EA03220A80B1F900106E
:10A8E00000EE101AB8EEC00A90ED001A20EE010A30
:10A8F000049880ED050AFFE7FFE7029842F2E8724C
:10A90000C2F2004201922221022300F0F1FE0199DD
:10A9100008784978C00040EA511142F2E670C2F26C
:10A9200000400180B0F90000B0F5806F09DBFFE75F
:10A9300042F2E671C2F200410888A0F5006008808A
:10A94000FFE742F2E670C2F20040B0F9000000EE0C
:10A95000100AB8EEC01AB4EE002AB3EE070AA1EE50
:10A96000020A049880ED070A06B080BD00000000CE
:10A9700080B58AB0089008980590002103918DF861
:10A980001F108DF81E100DF11E02049200F0ECFE57
:10A9900005989621069101F027F80399049A0598E5
:10A9A00000F0E2FE0598069901F01EF805981421C2
:10A9B000B62200F02DFF0598502100F0C9FF039941
:10A9C000049A059800F0D0FE0598069901F00CF85D
:10A9D0000399049A059800F0C7FE0598069901F0BE
:10A9E00003F89DF81E000F2804D0FFE7FF208DF824
:10A9F00027004FE000208DF81F00FFE79DF81F00A3
:10AA0000052843DCFFE705989DF81F1001EB410383
:10AA100040F2A411C2F200410291CA18C95C5278F6
:10AA200000F0F6FE05989621019100F0DDFF0598F3
:10AA300002999DF81F2002EB4202895C0DF11E0273
:10AA400000F092FE0598019900F0CEFF02999DF862
:10AA50001E009DF81F2002EB4202114449788842F3
:10AA60000DD0FFE79DF81F0000EB400140F2A4105D
:10AA7000C2F20040084480788DF827000AE0FFE722
:10AA80009DF81F0001308DF81F00B7E700208DF8FA
:10AA90002700FFE79DF827000AB080BD00000000F6
:10AAA00080B58AB0089008980590002103918DF830
:10AAB0001F108DF81E100DF11F02049200F07CFE95
:10AAC00005989621069100F08FFF0399049A059846
:10AAD00000F072FE0598069900F086FF05987E2129
:10AAE000B62200F0B9FE0598502100F031FF03991D
:10AAF000049A059800F060FE0598069900F074FF2E
:10AB00000399049A059800F057FE0598069900F0FD
:10AB10006BFF9DF81F001E2804D0FFE7FF208DF873
:10AB200027004FE000208DF81E00FFE79DF81E0073
:10AB3000052843DCFFE705989DF81E1001EB410353
:10AB400040F2B611C2F200410291CA18C95C5278B3
:10AB500000F082FE05989621019100F045FF0598CE
:10AB600002999DF81E2002EB4202895C0DF11F0242
:10AB700000F022FE0598019900F036FF02999DF839
:10AB80001F009DF81E2002EB4202114449788842C2
:10AB90000DD0FFE79DF81E0000EB400140F2B6101B
:10ABA000C2F20040084480788DF827000AE0FFE7F1
:10ABB0009DF81E0001308DF81E00B7E700208DF8CB
:10ABC0002700FFE79DF827000AB080BD00000000C5
:10ABD00080B594B006AA0292139012911398039034
:10ABE000002011901090FAF73FFF42F2F070C2F28D
:10ABF000004080ED000AFFE7FAF736FF42F2F070FE
:10AC0000C2F2004090ED001A30EE410AB2EE041A92
:10AC1000B4EE410AF1EE10FA1EDDFFE712994BF295
:10AC20001F30C3F67B00486212994DF2C970C3F61B
:10AC30006B308862129944F62F70CBF6E220C8621E
:10AC400012994CF65830C4F21B1008631299002078
:10AC5000C4F220208861E1E29FEDE40AFCF720FBCA
:10AC60001299002008631299486212998862129919
:10AC7000C862ADF81600FFE7BDF8160040F2C81133
:10AC8000C2F200410988884280F2DA81FFE7039826
:10AC9000122110AA0192062300F02AFD9DF840001F
:10ACA0009DF8411040EA0120ADF83E00BDF93E009C
:10ACB00000EE100AB8EEC00A40F20000C2F20040F6
:10ACC00090ED001A20EE010A129981ED000A9DF81C
:10ACD00042109DF8432041EA0221ADF83E10BDF933
:10ACE0003E1000EE101AB8EEC00A90ED001A20EEE9
:10ACF000010A129981ED010A9DF844109DF8452042
:10AD000041EA0221ADF83E10BDF93E1000EE101AE6
:10AD1000B8EEC00A90ED001A20EE010A129880EDFC
:10AD2000020A129890ED002A90ED010A90ED021AA5
:10AD300020EE000AA2EE020AA1EE010A04F06AFA6D
:10AD400002990398019A81ED020A91ED021A129973
:10AD500091ED0C0A30EE010A81ED0C0A0021082366
:10AD600000F08EFC9DF840000F285FD1FFE79DF8B2
:10AD700042009DF8431040EA0120ADF83E00BDF9C5
:10AD80003E0000EE100AB8EEC00A40F20400C2F223
:10AD9000004090ED001A20EE010A129981ED030A9D
:10ADA000129991ED031A91ED090A30EE010A81ED35
:10ADB000090A9DF844109DF8452041EA0221ADF8AA
:10ADC0003E10BDF93E1000EE101AB8EEC00A90ED2C
:10ADD000001A20EE010A129981ED040A129991EDF0
:10ADE000041A91ED0A0A30EE010A81ED0A0A9DF873
:10ADF00046109DF8472041EA0221ADF83E10BDF90A
:10AE00003E1000EE101AB8EEC00A90ED001A20EEC7
:10AE1000010A129880ED050A129890ED051A90ED3E
:10AE20000B0A30EE010A80ED0B0AFFE7BDF81600B1
:10AE300038BBFFE7089807900898069000208DF827
:10AE40001500FFE79DF81500022819DCFFE71298AE
:10AE50009DF8152000EB8200C0680CA941F8220083
:10AE600012989DF8152000EB8200C06809A941F8EE
:10AE70002200FFE79DF8150001308DF81500E1E78D
:10AE800064E0029890ED020A90ED011AB4EE410AD6
:10AE9000F1EE10FA03DDFFE708980790FFE702984C
:10AEA00090ED020A90ED001AB4EE410AF1EE10FAAC
:10AEB00003DAFFE708980690FFE700208DF81400FA
:10AEC000FFE79DF8140002283FDCFFE712989DF889
:10AED000141000EB810090ED030A0CA800EB810038
:10AEE00090ED001AB4EE410AF1EE10FA0ADDFFE728
:10AEF00012989DF8142000EB8200C0680CA941F85C
:10AF00002200FFE712989DF8141000EB810090EDED
:10AF1000030A09A800EB810090ED001AB4EE410A83
:10AF2000F1EE10FA0ADAFFE712989DF8142000EB10
:10AF30008200C06809A941F82200FFE7FFE79DF8F9
:10AF4000140001308DF81400BBE7FFE7029890ED84
:10AF5000010A90ED001A30EE410A44F2C440C2F2F8
:10AF6000004080ED000A00208DF81300FFE79DF8F7
:10AF7000130002281DDCFFE79DF813100CA800EB5E
:10AF8000810090ED000A09A800EB810090ED001A05
:10AF900030EE410A44F2C840C2F2004000EB8100AA
:10AFA00080ED000AFFE79DF8130001308DF81300D3
:10AFB000DDE744F2C440C2F2004090ED000AB6EE74
:10AFC000001AB4EE410AF1EE10FA2DDCFFE744F26C
:10AFD000C840C2F2004090ED000A9FED961AB4EE10
:10AFE000410AF1EE10FA1FDC02E000BF0AD7A33BD2
:10AFF00044F2C840C2F2004090ED010A9FED8D1A64
:10B00000B4EE410AF1EE10FA0EDCFFE744F2C8405C
:10B01000C2F2004090ED020A9FED861AB4EE410A9A
:10B02000F1EE10FA01DDFFE70AE09FED830AFCF77D
:10B0300037F9FFE7BDF816000130ADF816001BE642
:10B0400040F2C810C2F20040008800EE100AB8EECC
:10B05000401A129890ED0C0A80EE010A80ED0C0A5D
:10B0600000208DF81200FFE79DF8120002281BDC7B
:10B07000FFE740F2C810C2F20040008800EE100A5C
:10B08000B8EE401A12989DF8121000EB810090ED76
:10B09000090A80EE010A80ED090AFFE79DF8120017
:10B0A00001308DF81200DFE70398222110AA022355
:10B0B00000F01EFB9DF840009DF84110C00040EAE2
:10B0C0005110ADF83E00BDF93E00B0F5806F07DBD2
:10B0D000FFE7BDF83E00A0F50060ADF83E00FFE7D9
:10B0E000BDF93E0000EE100AB8EEC01AB4EE002A18
:10B0F000B3EE070AA1EE020A129880ED060A42F2A8
:10B10000FE71C2F20041088801300880FFE744F276
:10B11000C440C2F2004090ED000A0120B6EE001AD1
:10B12000B4EE410AF1EE10FA009071DCFFE71298DC
:10B1300090ED0C0A9FED411A30EE010AB0EEC00A04
:10B140000120B6EE001AB4EE410AF1EE10FA0090BA
:10B150005EDCFFE744F2C840C2F2004090ED000A16
:10B1600001209FED341AB4EE410AF1EE10FA00907E
:10B170004EDCFFE744F2C840C2F2004090ED010A05
:10B1800001209FED2C1AB4EE410AF1EE10FA009066
:10B190003EDCFFE744F2C840C2F2004090ED020AF4
:10B1A00001209FED241AB4EE410AF1EE10FA00904E
:10B1B0002EDCFFE7129890ED090AB0EEC00A0120DC
:10B1C0009FED1F1AB4EE410AF1EE10FA00901FDC59
:10B1D000FFE7129890ED0A0AB0EEC00A01209FED39
:10B1E000181AB4EE410AF1EE10FA009010DCFFE7F5
:10B1F000129890ED0B0AB0EEC00A9FED111A0020D4
:10B20000B4EE410AF1EE10FAC8BF01200090FFE74A
:10B210000098C00700287FF4EFACFFE7129890ED8C
:10B220000C1A9FED080A80EE010A80ED080A14B09E
:10B2300080BD00BF9A99193E6F12033ACDCC1CC154
:10B240000AD7233CC3F51C4180B58AB00890089802
:10B250000590002102918DF81F108DF81E100DF140
:10B260001F02039200F080FA05989621049100F0E5
:10B27000BBFB0299039A059800F076FA04990598A9
:10B2800000F0B2FB05981421B62200F0C1FA05982F
:10B290005021069100F05CFB0299039A059800F09A
:10B2A00063FA0499059800F09FFB0299039A0598A8
:10B2B00000F05AFA0499059800F096FB05983C2195
:10B2C000012200F0A5FA0598069900F041FBFFE77E
:10B2D00005983C210DF11F0200F046FA05989621D1
:10B2E00000F082FB9DF81E0001308DF81E00FFE784
:10B2F0009DF81F10002089070029019008D4FFE75E
:10B300009DF81E1000200A29B8BF01200190FFE718
:10B310000198C0070028DBD1FFE79DF81E000A282E
:10B3200004D1FFE740208DF827000DE09DF81F00B5
:10B330004007002804D5FFE740208DF8270003E0F0
:10B3400000208DF82700FFE79DF827000AB080BD98
:10B3500080B584B003908DF80B10039801909DF890
:10B360000B100268917200680068694601230B6047
:10B3700040F60001C5F602010822F4F725F801980D
:10B38000006890F88A0004B080BD00000000000052
:10B3900080B596B0149014980C9000210A91ADF8E5
:10B3A00040100F918DF83B108DF83A100DF13B02D3
:10B3B0000B9200F001FA0C9896210D9100F014FB0D
:10B3C0000A990B9A0C9800F0F7F90C980D9900F077
:10B3D0000BFB0C987E21B62200F03EFA0C9850210F
:10B3E00000F0B6FA0A990B9A0C9800F0E5F90C985F
:10B3F0000D9900F0F9FA0A990B9A0C9800F0DCF913
:10B400000C980D9900F0F0FA9DF83B001E2804D02E
:10B41000FFE7FF208DF857002EE100208DF83A005D
:10B42000FFE79DF83A00032847DCFFE70C989DF8FA
:10B430003A1001EB41034FF21861C0F60101099186
:10B44000CA18C95C527800F007FA0C989621089146
:10B4500000F0CAFA0C9809999DF83A2002EB4202D2
:10B46000895C0DF13B0200F0A7F90C98089900F0F7
:10B47000BBFA09999DF83B009DF83A2002EB420285
:10B480001144497888420DD0FFE79DF83A0000EB5F
:10B4900040014FF21860C0F60100084480788DF832
:10B4A0005700E9E00C98502100F052FAFFE79DF8B0
:10B4B0003A0001308DF83A00B3E700208DF83A00E9
:10B4C000FFE79DF83A00012875DCFFE70C989DF82E
:10B4D0003A1001EB41014FF21862C0F601020792E7
:10B4E0000A44117B527B00F0B7F90C989621069123
:10B4F00000F07AFA0C98079A9DF83A1001EB410196
:10B500001144097B0DF13B0200F056F90C980699A5
:10B5100000F06AFA079A9DF83B009DF83A1001EB9B
:10B5200041011144497B88420DD0FFE79DF83A0064
:10B530004FF21861C0F6010100EB40000844807B27
:10B540008DF8570098E00C98502100F001FA0C9803
:10B5500012210FAA062300F0CBF89DF83C009DF8BD
:10B560003D1040EA01209DF83A1001EB410211A97B
:10B5700021F812009DF83E009DF83F2040EA02208D
:10B580009DF83A2002EB420201EB420250809DF806
:10B5900040009DF8412040EA02209DF83A2002EB4D
:10B5A000420201EB42018880FFE79DF83A0001303A
:10B5B0008DF83A0085E70C986D210491002200F087
:10B5C0004BF90C989621059100F00EFA04990C980D
:10B5D0000DF13B0200F0F0F80C98059900F004FA28
:10B5E0009DF83B0020B1FFE704208DF8570043E0B1
:10B5F0000C987E21B62200F02FF90C98502100F013
:10B60000A7F9BDF94400BDF94A10401A40F255515E
:10B61000884213DBFFE7BDF94600BDF94C10401A24
:10B6200040F25551884209DBFFE7BDF94800BDF9FA
:10B630004E10401AB0F52A7F04DAFFE780208DF81B
:10B64000570019E00C98002103910DF13B02019283
:10B6500000F0B2F80C989621029100F0C5F9019A19
:10B660000C98039900F0A8F80C98029900F0BCF926
:10B6700003988DF85700FFE79DF8570016B080BD7E
:10B6800080B586B005908DF8131003928DF80B30BD
:10B690000598019040F60000C5F602000821EBF77E
:10B6A0005BF901989DF8131041F08001FFF750FEFF
:10B6B000FFE79DF80B0078B1FFE701985521FFF7F0
:10B6C00047FE039908700398013003909DF80B0022
:10B6D00001388DF80B00ECE740F60000C5F60200DB
:10B6E0000821EBF739F906B080BD0000000000002A
:10B6F00080B586B005908DF8131003928DF80B304D
:10B700000598019040F60000C5F602000121EBF714
:10B7100023F901989DF8131041F08001FFF718FEFE
:10B7200001989DF8131041F08001FFF711FEFFE72B
:10B730009DF80B0078B1FFE701985521FFF708FE4F
:10B74000039908700398013003909DF80B000138AD
:10B750008DF80B00ECE740F60000C5F60200012171
:10B76000EBF7FAF806B080BD80B586B005908DF88D
:10B77000131003920598009040F60000C5F60200F1
:10B78000029008210191EBF7E7F800989DF813105B
:10B7900041F08001FFF7DCFD00985521FFF7D8FD4F
:10B7A000019902460298039B1A70EBF7D5F806B090
:10B7B00080BD00000000000080B588B007908DF8C3
:10B7C0001B1005920798029040F60000C5F6020093
:10B7D000049001210391EBF7BFF802989DF81B102C
:10B7E00041F08001FFF7B4FD029855210191FFF768
:10B7F000AFFD01990298FFF7ABFD0399024604984B
:10B80000059B1A70EBF7A8F808B080BD0000000097
:10B8100080B586B005908DF813108DF8122005982C
:10B82000019040F60000C5F6020003900821029145
:10B83000EBF792F801989DF81310FFF789FD019836
:10B840009DF81210FFF784FD02990398EBF784F836
:10B8500006B080BD0000000080B586B005908DF870
:10B8600013108DF812200598019040F60000C5F6DF
:10B870000200039001210291EBF76EF801989DF808
:10B880001310FFF765FD01989DF81210FFF760FD9A
:10B8900002990398EBF760F806B080BD0000000045
:10B8A00080B586B0049003910292049801900398A9
:10B8B00020B9FFE700208DF8170045E003980068E5
:10B8C00043F20001C4F20101884207D1FFE7019968
:10B8D00040F2E440C2F20040086025E003980068AE
:10B8E00043F60001C4F20001884207D1FFE7019945
:10B8F00040F2F850C2F20040086014E0039800687B
:10B9000043F60041C4F20001884207D1FFE70199E4
:10B9100040F20C70C2F20040086003E000208DF895
:10B92000170011E0FFE7FFE7FFE70198FEF770FE61
:10B93000FFE701980299FEF787FE08B1FFE7F8E7F5
:10B9400001208DF81700FFE79DF8170006B080BDB5
:10B9500087B00690ADF81610069900200490039069
:10B960000290019000904EF21400CEF200000068A8
:10B970000090BDF81600C968484304904EF21800C4
:10B98000CEF2000000680390FFE74EF21800CEF2FE
:10B990000000006802900298039988421ED0FFE7D9
:10B9A00002980399884207D2FFE703980299411A47
:10B9B00001980844019008E000980299401A039900
:10B9C0000144019808440190FFE702980390019810
:10B9D0000499884201D3FFE701E0FFE7D5E707B00C
:10B9E000704700000000000087B00690ADF8161008
:10B9F00006990020049003900290019000904EF26E
:10BA00001400CEF2000000680090BDF816008968AE
:10BA1000484304904EF21800CEF2000000680390F4
:10BA2000FFE74EF21800CEF2000000680290029884
:10BA3000039988421ED0FFE702980399884207D2F3
:10BA4000FFE703980299411A01980844019008E021
:10BA500000980299401A0399014401980844019002
:10BA6000FFE70298039001980499884201D3FFE709
:10BA700001E0FFE7D5E707B07047000000000000D5
:10BA800081B0009000980021017101224271816013
:10BA9000C16001B07047000082B001900091009930
:10BAA0004FF07E500860009900204860009988603F
:10BAB0000099C86002B0704781B0009000984FF0C4
:10BAC0007E510160002141600022C4F27A4282600E
:10BAD000C1600161416101B07047000000000000D9
:10BAE00080B586B0059005980090D0F8A0002C3065
:10BAF0000190019804A9FAF7CFFE019802300DF1E8
:10BB00000E01FAF7C9FE0198043003A9FAF7C4FE42
:10BB1000019806300DF10A01FAF7BEFE009890F880
:10BB2000B40001282CD1FFE70099BDF81000D1F82E
:10BB3000E020801AADF81200BDF91200B1F8B6107D
:10BB40004A42C1EBD271B0EB610F07DAFFE700990F
:10BB5000D1F8E8000130C1F8E80010E00099BDF923
:10BB60001200B1F8B610B0EB510F07DDFFE70099F6
:10BB7000D1F8E8000138C1F8E800FFE7FFE7FFE788
:10BB80000098D0F8E810B0F8B620BDF8103001FBEE
:10BB90000231C0F8E41090ED2B1A90ED390AB8EE9E
:10BBA000C00AB0F8B61002EE101AB8EE422A80EEC3
:10BBB000020A9FED312A20EE020A80EE010A80ED92
:10BBC000320A90ED2B1A90ED390AB8EEC00AB0F89F
:10BBD000B61002EE101AB8EE422A80EE020A30EEDB
:10BBE000000A9FED262A20EE020A80EE010A80ED6F
:10BBF000330ABDF90E1000EE101AB8EEC00A9FED20
:10BC0000201A20EE010A90ED2B1A80EE010A80ED39
:10BC1000340ABDF90E1000EE101AB8EEC00AB1EEEB
:10BC2000081A20EE010A90ED2B1A80EE010A80ED31
:10BC3000350ABDF90C1000EE101AB8EEC00A80EDFE
:10BC4000360ABDF90A1000EE101AB8EEC00A9FEDD0
:10BC50000D1A30EE010A80ED370ABDF81010C0F859
:10BC6000E01090F8B40028B9FFE70099012081F8AE
:10BC7000B400FFE706B080BD0000B443DB0F4940CD
:10BC80005077D63D3393884381B00090009890ED73
:10BC9000330A01B07047000081B00090009890ED29
:10BCA000360A01B07047000081B000900098B0F8EB
:10BCB000B80001B07047000082B001908DED000A1D
:10BCC00001990098C1F8000102B07047000000001F
:10BCD00082B001908DED000A01990098C1F8080129
:10BCE00002B070470000000080B582B00190009162
:10BCF0000198D0F8BC100131C0F8BC10FFF7F0FE7D
:10BD000002B080BD0000000081B00090009890F863
:10BD1000F40001B07047000081B00090009890F8E6
:10BD2000C40001B07047000081B00090009890ED11
:10BD3000340A01B07047000082B001908DED000A16
:10BD400001990098C1F8040102B07047000000009A
:10BD500082B001908DF8031001999DF8030081F8DD
:10BD6000F40002B07047000080B586B005900598D9
:10BD7000039090F8F4000146049103286AD80499CE
:10BD8000DFE801F00214263E039890ED2C1A90EDA6
:10BD9000420A80EE010AB0F8B81001EE101AB8EEAF
:10BDA000C11A20EE010A80ED430A58E0039890ED95
:10BDB0002C1A90ED420A80EE010AB0F8B81001EE9C
:10BDC000101AB8EEC11A20EE010A80ED430A46E0CF
:10BDD000039901F15000029091ED410A01F0A8FF92
:10BDE0000298039991ED340A02F052F9029801F099
:10BDF000B7FF029802F044F9039880ED430A2EE061
:10BE0000039890ED400A01F093FF039890ED330AF8
:10BE100002F03EF9039801F0A3FF039802F030F915
:10BE2000039981ED410A01F15000019091ED410A21
:10BE300001F07EFF0198039991ED340A02F028F990
:10BE4000019801F08DFF019802F01AF9039880ED36
:10BE5000430A04E003990020C1F80C01FFE70398AE
:10BE600000F08AF806B080BD80B584B003900399D5
:10BE70000291D1F8BC00D1F8C010884211D1FFE77F
:10BE80000298002180F8C4109FED0C0A8DED010A84
:10BE900001F05AFF02989DED010A503001F054FF65
:10BEA00004E00299012081F8C400FFE70299D1F86B
:10BEB000BC00C1F8C00004B080BD00BF000000009D
:10BEC00080B586B0059004918DF80F208DF80E3066
:10BED0008DED020ACDED010A0598009004980068E6
:10BEE0004AF20001C4F20001884208D1FFE700993C
:10BEF00040F28820C2F20040C1F8A00023E004987C
:10BF000000684AF20041C4F20001884208D1FFE70C
:10BF1000009940F22830C2F20040C1F8A00011E0C0
:10BF2000049800684DF20041C4F20001884208D133
:10BF3000FFE7009940F28830C2F20040C1F8A0004B
:10BF4000FFE7FFE7FFE700999DF80F0081F8A400E5
:10BF50009DF80E0081F8F4000298C1F8AC00019839
:10BF6000C1F8B00004989DF80F10F9F749FC00994A
:10BF7000C1F8A80006B080BD81B00090009991ED95
:10BF8000430ABDEEC00A10EE100A000AD1F8A8203C
:10BF9000107091ED430ABDEEC00A10EE100AD1F800
:10BFA000A810487001B0704780B582B001908DED47
:10BFB000000A01980099C0F80C11FFF7DDFF02B0EC
:10BFC00080BD00000000000080B582B001900198A3
:10BFD000009002F069F80098503002F065F800987F
:10BFE0000021C4F21021C0F8AC10002180F8B41078
:10BFF0004FF40052A0F8B62042F21072A0F8B82018
:10C00000C0F8BC10C0F8C01080F8C410032280F83B
:10C01000F420C0F8F810C0F8FC10C0F80011C0F807
:10C020000411C0F80811C0F80C1102B080BD000066
:10C0300081B00090009890ED390A01B0704700007F
:10C0400081B000900098B0F8C40001B070470000C3
:10C0500081B00090009890ED370A01B07047000061
:10C0600082B001908DED000A01990098C1F810018D
:10C0700002B070470000000082B001908DF80310FC
:10C0800001999DF8030081F8000102B0704700009B
:10C0900080B586B005900598039090F800010146A0
:10C0A000049103286DD80499DFE801F00214263EBC
:10C0B000039890ED2F1A90ED450A80EE010AB0F832
:10C0C000C41001EE101AB8EEC11A20EE010A80ED7C
:10C0D000460A5BE0039890ED2F1A90ED450A80EE3A
:10C0E000010AB0F8C41001EE101AB8EEC11A20EE21
:10C0F000010A80ED460A49E0039901F154000290DB
:10C1000091ED440A01F014FE0298039991ED370A6B
:10C1100001F0BEFF029801F023FE029801F0B0FF8B
:10C12000039880ED460A31E00399081D009091EDD7
:10C13000430A01F0FDFD0098039991ED360A01F0E4
:10C14000A7FF009801F00CFE009801F099FF0399F9
:10C1500081ED440A01F15400019091ED440A01F08F
:10C16000E7FD0198039991ED370A01F091FF0198DD
:10C1700001F0F6FD019801F083FF039880ED460A77
:10C1800004E003990020C1F81801FFE7039800F0CC
:10C190008BF806B080BD000080B584B00390039991
:10C1A0000291D1F8C800D1F8CC10884212D1FFE733
:10C1B0000298002180F8D01004309FED0C0A8DED1C
:10C1C000010A01F0C1FD02989DED010A543001F011
:10C1D000BBFD04E00299012081F8D000FFE702993D
:10C1E000D1F8C800C1F8CC0004B080BD0000000048
:10C1F00080B586B0059004918DF80F208DF80E3033
:10C200008DED020ACDED010A0598009004980068B2
:10C210004AF20001C4F20001884208D1FFE7009908
:10C2200040F28820C2F20040C1F8B00023E0049838
:10C2300000684AF20041C4F20001884208D1FFE7D9
:10C24000009940F22830C2F20040C1F8B00011E07D
:10C25000049800684DF20041C4F20001884208D100
:10C26000FFE7009940F28830C2F20040C1F8B00008
:10C27000FFE7FFE7FFE700999DF80F0081F8B400A2
:10C280009DF80E0081F800010298C1F8B8000198ED
:10C29000C1F8BC0004989DF80F10F9F7B1FA0099A5
:10C2A000C1F8AC0006B080BD81B00090009991ED5E
:10C2B000460ABDEEC00A10EE100A000AD1F8AC2002
:10C2C000107091ED460ABDEEC00A10EE100AD1F8CA
:10C2D000AC10487001B0704780B582B001900198F1
:10C2E00000904FF20061C0F6010108310160043096
:10C2F00001F0DAFE0098543001F0D6FE00980021DB
:10C30000C0F8A81080F8C0104FF40052A0F8C22066
:10C310004FF48042A0F8C420C0F8C810C0F8CC1078
:10C3200080F8D010032280F80021C0F80411C0F872
:10C330000811C0F80C11C0F81011C0F81411C0F8A1
:10C34000181102B080BD000080B588B00790079832
:10C35000029000682C300390039801300DF1160113
:10C36000FAF79AFA0299039AD0781279000140EA12
:10C370001210ADF8140003980279407902F00F0210
:10C3800040EA0220ADF812000398007881F83000EE
:10C39000BDF81600B1F84820801A06900698096A80
:10C3A00001EBD1720021A1EB6201884205DAFFE7BF
:10C3B0000299086D013008650EE002990698096A35
:10C3C00001EBD171B0EB610F05DDFFE70299086D5C
:10C3D00001380865FFE7FFE702994A690B6A086DB3
:10C3E000BDF816C000FB03C01044C86491ED081AE4
:10C3F00091ED130AB8EEC00AB8EEC11A80EE010A38
:10C4000030EE000A9FED1F1A20EE010A81ED0D0AA1
:10C41000BDF81400D1ED060AB1EE600A00210091CA
:10C4200040F6FF720192F9F7F7FB0099019A029B1F
:10C4300083ED0E0ABDF81200D3ED070AB1EE600AD3
:10C44000F9F7EAFB029981ED0F0A0398807900EE73
:10C45000100AB8EEC00A9FED0C1A30EE010A81ED09
:10C46000100A0398C07900EE100AB8EEC00A30EE48
:10C47000010A81ED110ABDF81600A1F8480008B0C4
:10C4800080BD00BFDB0F49403393884300000000AC
:10C4900081B00090009890ED0D0A01B07047000047
:10C4A00081B00090009890ED0E0A01B07047000036
:10C4B00082B001908DED000A01990098086602B0E3
:10C4C000704700000000000082B001908DED000A6E
:10C4D00001990098486602B0704700000000000013
:10C4E00080B584B00390029103980090416A0131B5
:10C4F0004162C068019001A8F9F79AF8009880EDB0
:10C50000040AFFF721FF04B080BD00000000000016
:10C5100081B00090009890F82C0001B070470000A6
:10C5200082B001908DF8031001999DF8030081F805
:10C53000540002B07047000082B001908DF80310E3
:10C5400001999DF8030081F8550002B07047000082
:10C5500080B586B0059005990491486A896A884239
:10C5600005D1FFE70499002081F82C0004E004992C
:10C57000012081F82C00FFE7049890F85400014650
:10C58000039120B1FFE70398012851D0A1E004985E
:10C5900090F8550001460291042848D80299DFE836
:10C5A00001F003101D2A3800049908680068097911
:10C5B000F03140F21302C2F200420823E4F780FA9D
:10C5C00035E00499086800680979F03140F21302F7
:10C5D000C2F200420823E4F773FA28E004990868DD
:10C5E00000680979F03140F21302C2F200420823D8
:10C5F000E4F766FA1BE0049908680068097901F518
:10C60000F87140F21302C2F200420823E4F758FA2C
:10C610000DE0049908680068097901F53C7140F261
:10C620001302C2F200420823E4F74AFAFFE750E09F
:10C63000049890F8550001460191042848D80199C2
:10C64000DFE801F003101D2A38000499086800682B
:10C650000979F03140F20B02C2F200420823E4F7FC
:10C660002FFA35E00499086800680979F03140F242
:10C670000B02C2F200420823E4F722FA28E00499F0
:10C68000086800680979F03140F20B02C2F20042FA
:10C690000823E4F715FA1BE0049908680068097993
:10C6A00001F5F87140F20B02C2F200420823E4F7F0
:10C6B00007FA0DE0049908680068097901F53C71F2
:10C6C00040F20B02C2F200420823E4F7F9F9FFE757
:10C6D000FFE70499486A886206B080BD0000000048
:10C6E00080B596B015901598079041F20401CEF2EE
:10C6F00000010968C16090F85500014608910428BE
:10C7000000F2C4810899DFE811F005009C002501C2
:10C71000A201B301079890ED180ADFEDDE0A9FED44
:10C72000DE1A002006904FF6FF71F9F745FA0799D7
:10C7300002460698ADF8522091ED061A91ED190ABD
:10C74000F1EE410A40F6FF710591F9F735FA0599C6
:10C75000079A03460698ADF8503092ED160ADFEDC1
:10C76000CF0ACDED040A9FEDCE1AF9F725FADDEDDB
:10C77000040A0599079A03460698ADF84E3092EDE3
:10C78000170AB1EE041AF9F717FA0599079A034642
:10C790000698ADF84C3092ED071A92ED1A0AF1EEB8
:10C7A000410AF9F709FAADF84A000DF15200FAF71B
:10C7B00063F8079A9168BDF852000880BDF85000F0
:10C7C00000098DF8490091689DF849008870BDF80E
:10C7D00050109DF84F0040EA01108DF84800916814
:10C7E0009DF84800C8709DF84E008DF8470091688C
:10C7F0009DF847000871BDF84C0000098DF846000F
:10C8000091689DF846004871BDF84C109DF84B00AA
:10C8100040EA01108DF8450091689DF84500887147
:10C820009DF84A008DF8440091689DF84400C87155
:10C83000106800681179F03192680823E4F740F934
:10C8400025E1079890ED180ADFED920A9FED921A04
:10C85000002003904FF6FF71F9F7AEF907990246F1
:10C860000398ADF8422091ED061A91ED190AF1EE08
:10C87000410A40F6FF710291F9F79EF90299079A71
:10C8800003460398ADF84030ADF83E0092ED170A2C
:10C89000DFED820AB1EE041AF9F78EF90299079AD0
:10C8A00003460398ADF83C3092ED071A92ED1A0A50
:10C8B000F1EE410AF9F780F9ADF83A000DF14200C6
:10C8C000F9F7DAFF079A9168BDF842000880BDF8D1
:10C8D000400000098DF8390091689DF83900887092
:10C8E000BDF840109DF83F0040EA01108DF8380077
:10C8F00091689DF83800C8709DF83E008DF83700AB
:10C9000091689DF837000871BDF83C0000098DF86A
:10C91000360091689DF836004871BDF83C109DF8CE
:10C920003B0040EA01108DF8350091689DF8350014
:10C9300088719DF83A008DF8340091689DF83400B4
:10C94000C871106800681179F03192680823E4F723
:10C95000B7F89CE0079890ED180ADFED4E0A9FEDBE
:10C960004E1A002001904FF6FF71F9F725F907994B
:10C9700002460198ADF8322091ED061A91ED190AA0
:10C98000F1EE410A40F6FF710091F9F715F90099AF
:10C99000079A03460198ADF83030ADF82E00ADF897
:10C9A0002C0092ED071A92ED1A0AF1EE410AF9F7FE
:10C9B00003F9ADF82A000DF13200F9F75DFF079A8F
:10C9C0009168BDF832000880BDF8300000098DF88C
:10C9D000290091689DF829008870BDF830109DF8F5
:10C9E0002F0040EA01108DF8280091689DF828007A
:10C9F000C8709DF82E008DF8270091689DF82700DB
:10CA00000871BDF82C0000098DF8260091689DF88A
:10CA100026004871BDF82C109DF82B0040EA01104B
:10CA20008DF8250091689DF8250088719DF82A00F1
:10CA30008DF8240091689DF82400C8711068006882
:10CA40001179F03192680823E4F73AF81FE0079A69
:10CA50009168106E08609168506E486010680068B8
:10CA6000117901F5F87192680823E4F729F80EE0CE
:10CA7000079A9168506E086010680068117901F596
:10CA80003C7192680423E4F71BF800E0FFE716B05E
:10CA900080BD00BFDB0F49C0DB0F49400000000034
:10CAA0000000FA430000000080B586B0DDF820C029
:10CAB000059004918DF80F208DF80E308DED020A4F
:10CAC000CDED010A05980090049800684AF2000133
:10CAD000C4F20001884207D1FFE7009940F28820A4
:10CAE000C2F20040086010E0049800684AF2004179
:10CAF000C4F20001884207D1FFE7009940F22830D4
:10CB0000C2F200400860FFE7FFE700999DF80F00C0
:10CB100008719DF80E0081F8550008984861029848
:10CB200088610198C86104989DF80F10F8F7D0FD4E
:10CB30000099886006B080BD81B000900098002107
:10CB4000C16001614FF4803202624162816280F80B
:10CB50002C1080F8541080F855108165C16501666D
:10CB60004166816601B0704780B586B00590059832
:10CB7000029090F8511000EBC102516801315160F0
:10CB800090F8510001460391042800F21E81039998
:10CB9000DFE801F003225074C3000298406DFCF7F7
:10CBA000FBFA0298406DBC30FFF776F8FAF750FBBD
:10CBB0000298406DB0F8100401EE100AB8EEC11AE8
:10CBC000B4EE410AF1EE10FA05DBFFE7029801210D
:10CBD00000F01AFCFFE7F8E00298406DFCF7DCFA81
:10CBE000029890F8511000EBC1004068642805D30A
:10CBF000FFE70298022100F007FC1AE00298406D5E
:10CC0000BC30FFF749F8FAF723FB0298406DB0F803
:10CC1000100401EE100AB8EEC11AB4EE410AF1EEAA
:10CC200010FA05DAFFE70298002100F0EDFBFFE7BC
:10CC3000FFE7CAE00298406DBC3003210191FFF785
:10CC400087F80298406DBC30FFF71EF802989FED00
:10CC5000611A30EE010A416D01F23C4181ED000A9A
:10CC6000416D01F1BC0001F23C4191ED000AFFF77A
:10CC700023F80298019900F0C7FBA6E00298406DE6
:10CC8000BC30FFF709F8FAF7E3FA0298406DB0F804
:10CC9000100401EE100AB8EEC11AB4EE410AF1EE2A
:10CCA00010FA1CDAFFE742F2F870C2F20040018885
:10CCB0000131018042F2FA72C2F200420021118079
:10CCC0000088C8280ADBFFE7029842F2F872C2F235
:10CCD00000420021118000F097FBFFE71CE042F2C8
:10CCE000F871C2F200410020088042F2FA70C2F2EC
:10CCF00000400188013101800088C8280BDBFFE774
:10CD0000029842F2FA72C2F200420021118004211C
:10CD100000F07AFBFFE7FFE757E00298406DFCF771
:10CD20003BFA0298406DBC300021FFF711F80298E1
:10CD3000406DBC309FED260A8DED000A01F004F82D
:10CD40009DED000A0298406D00F5867000F0FCFF32
:10CD50009DED000A0298406DBC30FFF725F902985E
:10CD6000406DBC30FEF790FF0298406D00F23C40F1
:10CD700080ED000AE9F71CFE01460298049190F844
:10CD8000511000EBC1004068012807D1FFE704986B
:10CD900042F2F471C2F200410860FFE7049842F2E7
:10CDA000F471C2F200410968401AB0F5FA6F0BD96C
:10CDB000FFE70298049942F2F472C2F20042116055
:10CDC000002100F021FBFFE7FFE706B080BD00BFB8
:10CDD00000000000920A86BE80B582B001900198E2
:10CDE000009000F05DFB009802B080BD00000000E4
:10CDF00080B584B003900398019090F8511000EB37
:10CE0000C10251680131516090F851000146029110
:10CE1000032800F2AF800299DFE801F0023A49925C
:10CE20000198406D00F53A70FFF702F9FAF710FA31
:10CE30000198406DB0F8120401EE100AB8EEC11A64
:10CE4000B4EE410AF1EE10FA15DBFFE70198406DF0
:10CE500000F53A70FFF7ECF8FAF7FAF99FED581A77
:10CE6000B4EE410AF1EE10FA05DCFFE7019801216A
:10CE700000F0CAFA0BE00198406D90F8300428B930
:10CE8000FFE70198032100F0BFFAFFE7FFE771E039
:10CE9000019890F8511000EBC10040681E2805D39E
:10CEA000FFE70198022100F0AFFAFFE762E040F2ED
:10CEB0007840C2F200400078B0B9FFE70198406DB9
:10CEC00090F8310401280FD1FFE70198406DFCF77D
:10CED0003FF80146019840F27842C2F200421170D8
:10CEE000002100F091FA2AE040F27840C2F20040BE
:10CEF0000078012815D1FFE70198406D90F83104C2
:10CF000078B9FFE70198406DFCF722F801460198D7
:10CF100040F27842C2F200421170002100F074FA2F
:10CF20000CE0019890ED160AB2EE041A30EE010AF8
:10CF300080ED160A002100F067FAFFE7FFE719E02D
:10CF40000198406D00F53A70FFF782F8FAF780F922
:10CF50000198406D00F2144090ED001AB4EE410AC1
:10CF6000F1EE10FA05DBFFE70198002100F04CFA22
:10CF7000FFE7FFE7019890ED160AB5EE400AF1EEE3
:10CF800010FA17DDFFE70198406DD0F8B400FDF707
:10CF9000D7FA0146019800EE101AB8EEC00A9FEDCC
:10CFA000091A80EE011A90ED160A30EE010A80EDA2
:10CFB000160A03E0019900208865FFE704B080BDF0
:10CFC00000401C4600007AC480B582B001900198F0
:10CFD000009000F065FA009802B080BD00000000EB
:10CFE00081B0009000984DF20A71C3F623410160B0
:10CFF0000021C4F2FA31416043F23331C3F6537178
:10D00000816001B07047000081B00090009800F688
:10D01000F83090ED000A01B07047000000000000F9
:10D0200081B00090009800F69C3090ED000A01B0AD
:10D03000704700000000000081B00090009800F5EB
:10D040003A6090ED000A01B0704700000000000057
:10D0500082B001908DED000A01990098C1F89C0BF7
:10D0600002B070470000000082B001908DED000A10
:10D0700001990098C1F8A00B02B0704700000000B1
:10D0800081B00090009800F53F6090ED000A01B07B
:10D09000704700000000000081B00090009800F68A
:10D0A000F43090ED000A01B070470000000000006D
:10D0B00081B00090009890F8EC0B01B07047000030
:10D0C00082B001908DF8031001999DF8030081F85A
:10D0D000EC0B02B07047000080B58AB00890089849
:10D0E00005900990FBF744FC05981C30FBF740FCC9
:10D0F00005983830FBF73CFC05985430FDF760FA92
:10D10000059800F58670FFF76BFF059901F5FE7035
:10D1100001F26C6106910790FFE707980490FFF712
:10D12000DBF80498069A00F58E7108469142079044
:10D13000F3D1FFE7059901F26C6001F64C310291E1
:10D140000390FFE70398019000F002F90198029A1A
:10D1500000F59C71084691420390F3D1FFE70598D2
:10D1600000F64C3000F0A0FF05994FF07C50C1F85C
:10D17000A80B4FF08140C1F8AC0B46F20000C4F29E
:10D18000EA60C1F8B00B4FF08D40C1F8B40B00203D
:10D19000C1F8B80BC1F8D80BC1F8DC0BC1F8E00B33
:10D1A000C1F8E40BC1F8E80B81F8EC0BC1F8F00B07
:10D1B000C1F8F40BC1F8F80BC1F8FC0BC1F8000C76
:10D1C000C1F8040C09980AB080BD000000000000FE
:10D1D00080B582B001900198009000F061F900984C
:10D1E00002B080BD0000000080B588B007900798AD
:10D1F000059090F8000101460691062800F29D80F6
:10D200000699DFE801F0041628409A9A6D00059807
:10D2100090ED2F1A90ED450A80EE010AB0F8C41087
:10D2200001EE101AB8EEC11A20EE010A80ED460A8E
:10D2300088E0059890ED2F1A90ED450A80EE010ADE
:10D24000B0F8C41001EE101AB8EEC11A20EE010AAF
:10D2500080ED460A76E0059901F15400049091EDC5
:10D26000440A00F065FD0498059991ED370A00F035
:10D270000FFF049800F074FD049800F001FF05987A
:10D2800080ED460A5EE00599081D029091ED430A83
:10D2900000F04EFD0298059991ED360A00F0F8FE77
:10D2A000029800F05DFD029800F0EAFE059981ED1C
:10D2B000440A01F15400039091ED440A00F038FD56
:10D2C0000398059991ED370A00F0E2FE039800F00B
:10D2D00047FD039800F0D4FE059880ED460A31E042
:10D2E0000599081D009091ED430A00F021FD00987A
:10D2F000059991ED4A0A00F0CBFE009800F030FD50
:10D30000009800F0BDFE059981ED440A01F154003A
:10D31000019091ED440A00F00BFD0198059991ED03
:10D32000370A00F0B5FE019800F01AFD019800F0F0
:10D33000A7FE059880ED460A04E005990020C1F893
:10D340001801FFE70598FEF7AFFF08B080BD0000A9
:10D3500080B582B0019001980090FEF7BDFF009863
:10D360004FF20C61C0F60101083101600021C0F8E4
:10D370002811C0F82C11C0F83011C0F8341102B0D7
:10D3800080BD00000000000080B582B001900198CF
:10D39000009000F085F80098002180F8521002B04B
:10D3A00080BD00000000000081B00090009840F2B5
:10D3B0000111018001B0704781B0009000984FF4D6
:10D3C0008171018001B0704781B00090009840F2F7
:10D3D0000311018001B0704781B0009000984FF4B4
:10D3E0008271018001B0704781B0009000984FF4C5
:10D3F0008071018001B0704781B0009000984FF4B7
:10D400008871018001B0704782B001908DF80310DF
:10D41000019991F85120002001F8320091F8512033
:10D4200001EBC20250609DF80320012001F8320098
:10D430009DF8030081F8510002B070470000000021
:10D4400084B003908DF80B108DF80A200399009199
:10D450009DF80B0081F850009DF80A0081F85100FA
:10D4600000200190FFE70099019891F85010884240
:10D470000EDAFFE70099019A002001F83200019AC4
:10D4800001EBC2014860FFE7019801300190EAE733
:10D4900000999DF80A20012001F8320004B070477D
:10D4A00081B000900098002180F8511001B07047C1
:10D4B00084B0039002918DF80720ADF80430BDF8D8
:10D4C000040002990968C96A884206D9FFE70298F0
:10D4D0000068C06AADF80400FFE7BDF80400B0F1D1
:10D4E000FF3F04DCFFE70020ADF80400FFE79DF8F4
:10D4F0000700014600910C2821D80099DFE801F0CF
:10D50000071F1F1F0D1F1F1F131F1F1F1900BDF80F
:10D51000040002990968486311E0BDF8040002990B
:10D52000096888630BE0BDF8040002990968C863C4
:10D5300005E0BDF80400029909680864FFE704B03B
:10D54000704700000000000081B00090009890ED4E
:10D55000410A01B07047000081B00090009890ED42
:10D560003F0A01B07047000081B00090009890ED34
:10D57000400A01B07047000084B00390029101920C
:10D580000093009890ED002A90ED014A90ED026A18
:10D5900090ED035AB6EE001AB0EE417AA6EE467A46
:10D5A000A5EE457A029822EE050A94EE060AD0ED21
:10D5B000000AD0ED011A90ED023A20EE210AA7EE02
:10D5C000200A22EE062AA4EE052AA2EE030A30EE75
:10D5D000000A019880ED000A009890ED002A90ED75
:10D5E000016A90ED024A90ED035A22EE057AA6EE0A
:10D5F000047A0298B0EE410AA6EE460AA5EE450A64
:10D60000D0ED000AD0ED011A90ED023A20EE210A89
:10D61000A7EE200A22EE062A94EE052AA2EE030ABD
:10D6200030EE000A019880ED010A009890ED000AA2
:10D6300090ED014A90ED023A90ED032A20EE035A54
:10D6400094EE025A029820EE040AA3EE020A90ED2C
:10D65000006A90ED017A90ED022A20EE070AA5EE0D
:10D66000060AA4EE441AA3EE431AA1EE020A30EE13
:10D67000000A019880ED020A04B070470000000023
:10D6800084B00390029101920093009890ED002ADB
:10D6900090ED014A90ED026A90ED035AB6EE001A41
:10D6A000B0EE417AA6EE467AA5EE457A029822EED1
:10D6B000050AA4EE060AD0ED000AD0ED011A90ED9D
:10D6C000023A20EE210AA7EE200A22EE062A94EE64
:10D6D000052AA2EE030A30EE000A019880ED000A46
:10D6E000009890ED002A90ED016A90ED024A90EDCD
:10D6F000035A22EE057A96EE047A0298B0EE410AB9
:10D70000A6EE460AA5EE450AD0ED000AD0ED011AB4
:10D7100090ED023A20EE210AA7EE200A22EE062A18
:10D72000A4EE052AA2EE030A30EE000A019880ED6D
:10D73000010A009890ED000A90ED014A90ED023A3E
:10D7400090ED032A20EE035AA4EE025A029820EE2E
:10D75000040A93EE020A90ED006A90ED017A90EDD2
:10D76000022A20EE070AA5EE060AA4EE441AA3EE4A
:10D77000431AA1EE020A30EE000A019880ED020A77
:10D7800004B070470000000080B586B00590059891
:10D79000029042F2FC72C2F2004211780131117023
:10D7A00000F56F70F7F744FF029981EDED0A91EDF6
:10D7B000ED1A91EDEE0A30EE010A81EDEE0A01F16B
:10D7C000280001F53C71FCF7A3FF0298D0F8F01295
:10D7D000C0F8A810D0F8F412C0F8AC10D0F8F812C5
:10D7E000C0F8B010D0F8FC12C0F89C10D0F80013AC
:10D7F000C0F8A010D0F80413C0F8A41090ED270AC8
:10D80000D0ED280A90ED291AD0ED2A1A90ED2B2A96
:10D81000D0ED2C2A90EDED3A00F58870F9F7A4F8D8
:10D820000298D0F86012D0F86422D0F86832D0F8AC
:10D830006CC2C0F898C0C0F89430C0F8902003467D
:10D8400043F88C1F039300F5567100F1D002FFF7E7
:10D8500093FE0298039B00F5597100F1DC02FFF77B
:10D860008BFE0298039B00F55C7100F1E802FFF764
:10D8700083FE0298039B00F5697145F61802C2F217
:10D880000042FFF7FDFE00208DF81300FFE79DF832
:10D89000130002282CDCFFE702999DF8133001EBFE
:10D8A000830045F61802C2F2004202EB830292EDB9
:10D8B000002A90ED2A0A90ED2D1A30EE420A91EDE1
:10D8C000333A91EDED2A20EE020A33EE022A80EE81
:10D8D000020A21EE031A81EE021A30EE010A80EDEF
:10D8E0002D0AFFE79DF8130001308DF81300CEE7F5
:10D8F000029800F18C0300F1B40100F1C002FFF7BF
:10D900003BFE029800F028F942F2FC70C2F200409F
:10D9100000784BF65001C0F21E5145F62942CCF278
:10D920008F2200FB02104FEA7000884235D8FFE7D3
:10D93000029901F13800019091EDC30A00F0A8FBB3
:10D9400001989FED190A00F0F3F9019800F008FA28
:10D95000019800F095FBB5EE400AF1EE10FA0ADCF2
:10D96000FFE7029845F2AC31C2F200410C220023DD
:10D97000FFF79EFD10E00298383000F081FB02981E
:10D98000BDEEC00A10EE103A45F2AC31C2F20041D1
:10D990000C22FFF78DFDFFE7FFE70299012081F8D8
:10D9A000C40306B080BD00BF00002042000000009C
:10D9B00010B582B001900198009090F8C40300283F
:10D9C00061D0FFE7009890EDBC1A90EDC90AB4EE63
:10D9D000410AF1EE10FA1BD1FFE7009890EDBD1A55
:10D9E00090EDCA0AB4EE410AF1EE10FA10D1FFE749
:10D9F000009890EDBE1A90EDCB0AB4EE410AF1EE1C
:10DA000010FA05D1FFE70099002081F8880004E0B2
:10DA10000099012081F88800FFE70099D1F8F00211
:10DA2000D1F8F422D1F8F832D1F8FCC2D1F800E3F1
:10DA3000D1F80443C1F83843C1F834E3C1F830C326
:10DA4000C1F82C33C1F82823C1F82403D1F8080306
:10DA5000D1F80C23D1F81033D1F814C3D1F818E35E
:10DA6000D1F81C43C1F85043C1F84CE3C1F848C396
:10DA7000C1F84433C1F84023C1F83C03D1F8200376
:10DA8000C1F85403FFE702B010BD00000000000021
:10DA900080B584B003900399009101F1280001F54D
:10DAA0003C7245F22431C2F20041FDF7F9FE0098C4
:10DAB00000F55F71FDF7F0FF009800F58870B2EE99
:10DAC000040ADFED1D0ACDED010A9FED1C1AF7EEE9
:10DAD000001ADFED1B2ACDED022AB0EE622AF8F71C
:10DAE000DFFD0098DDED014A9DED025A44F29631CA
:10DAF000C3F60B41C0F8CC1038309FED120ADFEDB1
:10DB0000120A9FED122ADFED122A0021B0EE451A0B
:10DB1000F0EE451AB0EE453AF0EE453AB0EE454A21
:10DB200000F072FA45F2AC30C2F200400C21EEF780
:10DB30006FFD04B080BD00BF6F12833A00247449AA
:10DB400000000000000048430000FA430000484481
:10DB500000007A440000000080B586B0059005986A
:10DB6000039044F2B842C2F2004213685168013394
:10DB700041F1000113605160D0F8B812C0F80411EF
:10DB8000D0F8B412C0F80011D0F8B012C0F8FC10F0
:10DB9000D0F8C012C0F8081190EDDF2A90EDE01A1D
:10DBA00090EDE10A90EDE23A21EE000AA2EE030ABE
:10DBB00030EE000A21EE011AA2EE021AB0EE002A9F
:10DBC0008DED022AFFEE000ACDED010AE1EE020A18
:10DBD00001F0CAF9039880EDE30A90EDDF0A90EDB9
:10DBE000E01A90EDE13A90EDE22A20EE030A91EE80
:10DBF000020AB8EE001A20EE010A01F01FF9DDED6D
:10DC0000010A9DED022A039880EDE40A90EDDF3AC7
:10DC100090EDE04A90EDE10A90EDE21A20EE010A63
:10DC2000A3EE040A30EE000A21EE011AA3EE031A55
:10DC3000E1EE020A01F098F9039880EDE50A002070
:10DC40000490FFE70498022815DCFFE70398049985
:10DC500000EB810090EDE30A9FED081A20EE010A27
:10DC60009FED071A80EE010A80EDE60AFFE70498AF
:10DC700001300490E6E706B080BD00BF00003443E9
:10DC8000DA0F49400000000080B582B00190019891
:10DC90000090FDF711FF00982830FDF7F1FE009885
:10DCA000383000F001FA00984FF07E52C0F8582347
:10DCB0000021C0F85C13C0F86013C0F86413C0F80A
:10DCC0006823C0F86C13C0F87013C0F87413C0F860
:10DCD0007823C0F87C13C0F88013C0F88413C0F810
:10DCE0008813C0F88C13C0F89013C0F89413C0F8D0
:10DCF0009813C0F89C13C0F8A013C0F8A413C0F880
:10DD0000A8134FF2C352C4F21C12C0F8AC23002275
:10DD1000C4F22022C0F8B02380F8C01380F8C113E9
:10DD200080F8C21380F8C31380F8C41302B080BD1A
:10DD300082B001908DED000A01990098486402B00C
:10DD4000704700000000000082B001908DED000AD5
:10DD500001990098C86402B07047000000000000FC
:10DD600080B58AB009900998019000210891079127
:10DD70000691059190ED110A90ED121A30EE410ACC
:10DD80008DED040A9DED040AF9F76EFA01988DED08
:10DD9000030A9DED030A90ED011AB4EE410AF1EE7B
:10DDA00010FA07DAFFE70199886C486400200490B4
:10DDB0000390FFE7019890ED080A9DED041A20EE0C
:10DDC000010A8DED080A90ED0E0AB5EE400AF1EE5B
:10DDD00010FA0DD1FFE7019890ED0F0AB5EE400A59
:10DDE000F1EE10FA04D1FFE74FF07E50029044E0CC
:10DDF00001989DED030A90ED0E1AB4EE410AF1EE82
:10DE000010FA04DCFFE74FF07E50029026E0019804
:10DE100090ED0E0A9DED031AB4EE410AF1EE10FAF0
:10DE20001BDAFFE701989DED030A90ED0F1AB4EE9F
:10DE3000410AF1EE10FA10DAFFE7019890ED0E2A90
:10DE400090ED0F1A9DED030A31EE400A31EE421AB1
:10DE500080EE010A8DED020AFFE7FFE701989DEDD4
:10DE6000030A90ED0F1AB4EE410AF1EE10FA03DB4B
:10DE7000FFE700200290FFE7FFE7019890ED0C0A12
:10DE8000B5EE400AF1EE10FA10D0FFE7019901F16A
:10DE90004C0091ED092A91ED0C1AB1EE410A80EE89
:10DEA000020AC1EE020AF7F7EBFBFFE7019890EDDB
:10DEB000100AB5EE400AF1EE10FA18D1FFE701980A
:10DEC0009DED021A90ED002A90ED130A21EE021A40
:10DED0009DED042AA1EE020A80ED130A90ED090AD5
:10DEE00090ED131A20EE010A8DED070A28E0019843
:10DEF0009DED030A90ED101AB4EE410AF1EE10FA0E
:10DF000018DAFFE701989DED021A90ED002A90EDD6
:10DF1000130A21EE021A9DED042AA1EE020A80EDF9
:10DF2000130A90ED090A90ED131A20EE010A8DED07
:10DF3000070A04E001990020C8640790FFE7FFE7A3
:10DF40000198007A90B9FFE7019890ED001A90EDE2
:10DF5000063A90ED0A0A9DED042A32EE432A20EE9D
:10DF6000020A80EE010A8DED060A11E0019890ED9B
:10DF7000001A90ED053A90ED072A90ED0A0A32EE6C
:10DF8000432A20EE020A80EE010A8DED060AFFE721
:10DF9000019890ED042A90ED0B1A90ED110A30EEE5
:10DFA000420A20EE010A8DED050A9DED080A9DED5D
:10DFB000071A30EE010A9DED061A30EE010A9DEDBA
:10DFC000051A30EE010A80ED070A90ED0D0AB5EE54
:10DFD000400AF1EE10FA0AD0FFE7019901F11C00A6
:10DFE000D1ED0D0AB1EE600AF7F74AFBFFE70199A0
:10DFF000886CC860486C0861C86948610498886189
:10E000000AB080BD000000008EB002AA0092024655
:10E0100000980D9280ED0A0AC0ED090A80ED081AF9
:10E02000C0ED071A80ED062AC0ED052A80ED043AFE
:10E03000C0ED033A80ED024AC0ED014A80ED005A7E
:10E040008DF807100D990C9808620B9848620A9891
:10E0500088620998C862089808630798486303981B
:10E06000086002984860069888630598C863049819
:10E0700008649DF8070008720EB0704700000000A9
:10E0800081B00090009890ED070A01B07047000041
:10E0900082B001908DED000A01990098886402B069
:10E0A000704700000000000081B00090009800213F
:10E0B000C160016141618161C1610162416281624E
:10E0C000C162016341638163C1630164416481642E
:10E0D000C16401B07047000081B00090009890EDDD
:10E0E000110A01B07047000081B00090009890F8CC
:10E0F000600001B07047000081B00090009890F877
:10E10000540001B07047000081B00090009890F872
:10E11000550001B07047000080B582B08DED010A56
:10E120009DED010A01F076F802B080BD000000000C
:10E1300081B0ADF80200BDF9020000280ED4FFE75F
:10E14000BDF9021001F01F02012090404A094EF271
:10E150000011CEF2000141F82200FFE701B0704744
:10E160004EF60C50CEF200000068C0F3022070475B
:10E1700082B0ADF806000091BDF9060000280AD46F
:10E18000FFE700980001BDF906104EF20042CEF202
:10E19000000288540BE000980001BDF8061001F061
:10E1A0000F014EF61452CEF200028854FFE702B07F
:10E1B000704700000000000083B00290029800F059
:10E1C000070000904EF60C51CEF200010868019055
:10E1D00001984FF6FF02104001900198009A40EA22
:10E1E00002200022C0F2FA52104301900198086008
:10E1F00003B070470000000080B582B042F2307179
:10E20000C2F200410191002008609FED0B0ADFED92
:10E210000B0ACDED000A00F0A7FEDDED000A019823
:10E2200080ED010A9FED060A00F09EFE019880ED48
:10E23000020A02B080BD00BF583934BE0BEFF2BDF8
:10E240005839343E0000000080B582B042F23C7183
:10E25000C2F200410191002008609FED0B0ADFED42
:10E260000B0ACDED000A00F07FFEDDED000A0198FB
:10E2700080ED010A9FED060A00F076FE019880ED20
:10E28000020A02B080BD00BF583934BE0BEFF2BDA8
:10E290005839343E0000000080B582B042F2487127
:10E2A000C2F200410191002008609FED0B0ADFEDF2
:10E2B0000B0ACDED000A00F057FEDDED000A0198D3
:10E2C00080ED010A9FED060A00F04EFE019880EDF8
:10E2D000020A02B080BD00BF583934BE0BEFF2BD58
:10E2E0005839343E0000000080B582B042F25471CB
:10E2F000C2F200410191002008609FED0B0ADFEDA2
:10E300000B0ACDED000A00F02FFEDDED000A0198AA
:10E3100080ED010A9FED060A00F026FE019880EDCF
:10E32000020A02B080BD00BF583934BE0BEFF2BD07
:10E330005839343E0000000080B582B042F260716E
:10E34000C2F200410191002008609FED0B0ADFED51
:10E350000B0ACDED000A00F007FEDDED000A019882
:10E3600080ED010A9FED060A00F0FEFD019880EDA8
:10E37000020A02B080BD00BF583934BE0BEFF2BDB7
:10E380005839343E0000000080B59FED050AFFF7C4
:10E39000C3FE42F26C70C2F2004080ED000A80BD04
:10E3A0004DB6213E0000000080B59FED050AFFF745
:10E3B000B3FE42F27070C2F2004080ED000A80BDF0
:10E3C0004DB6213E0000000080B59FED050AFFF725
:10E3D000A3FE42F27470C2F2004080ED000A80BDDC
:10E3E0004DB6213E0000000080B59FED050AFFF705
:10E3F00093FE42F27870C2F2004080ED000A80BDC8
:10E400004DB6213E0000000080B59FED050AFFF7E4
:10E4100083FE42F27C70C2F2004080ED000A80BDB3
:10E420004DB6213E0000000080B542F60000C2F269
:10E430000040FBF761FB80BD4AF24000C4F20000DF
:10E44000006840F2E031C2F200410860704700000D
:10E4500089B008900791069208984068059007983F
:10E460004068049006984068039008990888498895
:10E470004843029002980190FFE70198A8B1FFE796
:10E480000598011D059190ED000A0498011D049165
:10E4900090ED001A30EE010A0398011D039180ED02
:10E4A000000A019801380190E7E700208DF8030089
:10E4B0009DF9030009B0704783B00290ADF80610D3
:10E4C000ADF804200093BDF8060002990880BDF85D
:10E4D00004000299488000980299486003B0704790
:10E4E000BBB0399038913998406837903898406877
:10E4F00036903998008834903998408833900020BD
:10E50000329031902B903698359034982C90FFE7CC
:10E510002C9858B3FFE734982C99401A2A90FFE7BB
:10E520002A9848B1FFE73599081D3590002008600A
:10E530002A9801382A90F3E73599081D35904FF055
:10E540007E5008602C9801382A90FFE72A9848B13D
:10E55000FFE73599081D3590002008602A9801389A
:10E560002A90F3E72C9801382C90D1E700202990CD
:10E57000FFE729983399884280F04B82FFE729987A
:10E580002F90399948684988299A01FB022100EBAC
:10E5900081003590359800683290299830902998FC
:10E5A00001302D90FFE72D983499884225D2FFE75E
:10E5B0003999486849882D9A299B01FB023100EB63
:10E5C000810035903598006831909DED310AB0EEAC
:10E5D000C00A9DED321AB0EEC11AB4EE410AF1EE56
:10E5E00010FA05DDFFE72D98309031983290FFE763
:10E5F000FFE72D9801302D90D5E79DED320AB5EE5D
:10E60000400AF1EE10FA76D0FFE730982999884257
:10E6100071D0FFE739984068259039984068249078
:10E6200039984088239023982999401A22902F984E
:10E630002399299A00FB0121259800EB8100259060
:10E6400030982399299A00FB0121249800EB81003E
:10E65000249000202790FFE727982299884213DA18
:10E66000FFE72598006826902498006825990A1DE0
:10E6700025920860269824990A1D24920860FFE7D5
:10E68000279801302790E7E7389840681F9038981E
:10E6900040681E90389840881D901D981C902F98B7
:10E6A0001D9941431F9800EB81001F9030981D99E0
:10E6B00041431E9800EB81001E9000202190FFE74F
:10E6C00021981C99884213DAFFE71F980068209070
:10E6D0001E9800681F990A1D1F92086020981E99B5
:10E6E0000A1D1E920860FFE7219801302190E7E79C
:10E6F00001202B90FFE72B9801280CD0FFE79DED20
:10E70000320AB5EE400AF1EE10FA04D1FFE7FB2021
:10E710008DF8EB00BCE19DED321AB7EE000A80EEF9
:10E72000010A8DED320A399840681A90399840886C
:10E73000199019982999401A18902F981999299A7F
:10E7400000FB01211A9800EB81001A9000201B9019
:10E75000FFE71B981899884210DAFFE79DED321AFF
:10E760001A98011D1A9190ED000A20EE010A80ED21
:10E77000000AFFE71B9801301B90EAE738984068D1
:10E780001690389840881590159814902F981599E0
:10E790004143169800EB8100169000201790FFE788
:10E7A00017981499884210DAFFE79DED321A1698EF
:10E7B000011D169190ED000A20EE010A80ED000A7D
:10E7C000FFE7179801301790EAE700202D90FFE748
:10E7D0002D982F99884280F08780FFE73999486803
:10E7E00049882D9A299B01FB023100EB810035906D
:10E7F000359800683290399840681290399840688E
:10E80000119039984088109010982999401A0F90CB
:10E8100012982D99109A514300EB8100299900EB31
:10E820008100129011982F99109A514300EB8100AA
:10E83000299900EB8100119000201390FFE71398B5
:10E840000F99884215DAFFE79DED321A1198011DE4
:10E85000119190ED002A1298011D129190ED000A7D
:10E86000A1EE420A80ED000AFFE7139801301390F1
:10E87000E5E7389840680D90389840680C903898D3
:10E8800040880B900B980A900D982D990B9A514344
:10E8900000EB81000D900C982F990B9A514300EBDF
:10E8A00081000C9000200E90FFE70E980A99884294
:10E8B00015DAFFE79DED321A0C98011D0C9190EDD1
:10E8C000002A0D98011D0D9190ED000AA1EE420A5B
:10E8D00080ED000AFFE70E9801300E90E5E7FFE7B4
:10E8E0002D9801302D9073E72F9801302D90FFE780
:10E8F0002D983499884280F08780FFE739994868DD
:10E9000049882D9A299B01FB023100EB810035904B
:10E910003598006832903998406808903998406876
:10E92000079039984088069006982999401A0590D2
:10E9300008982D99069A514300EB8100299900EB24
:10E940008100089007982F99069A514300EB8100A7
:10E95000299900EB8100079000200990FFE70998B2
:10E960000599884215DAFFE79DED321A0798011DD7
:10E97000079190ED002A0898011D089190ED000A7A
:10E98000A1EE420A80ED000AFFE7099801300990E4
:10E99000E5E73898406803903898406802903898C6
:10E9A000408801900198009003982D99019A514355
:10E9B00000EB8100039002982F99019A514300EBDC
:10E9C0008100029000200490FFE70498009988429B
:10E9D00015DAFFE79DED321A0298011D029190EDC4
:10E9E000002A0398011D039190ED000AA1EE420A4E
:10E9F00080ED000AFFE7049801300490E5E7FFE7A7
:10EA00002D9801302D9073E7FFE729980130299068
:10EA1000AFE500208DF8A3002B98012833D0FFE745
:10EA20009DED320AB5EE400AF1EE10FA2BD1FFE768
:10EA300039984068379000202E90FFE72E9834993F
:10EA4000339A5143884212D2FFE737982E9900EB50
:10EA5000810090ED000AB5EE400AF1EE10FA01D007
:10EA6000FFE704E0FFE72E9801302E90E6E72E98AE
:10EA70003499339A5143884204D1FFE7FB208DF843
:10EA8000A300FFE7FFE79DF8A3008DF8EB00FFE789
:10EA90009DF9EB003BB0704792B008AB009311902A
:10EAA00010910F92119840680E90109840680D9048
:10EAB000119840680C90109840680B900F9840682F
:10EAC0000A9011980088ADF81E0010984088ADF8A3
:10EAD0001C0011984088ADF81A0000200490BDF881
:10EAE0001E000390FFE70A98049900EB810009904B
:10EAF000BDF81C000590109840680D90FFE70020BD
:10EB000008900C980E90BDF81A000290FFE702984A
:10EB1000C8B1FFE700980E990A1D0E9291ED001AF8
:10EB20000D9991ED002A90ED000AA1EE020A80ED08
:10EB3000000ABDF81C100D9800EB81000D900298A2
:10EB400001380290E3E7089809990A1D09920860C4
:10EB50000598013805900B98BDF81C10059A891A84
:10EB600000EB81000D90FFE705980028C7D1FFE773
:10EB70000498BDF81C10084404900C98BDF81A10B5
:10EB800000EB81000C90039801380390FFE7039895
:10EB90000028A8D1FFE700208DF807009DF90700A5
:10EBA00012B070470000000089B0089007910692EB
:10EBB0000898406805900798406804900698406857
:10EBC0000390089908884988484302900298019068
:10EBD000FFE70198A8B1FFE70598011D059190EDA9
:10EBE000000A0498011D049190ED001A30EE410ACC
:10EBF0000398011D039180ED000A019801380190EE
:10EC0000E7E700208DF803009DF9030009B0704785
:10EC10008AB0099008910998406807900898406860
:10EC2000069009980088ADF8120009984088ADF860
:10EC30001000BDF81200029000200190FFE7069836
:10EC4000019900EB81000590BDF810000390FFE7EB
:10EC5000039880B1FFE70798011D079100680599A7
:10EC60000860BDF81210059800EB8100059003982C
:10EC700001380390ECE701980130019002980138C7
:10EC80000290FFE702980028D9D1FFE700208DF815
:10EC900003009DF903000AB0704700000000000067
:10ECA00080B582B000200190E7F79AFEF0F7A0FC53
:10ECB000EFF77EFAEFF73CF9EFF7BAF9EFF7F8F96B
:10ECC000EFF736FAEFF71CFBEFF756FBEFF798FC80
:10ECD000EFF7BAFDEFF76CFDEFF7FEFDEFF744FC41
:10ECE000EFF7FEFBEFF7B8FBEFF7D2FCEFF718FDFD
:10ECF000F1F7A2FBFFE7F1F713FCFCE74100080284
:10ED000018BF04200A0E18BF40F001004FF07F42E8
:10ED100032EA010108BF40F00200012808BF0520C7
:10ED20007047000010B510EE104A4FF01A402DED5C
:10ED3000028B00EB4400B0F1C85F4AD84FF0FC40B2
:10ED4000B0EB440F22D2B0EEC00AF7EE000A30EE6C
:10ED5000C00AF6EE000A20EE208A18EE100A00F033
:10ED60008DFA00EE100A14F0004F1DBF9FED281A17
:10ED7000DFED280AB1EE400A9FED271A08BFF0EE3A
:10ED8000410AF8EE001A20EE210A05E020EE008A82
:10ED90009FED221ADFED220ADFED221A9FED222AD3
:10EDA00070EEC00A20EE080A08EE212ADFED1F1AD5
:10EDB00048EE021A9FED1E2A08EE212ADFED1D1AE9
:10EDC00048EE021ABDEC028B40EE610A30EE810A79
:10EDD00010BD4FF0CC40B0EB440F82BF9FED160A40
:10EDE000BDEC028B10BD4FF07F40B0EB440F05D25D
:10EDF000BDEC028BBDE8104000F029BA0120E1F71C
:10EE00000FFDBDEC028BBDE8104000F027BA0000FA
:10EE10000000494022AA7D3A000000000000C93FDE
:10EE200022AAFD3924FE1C3DC78AD83C1E67383D06
:10EE30001B93993DAFAA2A3EDB0FC93F10B54FF097
:10EE40000E402DED028BB0EE408A18EE104A00EB1A
:10EE50004400B0F1506F4AD84FF0FC40B0EB440F83
:10EE600022D2B0EEC80AF7EE000A30EEC00AF6EE83
:10EE7000000A60EE208A18EE900A00F0FFF901EE19
:10EE8000100A14F0004F1DBFDFED2D0A9FED2D0A73
:10EE9000B1EE411ADFED2C0A08BF9FED2C0AF8EE07
:10EEA000001A21EE218A05E0DFED290A68EE088AC2
:10EEB000B0EE600A9FED271ADFED271A30EE080A40
:10EEC00048EE811A9FED251A08EEA11ADFED241AEB
:10EED00048EE811A9FED231A08EEA11A68EE281A4F
:10EEE000BDEC028B01EE810A30EE200A10BD4FF01E
:10EEF000E440B0EB440F0CD918EE100AFFF7FEFE09
:10EF0000042808BF00F0B2F9B0EE480ABDEC028B4D
:10EF100010BD4FF07F40B0EB440F07D2B0EE480A6F
:10EF2000BDEC028BBDE8104000F091B90120E1F783
:10EF300077FCBDEC028BBDE8104000F08FB90000FB
:10EF40000000C9BF22AAFDB90000C93F22AAFD39AD
:10EF50000000000024FE1C3DC78AD83C1E67383DD7
:10EF60001B93993DAFAA2A3E70B54FF068422DED34
:10EF7000048BF0EE408A18EE900AB0EE608A18EE2C
:10EF8000101A02EB4003B3F1654F3CBF02EB4102A4
:10EF9000B2F1654F7DD200BFC0F3C753C1F3C75272
:10EFA0009A1A1B2A09DD10F0004F14BF9FED830A47
:10EFB0009FED830ABDEC048B70BD12F11A0F36DA97
:10EFC00011F0004F09D010F0004F0CBF9FED7D0AEB
:10EFD0009FED7D0ABDEC048B70BD88EE889A19EE1A
:10EFE000100AFFF78BFE042808BF00F03FF918EE67
:10EFF000900AFFF783FE054618EE100AFFF77EFE23
:10F00000044619EE100AFFF779FE042D18BF052DEE
:10F0100008D1042C18BF052C04D1002804BF0220FD
:10F02000E1F7FEFBB0EE490ABDEC048B70BD420077
:10F03000B2EB410F3AD910F0004F19BFDFED630A70
:10F040009FED630ADFED630A9FED630AB0EE481A95
:10F050000A46B1EE688A80F00041F0EE418A10461F
:10F060000A1A5200B2F1807F34D2484010F0004FAB
:10F07000DFED5A1A9FED5A2A1DBFBEEE001A70EE40
:10F08000E10A30EE420AB6EE001A08BF70EEA10A9D
:10F0900000E040E008BF30EE020AB0EE682A01EE60
:10F0A000482A08EE818AC2EE081A15E011F0004FD6
:10F0B00004BF9FED4C0AF0EE400AD1D010F0004F93
:10F0C00019BFDFED490A9FED490ADFED490A9FEDBF
:10F0D000490AC5E7C8EE881A21EEA11A9FED462A13
:10F0E000DFED462A41EE022A9FED452A01EE222A53
:10F0F000DFED442A41EE022A9FED432ABDEC048B4A
:10F1000001EE222A21EE811A01EE020A30EE210AD6
:10F1100030EE200A70BD4FF07F42B2EB400F28BFA7
:10F12000B2EB410F09D2F0EE480AB0EE680ABDEC2E
:10F13000048BBDE8704000F08DB840EA01035B002D
:10F1400008BF41F0FF410BD0B2EB400F08BFB2EB5C
:10F15000410F08D120F0804008EE900A21F0804154
:10F1600008EE101A18E7B2EB400F12BF5FEA410336
:10F1700040F0FF4001F000413FF40EAFB2EB410F11
:10F1800012BF5FEA400200F0004041F0FF413FF44F
:10F1900003AF4A0092EA40033FF5FEAE002AACBF3F
:10F1A0009FED1A0A9FED1A0A68EE808A28EE008AFF
:10F1B00018EE900A18EE101AEEE60000DB0FC9BF39
:10F1C000DB0FC93FDB0F4940DB0F49C00000C9BF5F
:10F1D00022AAFDB90000C93F22AAFD390060ED3E18
:10F1E000C30ACE3700000000000049C022AA7DBA41
:10F1F0000000494022AA7D3A2DAD65BD8FB8D53DAE
:10F200000FB511BE61C84C3EA8AAAABE0000804F2F
:10F210000000802F10B52DED028BB1EEC08A18EEE4
:10F22000100A20F00040C0F1FF40C00F0AD010EEDD
:10F23000100A20F00040C0F1FF40C00F04BF0120C1
:10F24000E1F7EEFAB0EE480ABDEC028B10BD30EEED
:10F25000000A704730EE200A70470000DFED020A16
:10F2600080EEA00A70470000000000009FED020A37
:10F2700020EE000A704700000000001010B500EEFC
:10F28000100A2DED028BB1EEC08A18EE100A20F0A4
:10F290000040C0F1FF40C00F0AD010EE100A20F06D
:10F2A0000040C0F1FF40C00F04BF0120E1F7B8FAF1
:10F2B00018EE100ABDEC028B10BDF1EE100A4FF6ED
:10F2C000FF71C0F2C03120EA010040F04070E1EE71
:10F2D000100A70470000000000000000000000005D
:10F2E000000000000000000001000000020000001B
:10F2F0000300000004000000000000000500000002
:10F3000000000000000000000000000006000000F7
:10F3100000000000000000000000000007000000E6
:10F3200000000000010203040102030406070809AB
:10F330000001020304050607080C101418203040D1
:10F340000006101600061016080402040801010148
:10F350000101010307010000010002000400060092
:10F3600008000A000C00100020004000800000018E
:10F370000000803F000000000000000000000000CE
:10F380000000000000000000000000000000803FBE
:10F39000000000000000000000000000000000006D
:10F3A00000000000000000000000803F000000009E
:10F3B000000000000000000000000000000000004D
:10F3C000000000000000803F00000000000000007E
:10F3D000000000000000000000000000000000002D
:10F3E0000000803F0000000000000000000000005E
:10F3F0000000000000000000000000000000803F4E
:10F400000000891112239B322446AD573665BF7424
:10F41000488CC19D5AAFD3BE6CCAE5DB7EE9F7F8D4
:10F420008110080193331A22A5562C47B7753E6404
:10F43000C99C408DDBBF52AEEDDA64CBFFF976E8B4
:10F4400002218B30100299132667AF763444BD55E4
:10F450004AADC3BC588ED19F6EEBE7FA7CC8F5D994
:10F4600083310A2091121803A7772E66B5543C45C4
:10F47000CBBD42ACD99E508FEFFB66EAFDD874C974
:10F4800004428D5316619F702004A9153227BB36A4
:10F490004CCEC5DF5EEDD7FC6888E1997AABF3BA54
:10F4A00085520C4397711E60A1142805B3373A2684
:10F4B000CDDE44CFDFFD56ECE9986089FBBB72AA34
:10F4C00006638F7214409D512225AB343006B91764
:10F4D0004EEFC7FE5CCCD5DD6AA9E3B8788AF19B14
:10F4E00087730E6295501C41A3352A24B116380744
:10F4F000CFFF46EEDDDC54CDEBB962A8F99A708BF4
:10F50000088481951AA793B62CC2A5D33EE1B7F023
:10F510004008C919522BDB3A644EED5F766DFF7CD3
:10F52000899400859BB712A6ADD224C3BFF136E003
:10F53000C1184809D33B5A2AE55E6C4FF77D7E6CB3
:10F540000AA583B4188691972EE3A7F23CC0B5D1E3
:10F550004229CB38500AD91B666FEF7E744CFD5D93
:10F560008BB502A499961087AFF326E2BDD034C1C3
:10F57000C3394A28D11A580BE77F6E6EF55C7C4D73
:10F580000CC685D71EE597F42880A1913AA3B3B2A3
:10F59000444ACD5B5669DF78600CE91D722FFB3E53
:10F5A0008DD604C79FF516E4A9902081BBB332A283
:10F5B000C55A4C4BD7795E68E11C680DF33F7A2E33
:10F5C0000EE787F61CC495D52AA1A3B03882B19363
:10F5D000466BCF7A5448DD59622DEB3C700EF91F13
:10F5E0008FF706E69DD414C5ABB122A0B992308343
:10F5F000C77B4E6AD5585C49E33D6A2CF11E780FF3
:10F60000000000000000000091C0010800000000A0
:10F6100000000000E9D1010840AC037D0401410372
:10F62000057C00026D0D026D090243444320496EC2
:10F63000746572666163650043444320436F6E6680
:10F6400069670053544D6963726F656C65637472CA
:10F650006F6E6963730053544D3332205669727470
:10F6600075616C20436F6D506F727400A0F60108D5
:10F6700000000024D001000030030008A8F70108B2
:10F68000D00100245836010090030008955FFFFF69
:10F69000815FFFFF4D5FFFFF695FFFFF555FFFFF6A
:10F6A000480DE7416B3A58A08B3A828101FF015A1D
:10F6B000FC0812FD1E412D0108B1041AD1041AF9EB
:10F6C00004180A492E0108F12C0108610C510808A0
:10F6D0001250C347CDCCCC3D0409531C110B1AC8A2
:10F6E000421C112C90D003041BA11FB44E1C010816
:10F6F0000123A81FC11D0108691BB81914C11EC12F
:10F700001E010851041A31301A3908140902431332
:10F71000020125C03209041B01020B130524161037
:10F720000105240110090104240202052406170121
:10F730000705820308151009040133020A2E070584
:10F74000010240072A810711130A063202334001E1
:10F750001A12231302021E4083044057591B02034E
:10F760001513E10B1B08D9041A790413190C1B0893
:10F7700069040718040309041A0314FFFF0F16088D
:10F7800010820911160A15800B1610090C18010DAC
:10F790007D04017C160240AB0341100B05530806A3
:08F7A000580407701701321034
:04000005080002CD20
:00000001FF
